id,platform,product_id,name,current_price,original_price,rating,review_count,store_name,category,details,image_url,crawled_at,last_updated,detail_url,data_source,source_keyword,is_fallback,crawl_timestamp,search_keyword,pages_crawled
1.0,Amazon,AMZ_NOTEBOOK_0001,Canon Action Camera Camera Notebook Model 1,2014.0,2071.0,4.4,3854,,Cameras & Photography,"""{\""megapixels\"": \""40\"", \""sensor\"": \""CMOS\"", \""video\"": \""4K\""}""",https://images.amazon.com/notebook_1.jpg,2026-01-29 15:57:38,2026-01-30 16:56:38,,,,,,,
2.0,Amazon,AMZ_NOTEBOOK_0002,Sony Bridge Camera Notebook Model 2,1206.0,1479.0,3.6,48300,,Cameras & Photography,"""{\""megapixels\"": \""16\"", \""sensor\"": \""CMOS\"", \""video\"": \""4K\""}""",https://images.amazon.com/notebook_2.jpg,2026-01-29 15:57:38,2026-01-30 16:56:38,,,,,,,
3.0,Amazon,AMZ_NOTEBOOK_0003,Nikon Bridge Camera Notebook Model 3,1928.0,2156.0,3.6,45031,,Cameras & Photography,"""{\""megapixels\"": \""37\"", \""sensor\"": \""CMOS\"", \""video\"": \""4K\""}""",https://images.amazon.com/notebook_3.jpg,2026-01-29 15:57:38,2026-01-30 16:56:38,,,,,,,
4.0,Amazon,AMZ_NOTEBOOK_0004,Fujifilm Mirrorless Camera Notebook Model 4,2689.0,2977.0,3.9,43587,,Cameras & Photography,"""{\""megapixels\"": \""18\"", \""sensor\"": \""CMOS\"", \""video\"": \""4K\""}""",https://images.amazon.com/notebook_4.jpg,2026-01-29 15:57:38,2026-01-30 16:56:38,,,,,,,
5.0,Amazon,AMZ_NOTEBOOK_0005,Fujifilm Bridge Camera Notebook Model 5,1909.0,2174.0,4.5,38313,,Cameras & Photography,"""{\""megapixels\"": \""37\"", \""sensor\"": \""CMOS\"", \""video\"": \""4K\""}""",https://images.amazon.com/notebook_5.jpg,2026-01-29 15:57:38,2026-01-30 16:56:38,,,,,,,
6.0,Amazon,AMZ_NOTEBOOK_0006,Nikon Bridge Camera Notebook Model 6,1638.0,1900.0,3.7,21341,,Cameras & Photography,"""{\""megapixels\"": \""49\"", \""sensor\"": \""CMOS\"", \""video\"": \""4K\""}""",https://images.amazon.com/notebook_6.jpg,2026-01-29 15:57:38,2026-01-30 16:56:38,,,,,,,
7.0,Amazon,AMZ_NOTEBOOK_0007,Fujifilm Action Camera Camera Notebook Model 7,2243.0,2416.0,3.6,1284,,Cameras & Photography,"""{\""megapixels\"": \""34\"", \""sensor\"": \""CMOS\"", \""video\"": \""4K\""}""",https://images.amazon.com/notebook_7.jpg,2026-01-29 15:57:38,2026-01-30 16:56:38,,,,,,,
8.0,Amazon,AMZ_NOTEBOOK_0008,Nikon Bridge Camera Notebook Model 8,2788.0,2839.0,4.7,37327,,Cameras & Photography,"""{\""megapixels\"": \""24\"", \""sensor\"": \""CMOS\"", \""video\"": \""4K\""}""",https://images.amazon.com/notebook_8.jpg,2026-01-29 15:57:38,2026-01-30 16:56:38,,,,,,,
9.0,Amazon,AMZ_NOTEBOOK_0009,Panasonic Bridge Camera Notebook Model 9,2845.0,2987.0,4.3,27804,,Cameras & Photography,"""{\""megapixels\"": \""48\"", \""sensor\"": \""CMOS\"", \""video\"": \""4K\""}""",https://images.amazon.com/notebook_9.jpg,2026-01-29 15:57:38,2026-01-30 16:56:38,,,,,,,
10.0,Amazon,AMZ_NOTEBOOK_0010,Sony DSLR Camera Notebook Model 10,2840.0,3111.0,3.6,24819,,Cameras & Photography,"""{\""megapixels\"": \""30\"", \""sensor\"": \""CMOS\"", \""video\"": \""4K\""}""",https://images.amazon.com/notebook_10.jpg,2026-01-29 15:57:38,2026-01-30 16:56:38,,,,,,,
11.0,Amazon,AMZ_NOTEBOOK_0011,Fujifilm Mirrorless Camera Notebook Model 11,2999.0,3087.0,4.8,47096,,Cameras & Photography,"""{\""megapixels\"": \""33\"", \""sensor\"": \""CMOS\"", \""video\"": \""4K\""}""",https://images.amazon.com/notebook_11.jpg,2026-01-29 15:57:38,2026-01-30 16:56:38,,,,,,,
12.0,Amazon,AMZ_NOTEBOOK_0012,Sony Mirrorless Camera Notebook Model 12,1875.0,2047.0,4.6,36365,,Cameras & Photography,"""{\""megapixels\"": \""30\"", \""sensor\"": \""CMOS\"", \""video\"": \""4K\""}""",https://images.amazon.com/notebook_12.jpg,2026-01-29 15:57:38,2026-01-30 16:56:38,,,,,,,
13.0,Amazon,AMZ_NOTEBOOK_0013,Canon DSLR Camera Notebook Model 13,1328.0,1609.0,4.3,46071,,Cameras & Photography,"""{\""megapixels\"": \""26\"", \""sensor\"": \""CMOS\"", \""video\"": \""4K\""}""",https://images.amazon.com/notebook_13.jpg,2026-01-29 15:57:38,2026-01-30 16:56:38,,,,,,,
14.0,Amazon,AMZ_NOTEBOOK_0014,Nikon Action Camera Camera Notebook Model 14,2985.0,3080.0,3.9,15441,,Cameras & Photography,"""{\""megapixels\"": \""19\"", \""sensor\"": \""CMOS\"", \""video\"": \""4K\""}""",https://images.amazon.com/notebook_14.jpg,2026-01-29 15:57:38,2026-01-30 16:56:38,,,,,,,
15.0,Amazon,AMZ_NOTEBOOK_0015,Fujifilm DSLR Camera Notebook Model 15,2774.0,3046.0,4.6,19827,,Cameras & Photography,"""{\""megapixels\"": \""48\"", \""sensor\"": \""CMOS\"", \""video\"": \""4K\""}""",https://images.amazon.com/notebook_15.jpg,2026-01-29 15:57:38,2026-01-30 16:56:38,,,,,,,
16.0,Amazon,AMZ_NOTEBOOK_0016,Sony Bridge Camera Notebook Model 16,1971.0,2131.0,4.8,31587,,Cameras & Photography,"""{\""megapixels\"": \""42\"", \""sensor\"": \""CMOS\"", \""video\"": \""4K\""}""",https://images.amazon.com/notebook_16.jpg,2026-01-29 15:57:38,2026-01-30 16:56:38,,,,,,,
17.0,Amazon,AMZ_NOTEBOOK_0017,Canon Compact Camera Notebook Model 17,875.0,1015.0,3.6,47061,,Cameras & Photography,"""{\""megapixels\"": \""42\"", \""sensor\"": \""CMOS\"", \""video\"": \""4K\""}""",https://images.amazon.com/notebook_17.jpg,2026-01-29 15:57:38,2026-01-30 16:56:38,,,,,,,
18.0,Amazon,AMZ_NOTEBOOK_0018,Fujifilm Mirrorless Camera Notebook Model 18,2224.0,2470.0,3.7,47454,,Cameras & Photography,"""{\""megapixels\"": \""40\"", \""sensor\"": \""CMOS\"", \""video\"": \""4K\""}""",https://images.amazon.com/notebook_18.jpg,2026-01-29 15:57:38,2026-01-30 16:56:38,,,,,,,
19.0,Amazon,AMZ_NOTEBOOK_0019,Fujifilm Compact Camera Notebook Model 19,2162.0,2422.0,4.7,37217,,Cameras & Photography,"""{\""megapixels\"": \""18\"", \""sensor\"": \""CMOS\"", \""video\"": \""4K\""}""",https://images.amazon.com/notebook_19.jpg,2026-01-29 15:57:38,2026-01-30 16:56:38,,,,,,,
20.0,Amazon,AMZ_NOTEBOOK_0020,Nikon Bridge Camera Notebook Model 20,2949.0,3070.0,4.7,45362,,Cameras & Photography,"""{\""megapixels\"": \""48\"", \""sensor\"": \""CMOS\"", \""video\"": \""4K\""}""",https://images.amazon.com/notebook_20.jpg,2026-01-29 15:57:38,2026-01-30 16:56:38,,,,,,,
21.0,Amazon,AMZ_NOTEBOOK_0021,GoPro Action Camera Camera Notebook Model 21,712.0,948.0,3.8,1545,,Cameras & Photography,"""{\""megapixels\"": \""24\"", \""sensor\"": \""CMOS\"", \""video\"": \""4K\""}""",https://images.amazon.com/notebook_21.jpg,2026-01-29 15:57:38,2026-01-30 16:56:38,,,,,,,
22.0,Amazon,AMZ_NOTEBOOK_0022,Canon DSLR Camera Notebook Model 22,2762.0,2823.0,3.8,26456,,Cameras & Photography,"""{\""megapixels\"": \""41\"", \""sensor\"": \""CMOS\"", \""video\"": \""4K\""}""",https://images.amazon.com/notebook_22.jpg,2026-01-29 15:57:38,2026-01-30 16:56:38,,,,,,,
23.0,Amazon,AMZ_NOTEBOOK_0023,GoPro Action Camera Camera Notebook Model 23,2206.0,2266.0,3.9,17509,,Cameras & Photography,"""{\""megapixels\"": \""38\"", \""sensor\"": \""CMOS\"", \""video\"": \""4K\""}""",https://images.amazon.com/notebook_23.jpg,2026-01-29 15:57:38,2026-01-30 16:56:38,,,,,,,
24.0,Amazon,AMZ_NOTEBOOK_0024,GoPro Action Camera Camera Notebook Model 24,2880.0,3096.0,4.7,14536,,Cameras & Photography,"""{\""megapixels\"": \""43\"", \""sensor\"": \""CMOS\"", \""video\"": \""4K\""}""",https://images.amazon.com/notebook_24.jpg,2026-01-29 15:57:38,2026-01-30 16:56:38,,,,,,,
25.0,Amazon,AMZ_NOTEBOOK_0025,Sony Mirrorless Camera Notebook Model 25,2892.0,3047.0,3.6,17926,,Cameras & Photography,"""{\""megapixels\"": \""23\"", \""sensor\"": \""CMOS\"", \""video\"": \""4K\""}""",https://images.amazon.com/notebook_25.jpg,2026-01-29 15:57:38,2026-01-30 16:56:38,,,,,,,
26.0,Amazon,AMZ_NOTEBOOK_0026,Panasonic DSLR Camera Notebook Model 26,2770.0,3003.0,3.6,41992,,Cameras & Photography,"""{\""megapixels\"": \""47\"", \""sensor\"": \""CMOS\"", \""video\"": \""4K\""}""",https://images.amazon.com/notebook_26.jpg,2026-01-29 15:57:38,2026-01-30 16:56:38,,,,,,,
27.0,Amazon,AMZ_NOTEBOOK_0027,Nikon Compact Camera Notebook Model 27,1739.0,1972.0,3.6,48339,,Cameras & Photography,"""{\""megapixels\"": \""20\"", \""sensor\"": \""CMOS\"", \""video\"": \""4K\""}""",https://images.amazon.com/notebook_27.jpg,2026-01-29 15:57:38,2026-01-30 16:56:38,,,,,,,
28.0,Amazon,AMZ_NOTEBOOK_0028,Panasonic Mirrorless Camera Notebook Model 28,2614.0,2909.0,4.8,36523,,Cameras & Photography,"""{\""megapixels\"": \""50\"", \""sensor\"": \""CMOS\"", \""video\"": \""4K\""}""",https://images.amazon.com/notebook_28.jpg,2026-01-29 15:57:38,2026-01-30 16:56:38,,,,,,,
29.0,Amazon,AMZ_NOTEBOOK_0029,Sony Mirrorless Camera Notebook Model 29,1904.0,2006.0,4.1,36566,,Cameras & Photography,"""{\""megapixels\"": \""22\"", \""sensor\"": \""CMOS\"", \""video\"": \""4K\""}""",https://images.amazon.com/notebook_29.jpg,2026-01-29 15:57:38,2026-01-30 16:56:38,,,,,,,
30.0,Amazon,AMZ_NOTEBOOK_0030,GoPro Mirrorless Camera Notebook Model 30,1515.0,1636.0,4.9,19549,,Cameras & Photography,"""{\""megapixels\"": \""24\"", \""sensor\"": \""CMOS\"", \""video\"": \""4K\""}""",https://images.amazon.com/notebook_30.jpg,2026-01-29 15:57:38,2026-01-30 16:56:38,,,,,,,
31.0,JD.com,10000001,小米耳机 型号1 高性能版,6822.0,7017.0,3.7,29903,,,{},https://img.example.com/product_1.jpg,2026-01-27 22:27:11,2026-01-30 16:56:38,,,,,,,
32.0,JD.com,10000002,三星手表 型号2 高性能版,3110.0,6487.0,3.7,28624,,,{},https://img.example.com/product_2.jpg,2026-01-27 22:27:11,2026-01-30 16:56:38,,,,,,,
33.0,JD.com,10000003,三星手表 型号3 高性能版,4967.0,5164.0,4.2,47531,,,{},https://img.example.com/product_3.jpg,2026-01-27 22:27:11,2026-01-30 16:56:38,,,,,,,
34.0,JD.com,10000004,VIVO手表 型号4 高性能版,8123.0,5024.0,4.9,33223,,,{},https://img.example.com/product_4.jpg,2026-01-27 22:27:11,2026-01-30 16:56:38,,,,,,,
35.0,JD.com,10000005,戴尔手表 型号5 高性能版,7636.0,3953.0,4.6,1460,,,{},https://img.example.com/product_5.jpg,2026-01-27 22:27:11,2026-01-30 16:56:38,,,,,,,
36.0,JD.com,10000006,苹果手表 型号6 高性能版,5018.0,1126.0,4.5,18242,,,{},https://img.example.com/product_6.jpg,2026-01-27 22:27:11,2026-01-30 16:56:38,,,,,,,
37.0,JD.com,10000007,戴尔笔记本 型号7 高性能版,3701.0,7257.0,4.1,6152,,,{},https://img.example.com/product_7.jpg,2026-01-27 22:27:11,2026-01-30 16:56:38,,,,,,,
38.0,JD.com,10000008,苹果耳机 型号8 高性能版,8608.0,10430.0,3.9,29649,,,{},https://img.example.com/product_8.jpg,2026-01-27 22:27:11,2026-01-30 16:56:38,,,,,,,
39.0,JD.com,10000009,苹果平板 型号9 高性能版,2326.0,5010.0,4.8,28670,,,{},https://img.example.com/product_9.jpg,2026-01-27 22:27:11,2026-01-30 16:56:38,,,,,,,
40.0,JD.com,10000010,华为平板 型号10 高性能版,1958.0,6543.0,3.8,49791,,,{},https://img.example.com/product_10.jpg,2026-01-27 22:27:11,2026-01-30 16:56:38,,,,,,,
41.0,JD.com,10000011,联想笔记本 型号11 高性能版,7080.0,9530.0,4.8,18020,,,{},https://img.example.com/product_11.jpg,2026-01-27 22:27:11,2026-01-30 16:56:38,,,,,,,
42.0,JD.com,10000012,戴尔笔记本 型号12 高性能版,9116.0,10584.0,4.3,2347,,,{},https://img.example.com/product_12.jpg,2026-01-27 22:27:11,2026-01-30 16:56:38,,,,,,,
43.0,JD.com,10000013,VIVO手机 型号13 高性能版,9362.0,9081.0,4.3,43885,,,{},https://img.example.com/product_13.jpg,2026-01-27 22:27:11,2026-01-30 16:56:38,,,,,,,
44.0,JD.com,10000014,华为平板 型号14 高性能版,1380.0,8090.0,4.1,32164,,,{},https://img.example.com/product_14.jpg,2026-01-27 22:27:11,2026-01-30 16:56:38,,,,,,,
45.0,JD.com,10000015,联想手机 型号15 高性能版,7936.0,9194.0,3.7,38419,,,{},https://img.example.com/product_15.jpg,2026-01-27 22:27:11,2026-01-30 16:56:38,,,,,,,
46.0,JD.com,10000016,小米平板 型号16 高性能版,4569.0,5775.0,4.7,38480,,,{},https://img.example.com/product_16.jpg,2026-01-27 22:27:11,2026-01-30 16:56:38,,,,,,,
47.0,JD.com,10000017,VIVO平板 型号17 高性能版,8742.0,5767.0,4.4,19762,,,{},https://img.example.com/product_17.jpg,2026-01-27 22:27:11,2026-01-30 16:56:38,,,,,,,
48.0,JD.com,10000018,苹果耳机 型号18 高性能版,9312.0,8076.0,3.5,44083,,,{},https://img.example.com/product_18.jpg,2026-01-27 22:27:11,2026-01-30 16:56:38,,,,,,,
49.0,JD.com,10000019,华为平板 型号19 高性能版,2443.0,4882.0,5.0,12864,,,{},https://img.example.com/product_19.jpg,2026-01-27 22:27:11,2026-01-30 16:56:38,,,,,,,
50.0,JD.com,10000020,VIVO平板 型号20 高性能版,2134.0,6803.0,4.7,39000,,,{},https://img.example.com/product_20.jpg,2026-01-27 22:27:11,2026-01-30 16:56:38,,,,,,,
51.0,JD.com,10000021,VIVO平板 型号21 高性能版,1662.0,5166.0,4.7,17436,,,{},https://img.example.com/product_21.jpg,2026-01-27 22:27:11,2026-01-30 16:56:38,,,,,,,
52.0,JD.com,10000022,VIVO平板 型号22 高性能版,1331.0,1716.0,4.4,40433,,,{},https://img.example.com/product_22.jpg,2026-01-27 22:27:11,2026-01-30 16:56:38,,,,,,,
53.0,JD.com,10000023,苹果手机 型号23 高性能版,9805.0,7988.0,4.9,16389,,,{},https://img.example.com/product_23.jpg,2026-01-27 22:27:11,2026-01-30 16:56:38,,,,,,,
54.0,JD.com,10000024,VIVO笔记本 型号24 高性能版,8561.0,8801.0,4.5,12994,,,{},https://img.example.com/product_24.jpg,2026-01-27 22:27:11,2026-01-30 16:56:38,,,,,,,
55.0,JD.com,10000025,华为笔记本 型号25 高性能版,9771.0,4401.0,4.6,25220,,,{},https://img.example.com/product_25.jpg,2026-01-27 22:27:11,2026-01-30 16:56:38,,,,,,,
56.0,JD.com,10000026,戴尔手表 型号26 高性能版,6828.0,8599.0,4.3,2794,,,{},https://img.example.com/product_26.jpg,2026-01-27 22:27:11,2026-01-30 16:56:38,,,,,,,
57.0,JD.com,10000027,三星笔记本 型号27 高性能版,3626.0,8427.0,4.6,7900,,,{},https://img.example.com/product_27.jpg,2026-01-27 22:27:11,2026-01-30 16:56:38,,,,,,,
58.0,JD.com,10000028,三星耳机 型号28 高性能版,6344.0,2005.0,3.6,28860,,,{},https://img.example.com/product_28.jpg,2026-01-27 22:27:11,2026-01-30 16:56:38,,,,,,,
59.0,JD.com,10000029,VIVO平板 型号29 高性能版,4807.0,5382.0,4.9,29148,,,{},https://img.example.com/product_29.jpg,2026-01-27 22:27:11,2026-01-30 16:56:38,,,,,,,
60.0,JD.com,10000030,OPPO笔记本 型号30 高性能版,1273.0,7660.0,4.6,37829,,,{},https://img.example.com/product_30.jpg,2026-01-27 22:27:11,2026-01-30 16:56:38,,,,,,,
361.0,Amazon,B0DTTKTQWF,"MFi Certified 512GB Flash Drive Photo Stick for iPhone, External Memory Photo Keeper Storage for Data Saver/Backup/Transfer Files/Picture/Video/iPhone",43.0,55.36,3.4,30943,300+ bought in past month,Electronics,{},https://m.media-amazon.com/images/I/61Jg28DRguL._AC_UY218_.jpg,2026-01-30 19:01:49,2026-02-06 18:24:55,,,,,,,
362.0,Amazon,B015CH1PJU,"SanDisk 128GB Ultra Flair USB 3.0 Flash Drive - SDCZ73-128G-G46, black",11.0,14.03,4.8,14912,10K+ bought in past month,Electronics,{},https://m.media-amazon.com/images/I/51q1BJpgGkL._AC_UY218_.jpg,2026-01-30 19:01:49,2026-02-06 18:24:55,,,,,,,
363.0,Amazon,B0B6148YKN,"Amazon Basics 128 GB Ultra Fast USB 3.1 Flash Drive, Black",11.0,14.01,3.8,20736,10K+ bought in past month,Electronics,{},https://m.media-amazon.com/images/I/71RhxfozxvL._AC_UY218_.jpg,2026-01-30 19:01:49,2026-02-06 18:24:55,,,,,,,
364.0,Amazon,B082ZGHXK8,32GB USB Flash Drives 2 Pack 32GB Thumb Drives Memory Stick Jump Drive with LED Light for Storage and Backup (2 Colors: Black Blue),9.0,11.37,3.0,2799,5K+ bought in past month,Electronics,{},https://m.media-amazon.com/images/I/71ULtE83xWL._AC_UY218_.jpg,2026-01-30 19:01:49,2026-02-06 18:24:55,,,,,,,
365.0,Amazon,B0B61DGG18,"Amazon Basics 256 GB Ultra Fast USB 3.1 High Capacity Flash Drive for Data Transfer and Storage, Black",18.0,20.97,3.7,1316,10K+ bought in past month,Electronics,{},https://m.media-amazon.com/images/I/71XXRNmEbeL._AC_UY218_.jpg,2026-01-30 19:01:49,2026-02-06 18:24:55,,,,,,,
366.0,Amazon,B0DRXNKSD5,"Amazon Basics USB Flash Drive, Thumb Drive Memory Stick with USB C and USB A Dual Ports, 256GB, Champagne Silver",19.0,24.43,4.8,8333,3K+ bought in past month,Electronics,{},https://m.media-amazon.com/images/I/614CQHbdKcL._AC_UY218_.jpg,2026-01-30 19:01:49,2026-02-06 18:24:55,,,,,,,
367.0,Amazon,B081QSHG1K,"SanDisk 256GB Ultra USB 3.0 Flash Drive - SDCZ48-256G-GAM46, Black",20.0,23.75,4.1,49455,3K+ bought in past month,Electronics,{},https://m.media-amazon.com/images/I/61TuPtmTScL._AC_UY218_.jpg,2026-01-30 19:01:49,2026-02-06 18:24:55,,,,,,,
368.0,Amazon,B081QSJNRJ,"SanDisk 128GB Ultra USB 3.0 Flash Drive - SDCZ48-128G-GAM46, Black",13.0,15.24,3.4,26876,2K+ bought in past month,Electronics,{},https://m.media-amazon.com/images/I/61T85CGI4ZL._AC_UY218_.jpg,2026-01-30 19:01:49,2026-02-06 18:24:55,,,,,,,
369.0,Amazon,B07S4GGHNR,32GB Memory Stick USB 2.0 Flash Drives Swivel Thumb Drive Pen Drive (32GB Purple),5.0,5.86,3.1,36750,1K+ bought in past month,Electronics,{},https://m.media-amazon.com/images/I/61AZvkftK7L._AC_UY218_.jpg,2026-01-30 19:01:49,2026-02-06 18:24:55,,,,,,,
370.0,Amazon,B0FBS7RH94,"512GB Flash Drive Intended for iPhone, Memory Stick Storage Files Photos Videos Backup, Compatible with iPhone iPad Android PC, Plug and Play, No Appl",22.0,25.59,4.9,35240,50+ bought in past month,Electronics,{},https://m.media-amazon.com/images/I/61nVJWs6wpL._AC_UY218_.jpg,2026-01-30 19:01:49,2026-02-06 18:24:55,,,,,,,
371.0,Amazon,B09RG1TNM7,"PNY 64GB Turbo Attaché 3 USB 3.0 Flash Drive, Silver (Pack of 5)",25.0,30.2,4.0,48473,3K+ bought in past month,Electronics,{},https://m.media-amazon.com/images/I/51qNgGQLpIL._AC_UY218_.jpg,2026-01-30 19:01:49,2026-02-06 18:24:55,,,,,,,
372.0,Amazon,B09FXV3MXF,"ABLAZE 32GB Flash Drive 10 Pack, USB 2.0 Memory Stick with Lanyards Swivel Thumb Drives Bulk 32GB Pendrive U Disk for Data Storage (Mixcolors)",26.0,31.92,4.4,32309,400+ bought in past month,Electronics,{},https://m.media-amazon.com/images/I/71T-gxHQU+L._AC_UY218_.jpg,2026-01-30 19:01:49,2026-02-06 18:24:55,,,,,,,
373.0,Amazon,B08HSS37H7,"SanDisk 32GB 3-Pack Ultra USB 3.0 Flash Drive 32GB (Pack of 3) - SDCZ48-032G-GAM46T, Black",23.0,28.34,3.2,47042,1K+ bought in past month,Electronics,{},https://m.media-amazon.com/images/I/61TuPtmTScL._AC_UY218_.jpg,2026-01-30 19:01:49,2026-02-06 18:24:55,,,,,,,
374.0,Amazon,AMZ_SAMPLE_2_0,Lenovo laptop Model 1,932.89,1891.75,3.8,31015,Lenovo Store,Electronics,{},https://via.placeholder.com/150?text=Lenovo,2026-01-30 19:02:02,2026-02-06 18:24:56,,,,,,,
375.0,Amazon,AMZ_SAMPLE_2_1,Dell laptop Model 2,578.87,1984.4,5.0,22455,Dell Store,Electronics,{},https://via.placeholder.com/150?text=Dell,2026-01-30 19:02:02,2026-02-06 18:24:56,,,,,,,
376.0,Amazon,AMZ_SAMPLE_2_2,Dell laptop Model 3,1518.28,649.4,3.6,43240,Dell Store,Electronics,{},https://via.placeholder.com/150?text=Dell,2026-01-30 19:02:02,2026-02-06 18:24:56,,,,,,,
377.0,Amazon,AMZ_SAMPLE_2_3,Samsung laptop Model 4,1573.39,1479.79,4.8,21257,Samsung Store,Electronics,{},https://via.placeholder.com/150?text=Samsung,2026-01-30 19:02:02,2026-02-06 18:24:56,,,,,,,
378.0,Amazon,AMZ_SAMPLE_2_4,Apple laptop Model 5,242.06,2135.5,4.6,13605,Apple Store,Electronics,{},https://via.placeholder.com/150?text=Apple,2026-01-30 19:02:02,2026-02-06 18:24:56,,,,,,,
379.0,Amazon,B0DDYCT5YS,"PNY 128GB Turbo Attaché 3 USB 3.0 Flash Drive 5-Pack – Grey, P-FD128X5TBOP-MP, 100MB/s, Light-Weight Durable - Data Storage and Transfer",39.0,44.17,4.0,19330,1K+ bought in past month,Electronics,{},https://m.media-amazon.com/images/I/6155RbbYkAL._AC_UY218_.jpg,2026-01-30 19:02:05,2026-02-06 18:24:55,,,,,,,
380.0,Amazon,B0CMXNBGQK,"256GB USB Flash Drive for Phone and Pad, Photo Stick High Speed External USB Thumb Drives Photo Storage Memory Stick for Save More Photos and Videos (",15.0,17.55,5.0,44166,List Price:,Electronics,{},https://m.media-amazon.com/images/I/614ARE4PwrL._AC_UY218_.jpg,2026-01-30 19:02:05,2026-02-06 18:24:55,,,,,,,
381.0,Amazon,B09GW86W6Y,"ThePhotoStick® Omni 128GB USB Flash Drive & Memory Stick – Photo & Video Backup for iPhone, Android, Mac & PC – Multiport Connection to Easily Store &",57.0,67.83,4.6,37844,2K+ bought in past month,Electronics,{},https://m.media-amazon.com/images/I/61Nwje5iDGL._AC_UY218_.jpg,2026-01-30 19:02:05,2026-02-06 18:24:55,,,,,,,
382.0,Amazon,B00RORBNWG,Verbatim 32GB Store 'n' Stay Nano USB 3.2 Gen 1 Flash Drive Snag-free Low Profile Thumb Drive - Blue,5.0,6.37,3.7,22069,1K+ bought in past month,Electronics,{},https://m.media-amazon.com/images/I/61pYZ-CzMSL._AC_UY218_.jpg,2026-01-30 19:02:05,2026-02-06 18:24:55,,,,,,,
383.0,Amazon,B01CKT1DTA,EASTFUN 5Pcs 8GB USB Flash Drive USB 2.0 Flash Memory Stick Thumb Stick Pen(Five Mixed Colors: Blue Purple Rose Green Gold),11.0,13.98,3.5,40843,500+ bought in past month,Electronics,{},https://m.media-amazon.com/images/I/61LFANbLl1L._AC_UY218_.jpg,2026-01-30 19:02:05,2026-02-06 18:24:55,,,,,,,
384.0,Amazon,B0CL289J6Q,Wholesale (Mix Pack) (16MB-64GB) USB 2.0 Metal Flash Memory Stick Pen Drive Storage Thumb U Disk Lot (5PCS - 128MB),6.0,6.92,5.0,6012,Amazon,Electronics,{},https://m.media-amazon.com/images/I/61ulUyh2JYL._AC_UY218_.jpg,2026-01-30 19:02:05,2026-02-06 18:24:55,,,,,,,
385.0,Amazon,B0DSG3FWJB,"SanDisk 512GB Extreme PRO Dual Drive - Up to 1,000MB/s, USB Type-C, and USB Type-A, High-Performance Flash Drive - SDDDE1-512G-G46",46.0,59.11,4.7,19571,1K+ bought in past month,Electronics,{},https://m.media-amazon.com/images/I/61SO6cMhVvL._AC_UY218_.jpg,2026-01-30 19:02:05,2026-02-06 18:24:55,,,,,,,
386.0,Amazon,B0978ZCNSJ,"SanDisk 32GB 3-Pack Cruzer Glide USB 2.0 Flash Drive (3x32GB) - SDCZ60-032G-G46T, Black",0.0,0.0,3.4,40231,500+ bought in past month,Electronics,{},https://m.media-amazon.com/images/I/51pe0ND7gGL._AC_UY218_.jpg,2026-01-30 19:02:05,2026-02-06 18:24:55,,,,,,,
387.0,Amazon,B0CSW6375K,128GB USB C Flash Drive Dual USB 3.0 Flash Drive Type C + USB A Portable Type-C Flash Drive 2-in-1 USB-C Thumb Drive for Smartphone Tablet Computer Ma,12.0,14.04,4.8,46153,6K+ bought in past month,Electronics,{},https://m.media-amazon.com/images/I/51K6hZcFQ4L._AC_UY218_.jpg,2026-01-30 19:02:05,2026-02-06 18:24:55,,,,,,,
388.0,Amazon,B0DS9VVRGJ,"256GB Flash Drive Intended for Phone Tablet Androidphone and Computers, 4 in 1 Photo Stick for Phone Memory Storage Easily Backup Photos Videos, Plug",11.0,13.6,4.9,14893,300+ bought in past month,Electronics,{},https://m.media-amazon.com/images/I/71ZrIAFumpL._AC_UY218_.jpg,2026-01-30 19:02:05,2026-02-06 18:24:55,,,,,,,
389.0,Amazon,B017RD10X8,SanDisk 64GB Cruzer Glide USB 3.0 Flash Drive SDCZ600-064G-B35,11.0,13.57,4.2,3398,400+ bought in past month,Electronics,{},https://m.media-amazon.com/images/I/51gckc6-M+L._AC_UY218_.jpg,2026-01-30 19:02:05,2026-02-06 18:24:55,,,,,,,
390.0,Amazon,B077Y149DL,SanDisk 16GB Ultra Fit USB 3.2 Flash Drive - SDCZ430-016G-G46,8.0,9.91,3.1,4885,400+ bought in past month,Electronics,{},https://m.media-amazon.com/images/I/917k6WqTLSL._AC_UY218_.jpg,2026-01-30 19:02:05,2026-02-06 18:24:55,,,,,,,
391.0,Amazon,B07FLP3TKD,"4GB USB Flash Drive, Flash Stick 4 GB 10 Pack Memory Stick JBOS Swivel Thumb Drives Gig Stick USB2.0 Pen Drive for Fold Digital Date Storage, Zip Driv",18.0,20.66,4.9,26618,50+ bought in past month,Electronics,{},https://m.media-amazon.com/images/I/61lrRFxDPHL._AC_UY218_.jpg,2026-01-30 19:02:05,2026-02-06 18:24:55,,,,,,,
392.0,Amazon,AMZ_SAMPLE_4_0,Samsung laptop Model 1,1476.83,2455.06,4.9,24463,Samsung Store,Electronics,{},https://via.placeholder.com/150?text=Samsung,2026-01-30 19:02:14,2026-02-06 18:24:56,,,,,,,
393.0,Amazon,AMZ_SAMPLE_4_1,Apple laptop Model 2,175.89,2470.85,3.6,41566,Apple Store,Electronics,{},https://via.placeholder.com/150?text=Apple,2026-01-30 19:02:14,2026-02-06 18:24:56,,,,,,,
394.0,Amazon,AMZ_SAMPLE_4_2,Apple laptop Model 3,1564.11,238.79,3.9,3202,Apple Store,Electronics,{},https://via.placeholder.com/150?text=Apple,2026-01-30 19:02:14,2026-02-06 18:24:56,,,,,,,
395.0,Amazon,AMZ_SAMPLE_4_3,Apple laptop Model 4,361.73,1562.83,4.6,9259,Apple Store,Electronics,{},https://via.placeholder.com/150?text=Apple,2026-01-30 19:02:14,2026-02-06 18:24:56,,,,,,,
396.0,Amazon,AMZ_SAMPLE_4_4,Samsung laptop Model 5,603.3,221.68,3.6,28302,Samsung Store,Electronics,{},https://via.placeholder.com/150?text=Samsung,2026-01-30 19:02:14,2026-02-06 18:24:56,,,,,,,
402.0,Amazon,B0CHB1RNFR,128GB USB Flash Drives 2 Pack 128GB Thumb Drives Memory Stick Jump Drive with LED Light for Storage and Backup (2 Pack Black),15.0,16.8,3.7,22903,Amazon,Electronics,{},https://m.media-amazon.com/images/I/6131tPOZLoL._AC_UY218_.jpg,2026-01-30 19:02:29,2026-02-06 18:24:55,,,,,,,
403.0,Amazon,B0BYMRK9XZ,"1 Pack 64GB USB Flash Drives USB 2.0 Thumb Drives Memory Stick Jump Drive Zip Drive, Green",5.0,5.89,3.4,2144,50+ bought in past month,Electronics,{},https://m.media-amazon.com/images/I/51KQi9u2+5L._AC_UY218_.jpg,2026-01-30 19:02:29,2026-02-06 18:24:55,,,,,,,
404.0,Amazon,B07LGLQT11,Vansuny 64GB Type C Flash Drive 2 in 1 OTG USB 3.0 + USB C Memory Stick with Keychain Dual Type C Thumb Drive Photo Stick Jump Drive for Android Smart,9.0,10.38,4.7,18215,1K+ bought in past month,Electronics,{},https://m.media-amazon.com/images/I/51YWrNICL5L._AC_UY218_.jpg,2026-01-30 19:02:29,2026-02-06 18:24:55,,,,,,,
405.0,Amazon,B0BV8DWLMM,SanDisk 64GB Ultra USB 3.0 Flash Drive 3-Pack - SDCZ48-064G-U46 Bundle with (3) Everything But Stromboli Lanyards,26.0,31.66,4.2,16605,50+ bought in past month,Electronics,{},https://m.media-amazon.com/images/I/71DyGWKUhQL._AC_UY218_.jpg,2026-01-30 19:02:29,2026-02-06 18:24:55,,,,,,,
406.0,Amazon,B08RNFBNV2,"8GB Flash Drives 5 Pack, Alihelan USB Flash Drive USB 2.0 Thumb Drive Swivel Memory Stick U Disk Jump Drive Zip Drive with Led Indicator (5 Mixed Colo",10.0,11.23,4.0,10627,(GBP 2.07GBP2.07/count),Electronics,{},https://m.media-amazon.com/images/I/61ZjAFshP8L._AC_UY218_.jpg,2026-01-30 19:02:29,2026-02-06 18:24:55,,,,,,,
407.0,Amazon,B0CP43S98Z,"SanDisk 128GB Ultra Luxe USB Type-C Flash Drive - Up to 400MB/s, USB 3.2 Gen 1, Premium Metal Design - SDCZ75-128G-G46",15.0,16.92,3.7,42773,200+ bought in past month,Electronics,{},https://m.media-amazon.com/images/I/61PrLVuIGPL._AC_UY218_.jpg,2026-01-30 19:02:29,2026-02-06 18:24:55,,,,,,,
408.0,Amazon,B007YX9O9O,SanDisk 16GB Cruzer Glide USB 2.0 Flash Drive - SDCZ60-016G-B35,0.0,0.0,4.9,1299,Amazon,Electronics,{},https://m.media-amazon.com/images/I/711aQ7oxvhL._AC_UY218_.jpg,2026-01-30 19:02:29,2026-02-06 18:24:55,,,,,,,
409.0,Amazon,B0CGRFFQHN,"32GB 2 Pack USB 3.2 Gen 1 (USB 3.1) Flash Thumb Drive, External Data Storage Memory Stick Compatible with Computer/Laptop",8.0,10.0,3.9,32675,Amazon,Electronics,{},https://m.media-amazon.com/images/I/61nGxu9c4lL._AC_UY218_.jpg,2026-01-30 19:02:29,2026-02-06 18:24:55,,,,,,,
410.0,Amazon,B0BY2WQTMN,SanDisk 128GB Ultra Luxe USB 3.2 Gen 1 Flash Drive - SDCZ74-128G-GAM46,25.0,31.81,4.3,5192,50+ bought in past month,Electronics,{},https://m.media-amazon.com/images/I/41SoegdWA1L._AC_UY218_.jpg,2026-01-30 19:02:29,2026-02-06 18:24:55,,,,,,,
411.0,Amazon,B0D5GP5DM8,"128GB USB 3.0 Flash Drive, Waterproof Metal USB Memory Stick, Slim Thumb Drive Portable Pen Drive with Keychain Hole Stylish Jump Drive for PC Compute",11.0,12.85,4.3,285,100+ bought in past month,Electronics,{},https://m.media-amazon.com/images/I/51P7fioycgL._AC_UY218_.jpg,2026-01-30 19:02:29,2026-02-06 18:24:55,,,,,,,
412.0,Amazon,B0DZNZ7S4F,"AreTop 8GB Flash Drive 5 Pack FAT32 Thumb Drives Slide Retractable USB Drives 8GB 5 Pack Memory Sticks for Data Storage (Mixed Color:Yellow,Red,Blue,G",10.0,12.57,4.7,27639,200+ bought in past month,Electronics,{},https://m.media-amazon.com/images/I/61hWZ3jj+2L._AC_UY218_.jpg,2026-01-30 19:02:29,2026-02-06 18:24:55,,,,,,,
413.0,Amazon,B01AD70VLW,LEIZHAN USB Flash Drive 32GB Metal Key of Love Key Chain USB Flash Drive high Speed USB Pen Drive Memory Stick u Disk pendrive,8.0,9.67,4.9,41398,List:,Electronics,{},https://m.media-amazon.com/images/I/41ZJeKXCtTL._AC_UY218_.jpg,2026-01-30 19:02:29,2026-02-06 18:24:55,,,,,,,
414.0,Amazon,B0D4QRSW5J,USB Flash Drive 230GB Waterproof USB Stick High Speed Memory Stick 230GB Ultra Large Storage Metal Thumb Drive with Keychain Design for Laptop Compute,10.0,12.98,4.9,4666,500+ bought in past month,Electronics,{},https://m.media-amazon.com/images/I/51JIByl41sL._AC_UY218_.jpg,2026-01-30 19:02:29,2026-02-06 18:24:55,,,,,,,
415.0,Amazon,B0CMXMX4NM,"64GB USB Flash Drive 2 Pack 64 GB USB Thumb Drive Memory Stick Jump Drives Pendrive for Storage (2 Colors, 64G)",10.0,12.4,4.5,373,200+ bought in past month,Electronics,{},https://m.media-amazon.com/images/I/51aZAGvMEhL._AC_UY218_.jpg,2026-01-30 19:02:31,2026-02-06 18:24:55,,,,,,,
416.0,Amazon,B01B3GOCZ8,SanDisk 32GB (Five Pack) USB 3.0 Flash Ultra Memory Drive CZ48 - Bundle with (2) Everything But Stromboli Lanyard,0.0,0.0,3.1,38808,100+ bought in past month,Electronics,{},https://m.media-amazon.com/images/I/71LGWHsY48L._AC_UY218_.jpg,2026-01-30 19:02:31,2026-02-06 18:24:55,,,,,,,
417.0,Amazon,B0CBYYCLZK,"USB Flash Drives,Waterproof Silicone USB2.0 High Speed Thumb Memory Stick Pen Date Storage Pendrive U Disk (32GB,Blue Cat)",8.0,8.91,3.8,8322,Amazon,Electronics,{},https://m.media-amazon.com/images/I/61NMqZ2gD-L._AC_UY218_.jpg,2026-01-30 19:02:31,2026-02-06 18:24:55,,,,,,,
418.0,Amazon,B0CQTH3W7D,512MB USB Flash Drives Thumb Drive U Disk PenDrive Memory Sticks with Type C & OTG Transformer for Pupil Student Presents (Blue),4.0,5.13,4.9,6972,Amazon,Electronics,{},https://m.media-amazon.com/images/I/61RdjzsfrCL._AC_UY218_.jpg,2026-01-30 19:02:31,2026-02-06 18:24:55,,,,,,,
419.0,Amazon,B017RD11JQ,SanDisk - Cruzer Glide 128GB USB 2.0 Flash Drive SDCZ600-128G-G35,10.0,12.8,3.2,42299,More Buying Choices,Electronics,{},https://m.media-amazon.com/images/I/411Nr-kOgPL._AC_UY218_.jpg,2026-01-30 19:02:31,2026-02-06 18:24:55,,,,,,,
420.0,Amazon,B0DSVVY4JT,"USB Flash Drives,16GB / 32GB /64GB Waterproof Cute Lipstick USB 2.0 Data Storage Drive Memory Stick Flash Pen Disk Pendrive (Rose Red, 64, GB)",9.0,9.99,3.8,43466,Amazon,Electronics,{},https://m.media-amazon.com/images/I/41-7YMUV+vL._AC_UY218_.jpg,2026-01-30 19:02:31,2026-02-06 18:24:55,,,,,,,
421.0,Amazon,B0C3LGTW8H,Small Capacity 256MB USB Flash Drives Memory Sticks Pen jumpdrive U Disk Thumb Drive with Type-C/OTG Adaptor for Pupil & Students (Pink),4.0,4.48,4.7,30175,Amazon,Electronics,{},https://m.media-amazon.com/images/I/61lxd1HPqRL._AC_UY218_.jpg,2026-01-30 19:02:31,2026-02-06 18:24:55,,,,,,,
422.0,Amazon,B07SMB81Q9,SanDisk 64GB Cruzer Glide 3.0 USB Flash Drive (10 Pack Bundle) Jump Drive Pen Drive Works with Laptop Computers with USB 2.0/3.0 Port (SDCZ600-064G-G3,68.0,84.58,3.3,32403,100+ bought in past month,Electronics,{},https://m.media-amazon.com/images/I/71Z08hnrKRL._AC_UY218_.jpg,2026-01-30 19:02:31,2026-02-06 18:24:55,,,,,,,
423.0,Amazon,B017JJSNMG,Verbatim 32GB Metal Executive USB 3.0 Flash Drive - Gold - 99105,7.0,8.2,4.7,2115,50+ bought in past month,Electronics,{},https://m.media-amazon.com/images/I/51e-Wfb4ZwL._AC_UY218_.jpg,2026-01-30 19:02:31,2026-02-06 18:24:55,,,,,,,
424.0,Amazon,B09XLP266Y,10 Pack DataOcean 4GB USB 2.0 Flash Drive Memory Stick Thumb Drives (4GB X 10 Mixed Colors),17.0,19.19,4.6,47123,100+ bought in past month,Electronics,{},https://m.media-amazon.com/images/I/71TNXqpaG4L._AC_UY218_.jpg,2026-01-30 19:02:31,2026-02-06 18:24:55,,,,,,,
425.0,Amazon,B0CXMXPSV9,"USB Flash Drive, 16GB/32GB/64GB/128GB USB2.0 Rotatable Memory Stick Date Storage Pendrive Thumb Drives U Disk(64GB,Pink)",10.0,12.46,3.6,5123,Amazon,Electronics,{},https://m.media-amazon.com/images/I/71lEuydPfEL._AC_UY218_.jpg,2026-01-30 19:02:31,2026-02-06 18:24:55,,,,,,,
426.0,Amazon,AMZ_SAMPLE_8_0,HP spoon Model 1,632.43,609.39,3.7,41609,HP Store,Electronics,{},https://via.placeholder.com/150?text=HP,2026-01-30 19:02:42,2026-02-06 18:24:56,,,,,,,
427.0,Amazon,AMZ_SAMPLE_8_1,Samsung spoon Model 2,1073.38,614.55,3.7,17689,Samsung Store,Electronics,{},https://via.placeholder.com/150?text=Samsung,2026-01-30 19:02:42,2026-02-06 18:24:56,,,,,,,
428.0,Amazon,AMZ_SAMPLE_8_2,Apple spoon Model 3,361.08,2147.27,3.6,37404,Apple Store,Electronics,{},https://via.placeholder.com/150?text=Apple,2026-01-30 19:02:42,2026-02-06 18:24:56,,,,,,,
429.0,Amazon,AMZ_SAMPLE_8_3,Apple spoon Model 4,1501.64,1253.99,4.2,26891,Apple Store,Electronics,{},https://via.placeholder.com/150?text=Apple,2026-01-30 19:02:42,2026-02-06 18:24:56,,,,,,,
430.0,Amazon,AMZ_SAMPLE_8_4,Lenovo spoon Model 5,1310.59,1482.47,4.4,43607,Lenovo Store,Electronics,{},https://via.placeholder.com/150?text=Lenovo,2026-01-30 19:02:42,2026-02-06 18:24:56,,,,,,,
431.0,Amazon,B0894NJ5PZ,SanDisk 64GB iXpand Flash Drive Go – For your iPhone 14 or older - Create space on your iPhone - SDIX60N-064G-GN6NN,26.0,31.31,4.8,40595,100+ bought in past month,Electronics,{},https://m.media-amazon.com/images/I/81Fqh9hd73L._AC_UY218_.jpg,2026-01-30 19:02:44,2026-02-06 18:24:55,,,,,,,
432.0,Amazon,B0DY7J7C7K,Metal Robot Shape 64GB USB 2.0 Flash Drive with Keychain Cool Cartoon Memory Stick Cute Jump Drive Wedding Thumb Drive Novelty Flash Drive Data Storag,12.0,13.59,3.1,21883,List Price:,Electronics,{},https://m.media-amazon.com/images/I/51lyfG8WfzL._AC_UY218_.jpg,2026-01-30 19:02:44,2026-02-06 18:24:55,,,,,,,
433.0,Amazon,B00XJXYONO,SanDisk Cruzer Glide 32GB (5 Pack) USB 2.0 Flash Drive (SDCZ60-032G) Pen Drive Bundle with (2) Everything But Stromboli Lanyards,30.0,33.19,4.9,3729,50+ bought in past month,Electronics,{},https://m.media-amazon.com/images/I/71cu166QMVL._AC_UY218_.jpg,2026-01-30 19:02:44,2026-02-06 18:24:55,,,,,,,
434.0,Amazon,B00KAJPAPQ,SanDisk Cruzer Ultra 32GB USB 3.0 Flash Drive SDCZ48-032G-U46 up to 100MB/s (Pack of 2),21.0,25.03,4.6,47804,(GBP 10.86GBP10.86/count),Electronics,{},https://m.media-amazon.com/images/I/61bTqqLpBaL._AC_UY218_.jpg,2026-01-30 19:02:44,2026-02-06 18:24:55,,,,,,,
435.0,Amazon,B00IFU6DU8,SanDisk Cruzer Blade 32GB (5 pack) USB 2.0 Flash Drive Jump Drive Pen Drive SDCZ50-032G - Five Pack w/ (2) Everything But Stromboli (TM) Lanyard,27.0,30.64,3.6,14792,Amazon,Electronics,{},https://m.media-amazon.com/images/I/51GjpR3BsnL._AC_UY218_.jpg,2026-01-30 19:02:44,2026-02-06 18:24:55,,,,,,,
436.0,Amazon,B07SPF93H5,SanDisk 128GB Cruzer Glide 3.0 USB Flash Drive (10 Pack Bundle) Jump Drive Pen Drive Works with Laptop Computers with USB 2.0/3.0 Port (SDCZ600-128G-G,88.0,111.81,4.6,6072,Amazon,Electronics,{},https://m.media-amazon.com/images/I/71Z08hnrKRL._AC_UY218_.jpg,2026-01-30 19:02:44,2026-02-06 18:24:55,,,,,,,
437.0,Amazon,B0B8X7VCVC,"SanDisk 512GB Ultra Eco USB 3.2 Gen 1 Flash Drive - SDCZ96-512G-G46, Blue-Green",37.0,43.37,3.4,21768,More Buying Choices,Electronics,{},https://m.media-amazon.com/images/I/71nf0sq-ouL._AC_UY218_.jpg,2026-01-30 19:02:44,2026-02-06 18:24:55,,,,,,,
438.0,Amazon,B08D6X84TN,SanDisk 64GB Ultra Fit USB 3.1 Flash Drive Low Profile (SDCZ430-064G-G46) High Speed Memory Pen Drive Bundle with (1) Everything But Stromboli Lanyard,9.0,10.49,4.2,48844,50+ bought in past month,Electronics,{},https://m.media-amazon.com/images/I/41EQgjx42XL._AC_UY218_.jpg,2026-01-30 19:02:44,2026-02-06 18:24:55,,,,,,,
439.0,Amazon,B0D457CDSV,K&ZZ 128GB USB C Flash Drive 1 Pack Dual USB-C Thumb Drive 3.0 Push-Pull USB A + Type C Memory Stick Photo Stick for Smartphone Tablet Laptop iPhone 1,11.0,12.53,3.0,5854,100+ bought in past month,Electronics,{},https://m.media-amazon.com/images/I/61UV0QYjJTL._AC_UY218_.jpg,2026-01-30 19:02:44,2026-02-06 18:24:55,,,,,,,
440.0,Amazon,B0CP62S615,"SanDisk 256GB Ultra Slider USB Type-C Flash Drive - Up to 400MB/s, USB 3.2 Gen 1, Retractable Connector - SDCZ480-256G-G46​",0.0,0.0,3.1,11681,100+ bought in past month,Electronics,{},https://m.media-amazon.com/images/I/519iXVAbsmL._AC_UY218_.jpg,2026-01-30 19:02:44,2026-02-06 18:24:55,,,,,,,
441.0,Amazon,B07JH53M4T,Micro Center SuperSpeed 2 Pack 16GB USB 3.0 Flash Drive Gum Size Memory Stick Thumb Drive Data Storage Jump Drive (16G 2-Pack),0.0,0.0,4.2,2030,100+ bought in past month,Electronics,{},https://m.media-amazon.com/images/I/81XB+0QH6aL._AC_UY218_.jpg,2026-01-30 19:02:44,2026-02-06 18:24:55,,,,,,,
442.0,Amazon,B01B3HKNOQ,SanDisk Ultra Flair USB (5 Pack) 3.0 32GB Flash Drive High Performance SDCZ73-032G-G46 - with (2) Everything But Stromboli (tm) Lanyard,34.0,43.86,3.2,23243,Amazon,Electronics,{},https://m.media-amazon.com/images/I/71Vslu0U4DL._AC_UY218_.jpg,2026-01-30 19:02:44,2026-02-06 18:24:55,,,,,,,
448.0,Amazon,B07ZRC4CKQ,"AreTop 2GB USB Flash Drives 100 Pack, AreTop Premium USB2.0 Thumb Drives Bulk USB Pendrive Memory Stick Jump Drive 100 Pack Flash Drives Bulk (2GB 100",133.0,172.26,4.8,48123,(GBP 1.33GBP1.33/count),Electronics,{},https://m.media-amazon.com/images/I/71LyK8HS9+L._AC_UY218_.jpg,2026-01-30 19:02:57,2026-02-06 18:24:55,,,,,,,
449.0,Amazon,B009GX7D0M,Verbatim 128GB PinStripe USB 2.0 Flash Drive Retractable Thumb Drive - Black,11.0,12.43,3.2,15147,200+ bought in past month,Electronics,{},https://m.media-amazon.com/images/I/71NKKEKkkyL._AC_UY218_.jpg,2026-01-30 19:02:57,2026-02-06 18:24:55,,,,,,,
450.0,Amazon,B0DGQ1J68R,"Transcend ESD310 128GB External SSD, Up to 1,050MB/s, Dual USB Flash Drive for iPhone/iPad/Mac/Windows, Android/Tablet/PC, USB 3.2 Gen 2 Thumb Drive P",20.0,23.09,4.6,42564,500+ bought in past month,Electronics,{},https://m.media-amazon.com/images/I/61WTtdHhquL._AC_UY218_.jpg,2026-01-30 19:02:57,2026-02-06 18:24:55,,,,,,,
451.0,Amazon,B018SWA1RS,SanDisk Cruzer Glide 32GB (10 Pack) Cruzer USB 2.0 Flash Drive Jump Drive Pen Drive CZ60 Bundle with (5) Everything But Stromboli Lanyards,53.0,68.25,4.3,25432,Amazon,Electronics,{},https://m.media-amazon.com/images/I/81EnvFHb1DL._AC_UY218_.jpg,2026-01-30 19:02:57,2026-02-06 18:24:55,,,,,,,
452.0,Amazon,B07WVGW1VC,"Christmas USB Flash Drive 5 Pack 8GB, Leizhan Novelty Thumb Drive Thanksgiving Memory Stick Santa Claus, Christmas Tree, Elk, Snowman, Dog Pendrive Ne",19.0,22.21,4.0,3938,(GBP 3.99GBP3.99/count),Electronics,{},https://m.media-amazon.com/images/I/513vfCJKCJL._AC_UY218_.jpg,2026-01-30 19:02:57,2026-02-06 18:24:55,,,,,,,
453.0,Amazon,B00TUBVRIE,Integral 32GB Secure 360 Encrypted USB3.0 Flash Drive (256-bit AES Encryption),13.0,16.08,3.3,8937,Amazon,Electronics,{},https://m.media-amazon.com/images/I/71i3nu2KRuL._AC_UY218_.jpg,2026-01-30 19:02:57,2026-02-06 18:24:55,,,,,,,
454.0,Amazon,B07F666PT4,"Aiibe 10pcs 16GB USB 2.0 Flash Drives Bulk 10 Pack Swivel USB Memory Stick 16GB Thumb Drives Zip Drive Jump Drive with LED Indicator (16G, 10 Pack, Bl",24.0,29.17,3.5,17335,50+ bought in past month,Electronics,{},https://m.media-amazon.com/images/I/71H3NZVlEPL._AC_UY218_.jpg,2026-01-30 19:02:57,2026-02-06 18:24:55,,,,,,,
455.0,Amazon,B07QRVDV7L,5 Pack Rectangle Wood 2.0/3.0 USB Flash Drive USB Disk Memory Stick with Wooden (2.0/32GB),15.0,19.03,3.9,18603,Amazon,Electronics,{},https://m.media-amazon.com/images/I/61t62QgV7BL._AC_UY218_.jpg,2026-01-30 19:02:57,2026-02-06 18:24:55,,,,,,,
456.0,Amazon,B0BDX8CGSQ,Wooden USB Flash Drives PENDRIVE Thumb Drives U Disk Memory Sticks for Birthday Business Valentine's Day Present (64GB USB3.0),13.0,16.7,4.1,49675,Amazon,Electronics,{},https://m.media-amazon.com/images/I/71MPyoeN9aL._AC_UY218_.jpg,2026-01-30 19:02:57,2026-02-06 18:24:55,,,,,,,
457.0,Amazon,B0B9FWMWSH,Bilious 64GB Flash Drive Animal Series Waterproof USB 3.0 Thumb Drive Cute Cartoon Memory Stick Small Size USB Drive Gift,8.0,9.59,3.8,27480,Amazon,Electronics,{},https://m.media-amazon.com/images/I/610w874hPbL._AC_UY218_.jpg,2026-01-30 19:02:57,2026-02-06 18:24:55,,,,,,,
458.0,Amazon,B0CHB2BJF6,128GB USB Flash Drives 1 Pack 128GB Thumb Drives Memory Stick Jump Drive with LED Light for Storage and Backup (1 Pack Blue),9.0,10.94,5.0,5225,100+ bought in past month,Electronics,{},https://m.media-amazon.com/images/I/61L+Lasr4oL._AC_UY218_.jpg,2026-01-30 19:02:57,2026-02-06 18:24:55,,,,,,,
459.0,Amazon,B01DWNMFM2,Verbatim 128GB Pinstripe USB 3.2 Gen 1 Flash Drive Retractable Thumb Drive - Black,0.0,0.0,4.5,34290,50+ bought in past month,Electronics,{},https://m.media-amazon.com/images/I/61jFTnoNhSS._AC_UY218_.jpg,2026-01-30 19:02:57,2026-02-06 18:24:55,,,,,,,
460.0,Amazon,B0BGYPPJ8D,High-Speed Cassette Tape Shape Flash | Flash Disk Cassette Tape Flash | Audio Cassette USB Stick White 2GB | Memory Stick Thumb Drives,7.0,7.85,3.4,34395,Typical:,Electronics,{},https://m.media-amazon.com/images/I/41G8e1V3QML._AC_UY218_.jpg,2026-01-30 19:02:57,2026-02-06 18:24:55,,,,,,,
461.0,Amazon,B083D59T5Q,Hard Drive Eraser Bootable USB Flash Drive – Secure Disk Wipe Utility for PC | Permanently Delete Data to DOD 5220.22-M Standard – Safe for HDD & SSD,14.0,18.01,3.4,13142,Shop products from small business brands sold in A,Electronics,{},https://m.media-amazon.com/images/I/71LRttQ18NL._AC_UY218_.jpg,2026-01-30 19:02:57,2026-02-06 18:24:55,,,,,,,
462.0,Amazon,B07G2X8H4M,"TOPESEL 64GB USB 3.0 Type C Dual OTG Flash Drive USB C Thumb Drive Memory Stick for USB-C Smartphones, Tablets & New MacBook",8.0,10.3,3.2,47131,Amazon,Electronics,{},https://m.media-amazon.com/images/I/61oMf9kZEQL._AC_UY218_.jpg,2026-01-30 19:02:57,2026-02-06 18:24:55,,,,,,,
644.0,Amazon,UNKNOWN_4130,Dell metal ring Model 5,0.0,0.0,0.0,0,,General,{},,2026-01-30 19:22:16,2026-01-30 19:22:16,,,,,,,
747.0,JD.com,UNKNOWN_1576,华为耳机型号5,0.0,0.0,0.0,0,,General,{},,2026-01-30 19:22:17,2026-01-30 19:22:16,,,,,,,
846.0,Amazon,AMZ_SAMPLE_6_0,Dell electric guitar Model 1,1701.68,1849.37,4.2,30982,Dell Store,Electronics,{},https://via.placeholder.com/150?text=Dell,2026-01-30 18:47:33,2026-02-06 18:24:56,,,,,,,
847.0,Amazon,AMZ_SAMPLE_6_1,Samsung electric guitar Model 2,1048.21,1484.74,3.5,48553,Samsung Store,Electronics,{},https://via.placeholder.com/150?text=Samsung,2026-01-30 18:47:33,2026-02-06 18:24:56,,,,,,,
848.0,Amazon,AMZ_SAMPLE_6_2,Apple electric guitar Model 3,1258.03,301.91,3.9,34078,Apple Store,Electronics,{},https://via.placeholder.com/150?text=Apple,2026-01-30 18:47:33,2026-02-06 18:24:56,,,,,,,
849.0,Amazon,AMZ_SAMPLE_6_3,Dell electric guitar Model 4,703.25,2221.54,4.0,38786,Dell Store,Electronics,{},https://via.placeholder.com/150?text=Dell,2026-01-30 18:47:33,2026-02-06 18:24:56,,,,,,,
850.0,Amazon,AMZ_SAMPLE_6_4,Dell electric guitar Model 5,1277.7,2237.95,3.8,26527,Dell Store,Electronics,{},https://via.placeholder.com/150?text=Dell,2026-01-30 18:47:33,2026-02-06 18:24:56,,,,,,,
856.0,Amazon,AMZ_SAMPLE_9_0,Dell metal ring Model 1,1291.42,1319.14,4.6,1602,Dell Store,Electronics,{},https://via.placeholder.com/150?text=Dell,2026-01-30 18:48:28,2026-02-06 18:24:55,,,,,,,
857.0,Amazon,AMZ_SAMPLE_9_1,Lenovo metal ring Model 2,670.2,1787.7,4.7,24407,Lenovo Store,Electronics,{},https://via.placeholder.com/150?text=Lenovo,2026-01-30 18:48:28,2026-02-06 18:24:55,,,,,,,
858.0,Amazon,AMZ_SAMPLE_9_2,HP metal ring Model 3,1478.51,604.77,3.7,6689,HP Store,Electronics,{},https://via.placeholder.com/150?text=HP,2026-01-30 18:48:28,2026-02-06 18:24:55,,,,,,,
859.0,Amazon,AMZ_SAMPLE_9_3,Samsung metal ring Model 4,1916.16,492.28,3.9,28624,Samsung Store,Electronics,{},https://via.placeholder.com/150?text=Samsung,2026-01-30 18:48:28,2026-02-06 18:24:55,,,,,,,
860.0,Amazon,AMZ_SAMPLE_9_4,HP metal ring Model 5,584.62,1203.27,4.7,7742,HP Store,Electronics,{},https://via.placeholder.com/150?text=HP,2026-01-30 18:48:28,2026-02-06 18:24:55,,,,,,,
866.0,Amazon,AMZ_SAMPLE_12_0,HP electric guitar Model 1,526.09,2167.68,4.5,10560,HP Store,Electronics,{},https://via.placeholder.com/150?text=HP,2026-01-30 18:49:29,2026-02-06 18:24:56,,,,,,,
867.0,Amazon,AMZ_SAMPLE_12_1,Dell electric guitar Model 2,387.63,725.7,4.6,40784,Dell Store,Electronics,{},https://via.placeholder.com/150?text=Dell,2026-01-30 18:49:29,2026-02-06 18:24:56,,,,,,,
868.0,Amazon,AMZ_SAMPLE_12_2,HP electric guitar Model 3,1337.93,1239.45,5.0,18931,HP Store,Electronics,{},https://via.placeholder.com/150?text=HP,2026-01-30 18:49:29,2026-02-06 18:24:56,,,,,,,
869.0,Amazon,AMZ_SAMPLE_12_3,Apple electric guitar Model 4,960.45,2130.71,3.8,7903,Apple Store,Electronics,{},https://via.placeholder.com/150?text=Apple,2026-01-30 18:49:29,2026-02-06 18:24:56,,,,,,,
870.0,Amazon,AMZ_SAMPLE_12_4,Samsung electric guitar Model 5,1843.96,807.25,4.8,38558,Samsung Store,Electronics,{},https://via.placeholder.com/150?text=Samsung,2026-01-30 18:49:29,2026-02-06 18:24:56,,,,,,,
1066.0,Amazon,UNKNOWN_2957,Dell metal ring Model 5,0.0,0.0,0.0,0,,General,{},,2026-01-30 21:59:06,2026-01-30 21:59:05,,,,,,,
1149.0,Amazon,B0GD61F6FC,"Gaming Laptop, 15.6inch Laptop with AMD Ryzen 7 7730U(8C/16T, Up to 4.5GHz), 16GB RAM 512GB NVMe SSD Windows 11 High Performance Laptop Computer, Up t",370.0,424.95,4.9,29677,New on Amazon in past month,Electronics,{},https://m.media-amazon.com/images/I/81jFW4cV7bL._AC_UY218_.jpg,2026-01-30 21:43:15,2026-02-06 18:24:55,,,,,,,
1150.0,Amazon,B0F167PYK7,"Dell 15 Laptop DC15250-15.6-inch FHD (1920x1080) 120Hz Display, Intel Core i5-1334U Processor, 16GB DDR4 RAM, 512GB SSD, Intel UHD Graphics, Windows 1",428.0,501.68,4.9,8969,500+ bought in past month,Electronics,{},https://m.media-amazon.com/images/I/71I9chrFYFL._AC_UY218_.jpg,2026-01-30 21:43:15,2026-02-06 18:24:55,,,,,,,
1151.0,Amazon,B0FCTFGTPY,"Dell 15 Laptop DC15255-15.6-inch FHD 120Hz Display, AMD Ryzen 5-7520U, 8GB LPDDR5 RAM, 512GB SSD, AMD Radeon 610M Graphics, Windows 11 Home, Onsite Se",274.0,310.58,4.4,2527,400+ bought in past month,Electronics,{},https://m.media-amazon.com/images/I/71jQbkYw5KL._AC_UY218_.jpg,2026-01-30 21:43:15,2026-02-06 18:24:55,,,,,,,
1152.0,Amazon,B0947BJ67M,"HP 14 Laptop, Intel Celeron N4020, 4 GB RAM, 64 GB Storage, 14-inch Micro-edge HD Display, Windows 11 Home, Thin & Portable, 4K Graphics, One Year of",129.0,151.62,4.2,21736,7K+ bought in past month,Electronics,{},https://m.media-amazon.com/images/I/815uX7wkOZS._AC_UY218_.jpg,2026-01-30 21:43:15,2026-02-06 18:24:55,,,,,,,
1153.0,Amazon,B0D1YQJKY2,"Lenovo V15 Gen 4 Business Laptop, 15.6"" FHD Display, Intel Core i5-13420H (Beat i7-1355U), HDMI, RJ45, Webcam, Numeric Keypad, Wi-Fi, Windows 11 Pro,",370.0,440.48,3.2,18146,1K+ bought in past month,Electronics,{},https://m.media-amazon.com/images/I/71N9tTF6pML._AC_UY218_.jpg,2026-01-30 21:43:15,2026-02-06 18:24:55,,,,,,,
1154.0,Amazon,B0G11WY59L,"Dell 15 Laptop DC15250-15.6-inch FHD 120Hz Display, 13th Gen Intel Core i7-1355U, 16GB DDR5 RAM, 512GB SSD, Intel UHD Graphics, Windows 11 Home, 1 Yea",0.0,0.0,4.8,23438,100+ bought in past month,Electronics,{},https://m.media-amazon.com/images/I/71AZek1CVTL._AC_UY218_.jpg,2026-01-30 21:43:15,2026-02-06 18:24:55,,,,,,,
1155.0,Amazon,B0GF6R4B17,"2026 15.6"" Traditional Laptop Computer for Work and Study, 16GB RAM 256GB SSD, 4425Y up to 2.4GHz, Windows 11 Pro with Office 365, FHD 1080P IPS Displ",0.0,0.0,3.1,36832,New on Amazon in past month,Electronics,{},https://m.media-amazon.com/images/I/71autnF3EgL._AC_UY218_.jpg,2026-01-30 21:43:15,2026-02-06 18:24:55,,,,,,,
1156.0,Amazon,B0DZZWMB2L,"ASUS ROG Strix G16 (2025) Gaming Laptop, 16” FHD+ 16:10 165Hz/3ms Display, NVIDIA® GeForce RTX™ 5060 Laptop GPU, Intel® Core™ i7 Processor 14650HX, 16",1017.0,1192.08,4.3,41483,List:,Electronics,{},https://m.media-amazon.com/images/I/81n1T4CYfmL._AC_UY218_.jpg,2026-01-30 21:43:15,2026-02-06 18:24:55,,,,,,,
1157.0,Amazon,B0FWQN69B9,"15.6"" Laptop, 32GB RAM 512GB SSD, Pentium 6500Y Processor (Beat N5095, Up to 3.4GHz), Laptop Computer with FHD IPS Display, Dual Band Wi-Fi 5, BT 5.0,",0.0,0.0,3.4,49463,Amazon,Electronics,{},https://m.media-amazon.com/images/I/71M0lbhCd8L._AC_UY218_.jpg,2026-01-30 21:43:15,2026-02-06 18:24:55,,,,,,,
1158.0,Amazon,B0G1BWBNV1,"2026 New 15.6'' Laptop Win 11 Pro, Intel Core i3 Processor, 8GB RAM, 256GB SSD, 1080p FHD IPS Display, Backlit Keyboard, Fingerprint, WiFi5&BT5, Mini-",152.0,194.82,4.0,12890,100+ bought in past month,Electronics,{},https://m.media-amazon.com/images/I/61PRrVZA8GL._AC_UY218_.jpg,2026-01-30 21:43:15,2026-02-06 18:24:55,,,,,,,
1159.0,Amazon,B0F53SQRH4,"Dell Latitude 5420 14"" FHD Business Laptop Computer, Intel Quad-Core i5-1145G7, 16GB DDR4 RAM, 256GB SSD, Camera, HDMI, Windows 11 Pro (Renewed)",0.0,0.0,4.0,27916,500+ bought in past month,Electronics,{},https://m.media-amazon.com/images/I/616jxxM4VLL._AC_UY218_.jpg,2026-01-30 21:43:15,2026-02-06 18:24:55,,,,,,,
1160.0,Amazon,B09SVSBVP1,"HP Chromebook 14 Laptop, Intel Celeron N4120, 4 GB RAM, 64 GB eMMC, 14"" HD Display, Chrome OS, Thin Design, 4K Graphics, Long Battery Life, Ash Gray K",118.0,146.42,3.0,32922,3K+ bought in past month,Electronics,{},https://m.media-amazon.com/images/I/71tXLOE7wIL._AC_UY218_.jpg,2026-01-30 21:43:15,2026-02-06 18:24:55,,,,,,,
1191.0,Amazon,B0FH9NMSZQ,ASUS 2026 Vivobook 14” FHD Laptop 10-Core Intel Core i5-1334U Iris Xe Graphics 12GB DDR4 256GB NVMe SSD USB-C w/DP WiFi AC BT Webcam HDMI1.4 Windows 1,261.0,331.73,5.0,28497,50+ bought in past month,Electronics,{},https://m.media-amazon.com/images/I/514F-bCZpLL._AC_UY218_.jpg,2026-01-30 21:44:19,2026-02-06 18:24:56,,,,,,,
1192.0,Amazon,B0FKP8RWTD,"Lenovo Legion 5 15AHP10 RTX 5060 Pro Gaming Laptop,15.1 OLED WQXGA(2560 x 1600) 165Hz, AMD Ryzen 7 260(Beats Intel i7-14700), NVIDIA RTX 5060, 32GB DD",0.0,0.0,3.2,25175,No featured offers available,Electronics,{},https://m.media-amazon.com/images/I/71GBz+Y+0EL._AC_UY218_.jpg,2026-01-30 21:44:19,2026-02-06 18:24:56,,,,,,,
1193.0,Amazon,B0DJ3L37TY,"HP Victus 15.6"" Full HD 144Hz Gaming Laptop, Intel Core i5-12450H, NVIDIA GeForce RTX 3050,16GB RAM, 512GB PCIe SSD, Wi-Fi 6, Backlit Keyboard,Windows",0.0,0.0,3.3,17590,100+ bought in past month,Electronics,{},https://m.media-amazon.com/images/I/71cZs6fmSfL._AC_UY218_.jpg,2026-01-30 21:44:19,2026-02-06 18:24:56,,,,,,,
1194.0,Amazon,B0CKTZVB17,"HP 17 Laptop, 17.3"" HD+ Touchscreen Display, 12th Gen Intel Core i7-1255U, 64GB RAM, 2TB SSD, Webcam, HDMI, SuperSpeed USB Ports, Wi-Fi 6, Windows 11",0.0,0.0,4.9,14349,No featured offers available,Electronics,{},https://m.media-amazon.com/images/I/71CGrFl8cjL._AC_UY218_.jpg,2026-01-30 21:44:19,2026-02-06 18:24:56,,,,,,,
1195.0,Amazon,B0FX2R679S,"Dell Inspiron 15.6"" FHD Touchscreen Laptop for Student and Business, 8-Core Ryzen 7 (Beat i7-12650H), 32GB RAM 1TB SSD, Long Battery Life, Webcam, Blu",0.0,0.0,4.5,49218,50+ bought in past month,Electronics,{},https://m.media-amazon.com/images/I/71GzV43J2DL._AC_UY218_.jpg,2026-01-30 21:44:19,2026-02-06 18:24:56,,,,,,,
1196.0,Amazon,B0DTB4R3VP,"Acer Aspire Go 15 AI Ready Laptop, 15.6"" FHD (1920 x 1080) IPS Display, AMD Ryzen 7 5825U, AMD Radeon Graphics, 16GB DDR4, 512GB PCIe Gen4 SSD, Wi-Fi",363.0,442.15,4.1,34219,200+ bought in past month,Electronics,{},https://m.media-amazon.com/images/I/71FPI17lWZL._AC_UY218_.jpg,2026-01-30 21:44:19,2026-02-06 18:24:56,,,,,,,
1197.0,Amazon,B0FW4MZ4WJ,"Dell Inspiron 15 3530 Business Laptop, 15.6"" FHD Touchscreen, 16GB RAM 512GB PCIe SSD Intel 10-Core i5-1334U (Beat i7-1250U), Computer for Student-Hom",0.0,0.0,4.1,17078,No featured offers available,Electronics,{},https://m.media-amazon.com/images/I/71sdSJz7GtL._AC_UY218_.jpg,2026-01-30 21:44:19,2026-02-06 18:24:56,,,,,,,
1198.0,Amazon,B08YKGZF7P,"HP Chromebook 14 Laptop, Intel Celeron N4000 Processor, 4 GB RAM, 32 GB eMMC, 14” HD Display, Chrome, Lightweight Computer with Webcam and Dual Mics,",122.0,154.84,3.3,10140,200+ bought in past month,Electronics,{},https://m.media-amazon.com/images/I/81b6IIclRfS._AC_UY218_.jpg,2026-01-30 21:44:19,2026-02-06 18:24:56,,,,,,,
1199.0,Amazon,B0FV98DFZR,"Laptop Computer, 15.6"" FHD IPS Display, Laptop for Student and Business, 16GB RAM 256GB SSD Laptops, 6500Y Processor (up to 3.4GHz), WiFi 5",0.0,0.0,4.2,27732,Amazon,Electronics,{},https://m.media-amazon.com/images/I/61Nlta-BGSL._AC_UY218_.jpg,2026-01-30 21:44:19,2026-02-06 18:24:56,,,,,,,
1200.0,Amazon,B0DBZ5SL9T,"15.6-inch, 16GB RAM, 512GB SSD, FHD IPS Display Laptop Computer, N5095 Quad Core, 2.4/5G WiFi, BT4.2 Backlit and Fingerprint, Lightweight and Portable",187.0,238.7,4.7,21551,Amazon,Electronics,{},https://m.media-amazon.com/images/I/71JO6Sxfk1L._AC_UY218_.jpg,2026-01-30 21:44:19,2026-02-06 18:24:56,,,,,,,
1201.0,Amazon,B0FWRP57BH,"Lenovo ThinkBook 16 G7 Business Laptop 2025,16"" WUXGA Display, AMD Ryzen 5 7533HS (6-Core), 32GB DDR5 RAM, 1TB PCIe SSD, Wi-Fi 6, Bluetooth, RJ-45, We",535.0,657.0,4.6,32446,Amazon,Electronics,{},https://m.media-amazon.com/images/I/61F0ZeXJUSL._AC_UY218_.jpg,2026-01-30 21:44:19,2026-02-06 18:24:56,,,,,,,
1202.0,Amazon,B0CDKDS8KL,"Microsoft Surface Laptop Go 3 (2023) - 12.4"" Touchscreen, Thin & Lightweight, Intel Core i5, 8GB RAM, 256GB SSD SSD, with Windows 11, Platinum Color M",0.0,0.0,3.8,4423,No featured offers available,Electronics,{},https://m.media-amazon.com/images/I/61GqSlHr41L._AC_UY218_.jpg,2026-01-30 21:44:19,2026-02-06 18:24:56,,,,,,,
1203.0,Amazon,B0DT7QHR3F,"ASUS Vivobook 16 Laptop, 16"" WUXGA 60Hz Display, Intel Core i5-13420H, Iris Xᵉ Graphics, 16GB Memory, 512GB Storage, Windows 11, Cool Silver, F1605VA-",0.0,0.0,4.4,10591,300+ bought in past month,Electronics,{},https://m.media-amazon.com/images/I/71H08DfcnPL._AC_UY218_.jpg,2026-01-30 21:44:19,2026-02-06 18:24:56,,,,,,,
1204.0,Amazon,B0G58SWJGD,"Laptop Computer, Pentium Gold 6500Y (Up to 3.4GHz), 8GB RAM 256GB SSD, 14-inch IPS FHD Display, Type-C, HDMI, USB3.2, BT5.2, WiFi 5, Long Battery Life",151.0,189.54,4.7,28141,List:,Electronics,{},https://m.media-amazon.com/images/I/61kQCsp-PCL._AC_UY218_.jpg,2026-01-30 21:44:22,2026-02-06 18:24:56,,,,,,,
1205.0,Amazon,B0G3QLYN52,"14"" FHD Laptop Computers, Laptop with Gold 6500Y (Up to 3.4GHz), 16GB RAM, 512GB SSD, Type-C, HDMI, USB 3.2, WiFi, Bluetooth, Long Battery Life, Thin",179.0,210.48,4.0,32655,50+ bought in past month,Electronics,{},https://m.media-amazon.com/images/I/611sCsW+n9L._AC_UY218_.jpg,2026-01-30 21:44:22,2026-02-06 18:24:56,,,,,,,
1206.0,Amazon,B0C3RNRB8W,"HP 17 Laptop, 17.3” HD+ Display, 11th Gen Intel Core i3-1125G4 Processor, 32GB RAM, 1TB SSD, Wi-Fi, HDMI, Webcam, Windows 11 Home, Silver",0.0,0.0,4.7,19386,50+ bought in past month,Electronics,{},https://m.media-amazon.com/images/I/71kKQIGhFYL._AC_UY218_.jpg,2026-01-30 21:44:22,2026-02-06 18:24:56,,,,,,,
1207.0,Amazon,B0CVM9WLCW,"HP 14 inch Laptop, FHD Display, 13th Generation Intel Core i7-1355U, 16 GB RAM, 512 GB SSD, Intel Iris Xe Graphics, Windows 11 Home, 14-ep0199nr (2024",471.0,555.58,4.7,13677,More Buying Choices,Electronics,{},https://m.media-amazon.com/images/I/71tAFyfhMvL._AC_UY218_.jpg,2026-01-30 21:44:22,2026-02-06 18:24:56,,,,,,,
1208.0,Amazon,B0DJB25PF7,"msi Thin 15 15.6” 144Hz FHD Gaming Laptop: Intel Core i7-13620H, NVIDIA Geforce RTX 4050, 16GB DDR4, 512GB NVMe SSD, WiFi 6E, Win 11: Black B13VE-2678",0.0,0.0,4.2,35007,100+ bought in past month,Electronics,{},https://m.media-amazon.com/images/I/71MfZpnDWRL._AC_UY218_.jpg,2026-01-30 21:44:22,2026-02-06 18:24:56,,,,,,,
1209.0,Amazon,B0CWJB9ZC6,"ASUS Vivobook Go 15.6” Slim Laptop, AMD Ryzen 5 7520U, 8GB, 512GB, Windows 11 Home, Cool Silver, Military Grade Durability, Fast Charging, Webcam Shie",312.0,348.24,3.3,1540,200+ bought in past month,Electronics,{},https://m.media-amazon.com/images/I/71Os2Kn40pL._AC_UY218_.jpg,2026-01-30 21:44:22,2026-02-06 18:24:56,,,,,,,
1210.0,Amazon,B0FR8FSWSM,"Dell 16 Laptop DC16251-16.0-inch 16:10 FHD+ Display, Intel Core 7 150U, 16GB DDR5 RAM, 1TB SSD, Intel Graphics, Windows 11 Home, Onsite Service - Plat",0.0,0.0,3.6,10719,500+ bought in past month,Electronics,{},https://m.media-amazon.com/images/I/713D-2c8SpL._AC_UY218_.jpg,2026-01-30 21:44:22,2026-02-06 18:24:56,,,,,,,
1211.0,Amazon,B0FLDPQHGN,"HP 17-CN500 2025 Business Laptop 17.3"" FHD IPS 12-Core Intel Ultra 7 255U 16GB DDR5 1TB SSD Intel Graphics Wi-Fi 6 Backlit Keyboard Win11 Pro w/ONT 32",0.0,0.0,3.9,16527,No featured offers available,Electronics,{},https://m.media-amazon.com/images/I/61LdecwlWYL._AC_UY218_.jpg,2026-01-30 21:44:22,2026-02-06 18:24:56,,,,,,,
1212.0,Amazon,B0FFQG56LC,"ASUS Vivobook 18 Laptop, 18” WUXGA 144Hz Display, AMD Ryzen 7 260 with XDNA NPU, AMD Radeon Graphics, 32GB RAM, 1TB SSD, Quiet Blue, M1807HA-DB79",0.0,0.0,3.8,26284,No featured offers available,Electronics,{},https://m.media-amazon.com/images/I/61qbdWp0AgL._AC_UY218_.jpg,2026-01-30 21:44:22,2026-02-06 18:24:56,,,,,,,
1213.0,Amazon,B0F2HG7Z1G,"Lenovo IdeaPad 1 Everyday Laptop, 14"" HD Display, 8GB RAM, 384GB Storage(128GB eMMC + 256GB PCIe), 1 Yr Office 365 Included, Intel Core Processor, Win",0.0,0.0,4.0,2419,100+ bought in past month,Electronics,{},https://m.media-amazon.com/images/I/71PMGePvChL._AC_UY218_.jpg,2026-01-30 21:44:22,2026-02-06 18:24:56,,,,,,,
1214.0,Amazon,B0FZ9THFGK,"GEEKOM GeekBook X14 Pro Laptop, 2.2lbs Ultra Thin 14"" 2.8K OLED Laptop Computer, Ultra 9 185H, 32GB LPDDR5x 7500MHz RAM 2TB SSD, Up to 16 Hour, 2X USB",907.0,1173.38,4.3,25035,List Price:,Electronics,{},https://m.media-amazon.com/images/I/7127awbpXBL._AC_UY218_.jpg,2026-01-30 21:44:22,2026-02-06 18:24:56,,,,,,,
1215.0,Amazon,B0FXM493GN,"15.6 Inch Laptop 16GB RAM 512GB SSD, Gold Pentium Processor (Up to 3.4GHz), Expandable to 1TB, IPS FHD Display, 38WH, USB3.2, Type-C, HDMI, WiFi 5, Wi",188.0,208.34,4.7,19028,List:,Electronics,{},https://m.media-amazon.com/images/I/71cWFXKUIPL._AC_UY218_.jpg,2026-01-30 21:44:22,2026-02-06 18:24:56,,,,,,,
1216.0,Amazon,B0FGQRCZL3,"Dell Inspiron 3530 Laptop - 15.6-inch FHD (1920x1080) Display, Intel Core i3-1305U Processor, 8GB DDR4 RAM, 512GB SSD, Intel UHD Graphics, Windows 11",0.0,0.0,4.9,25644,100+ bought in past month,Electronics,{},https://m.media-amazon.com/images/I/71iIEPk5qOL._AC_UY218_.jpg,2026-01-30 21:44:22,2026-02-06 18:24:56,,,,,,,
1217.0,Amazon,B0FW74PB1T,"Lenovo ThinkPad E14 Gen 6 14"" FHD+ Display, Intel Ultra 5-125U, 16GB DDR5 RAM, 512GB SSD PCIe, Backlit Keyboard, WiFi 6E + BT, RJ-45, FHD Webcam, Wind",544.0,688.59,4.0,37715,50+ bought in past month,Electronics,{},https://m.media-amazon.com/images/I/71e4PIpif0L._AC_UY218_.jpg,2026-01-30 21:44:22,2026-02-06 18:24:56,,,,,,,
1218.0,Amazon,B0FFJ16XQ9,"ASUS ROG Strix G16 (2025) Gaming Laptop, 16” FHD+ 16:10 165Hz/3ms, NVIDIA® GeForce RTX™ 5050, Intel® Core™ i5-13450HX, 16GB DDR5-5600, 1TB PCIe Gen 4",966.0,1136.4,3.2,10796,50+ bought in past month,Electronics,{},https://m.media-amazon.com/images/I/61LlFyN+B3L._AC_UY218_.jpg,2026-01-30 21:44:22,2026-02-06 18:24:56,,,,,,,
1234.0,Amazon,AMZ_SAMPLE_13_0,Samsung electric guitar Model 1,1361.7,1384.72,4.6,5612,Samsung Store,Electronics,{},https://via.placeholder.com/150?text=Samsung,2026-01-30 21:44:59,2026-02-06 18:24:56,,,,,,,
1235.0,Amazon,AMZ_SAMPLE_13_1,Dell electric guitar Model 2,367.9,303.89,3.7,11576,Dell Store,Electronics,{},https://via.placeholder.com/150?text=Dell,2026-01-30 21:44:59,2026-02-06 18:24:56,,,,,,,
1236.0,Amazon,AMZ_SAMPLE_13_2,Lenovo electric guitar Model 3,836.86,477.94,3.9,38805,Lenovo Store,Electronics,{},https://via.placeholder.com/150?text=Lenovo,2026-01-30 21:44:59,2026-02-06 18:24:56,,,,,,,
1237.0,Amazon,AMZ_SAMPLE_13_3,HP electric guitar Model 4,1641.33,2389.13,4.3,10823,HP Store,Electronics,{},https://via.placeholder.com/150?text=HP,2026-01-30 21:44:59,2026-02-06 18:24:56,,,,,,,
1238.0,Amazon,AMZ_SAMPLE_13_4,Apple electric guitar Model 5,1400.49,1095.31,4.1,18556,Apple Store,Electronics,{},https://via.placeholder.com/150?text=Apple,2026-01-30 21:44:59,2026-02-06 18:24:56,,,,,,,
1239.0,JD.com,UNKNOWN_3660,华为耳机型号5,0.0,0.0,0.0,0,,General,{},,2026-01-30 21:59:06,2026-01-30 21:59:06,,,,,,,
1630.0,Amazon,UNKNOWN_9420,Dell metal ring Model 5,0.0,0.0,0.0,0,,General,{},,2026-02-02 18:51:17,2026-02-02 18:51:16,,,,,,,
1793.0,Amazon,B071HT85NV,Ibanez S521 OFM Ocean Fade Metallic S Standard Electric Guitar,0.0,0.0,4.7,10323,No featured offers available,Electronics,{},https://m.media-amazon.com/images/I/71qEkQonTXL._AC_UL320_.jpg,2026-02-02 18:49:41,2026-02-06 18:24:56,,,,,,,
1794.0,Amazon,B091BKCTK6,"Squier Affinity Series Stratocaster Electric Guitar, with 2-Year Warranty, Black, Maple Fingerboard",0.0,0.0,4.8,36969,No featured offers available,Electronics,{},https://m.media-amazon.com/images/I/616JR6Hw7-L._AC_UL320_.jpg,2026-02-02 18:49:41,2026-02-06 18:24:56,,,,,,,
1795.0,Amazon,B07N29M92M,"Fender Mustang LT25 Guitar Amp, 25-Watt Combo Amp, with 2-Year Warranty, 30 Preset Effects with USB Audio Interface for Recording",216.0,276.67,4.6,22345,1K+ bought in past month,Electronics,{},https://m.media-amazon.com/images/I/91ldyxsaJcL._AC_UL320_.jpg,2026-02-02 18:49:41,2026-02-06 18:24:56,,,,,,,
1796.0,Amazon,B084GT8KKY,Gretsch G5222 Electromatic DoubleJet BT with V-Stoptail Electric Guitar - Natural,0.0,0.0,4.2,30722,No featured offers available,Electronics,{},https://m.media-amazon.com/images/I/7174X3z1yAL._AC_UL320_.jpg,2026-02-02 18:49:41,2026-02-06 18:24:56,,,,,,,
1797.0,Amazon,B00GOE82N8,"Yamaha TRBX174 DBM Agathis Body, Electric Bass Guitar, 4-String, Dark Blue Metallic",0.0,0.0,4.7,3777,No featured offers available,Electronics,{},https://m.media-amazon.com/images/I/61-aRH72DNL._AC_UL320_.jpg,2026-02-02 18:49:41,2026-02-06 18:24:56,,,,,,,
1798.0,Amazon,B004B8JDBY,Ibanez Artcore AF75 Hollowbody - Transparent Red Sunburst,0.0,0.0,3.3,31323,No featured offers available,Electronics,{},https://m.media-amazon.com/images/I/51SaoqRLI4L._AC_UL320_.jpg,2026-02-02 18:49:41,2026-02-06 18:24:56,,,,,,,
1799.0,Amazon,B0C6FNCJJN,Gretsch G2420 Streamliner Hollowbody Electric Guitar with Chromatic II Tailpiece - Green,0.0,0.0,4.9,45284,No featured offers available,Electronics,{},https://m.media-amazon.com/images/I/41e2F0C37xL._AC_UL320_.jpg,2026-02-02 18:49:41,2026-02-06 18:24:56,,,,,,,
1800.0,Amazon,B093FH15XT,Ibanez Standard S561 Electric Guitar - Sea Foam Green Matte,0.0,0.0,4.4,29325,No featured offers available,Electronics,{},https://m.media-amazon.com/images/I/61ulnpSe9PL._AC_UL320_.jpg,2026-02-02 18:49:41,2026-02-06 18:24:56,,,,,,,
1801.0,Amazon,B084RD8338,Ibanez Iron Label RGIB21 Electric Guitar - Black,0.0,0.0,3.3,48490,No featured offers available,Electronics,{},https://m.media-amazon.com/images/I/51BrTN1FPYL._AC_UL320_.jpg,2026-02-02 18:49:41,2026-02-06 18:24:56,,,,,,,
1802.0,Amazon,B01LYNWT7D,"Play It Loud: An Epic History of the Style, Sound, and Revolution of the Electric Guitar",0.0,0.0,4.7,23927,Other formats:,Electronics,{},https://m.media-amazon.com/images/I/71LGFcF3ADL._AC_UL320_.jpg,2026-02-02 18:49:41,2026-02-06 18:24:56,,,,,,,
1803.0,Amazon,B0C6FKBM7B,Gretsch G2420T Streamliner Hollowbody Electric Guitar with Bigsby - Brandywine,0.0,0.0,3.2,6001,No featured offers available,Electronics,{},https://m.media-amazon.com/images/I/61j9TamLVjL._AC_UL320_.jpg,2026-02-02 18:49:41,2026-02-06 18:24:56,,,,,,,
1804.0,Amazon,B0CYQW3PJW,Fender x Loog Telecaster kids electric guitar 3 strings beginner set (Black),291.0,325.0,3.4,23084,Amazon,Electronics,{},https://m.media-amazon.com/images/I/61tN9Y-1A7L._AC_UL320_.jpg,2026-02-02 18:49:41,2026-02-06 18:24:56,,,,,,,
1805.0,Amazon,B09C3512MB,"Dean MDX Electric Guitar, Quilt Maple, Trans Blue Burst, MDX QM TBB",0.0,0.0,3.1,38033,No featured offers available,Electronics,{},https://m.media-amazon.com/images/I/61jdGook7KL._AC_UL320_.jpg,2026-02-02 18:49:41,2026-02-06 18:24:56,,,,,,,
1806.0,Amazon,B0D3QT3JHP,"Gretsch G5220 Electromatic Jet BT Single-Cut 6-String Right-Handed Electric Guitar with Chambered Mahogany Body, V-Stoptail, and Laurel Fingerboard (S",0.0,0.0,4.9,42139,No featured offers available,Electronics,{},https://m.media-amazon.com/images/I/61b9ppr6njL._AC_UL320_.jpg,2026-02-02 18:49:41,2026-02-06 18:24:56,,,,,,,
1807.0,Amazon,B0DKK431NG,Gretsch Limited-edition Paisley Penguin Electric Guitar - Gold Paisley,0.0,0.0,4.2,14589,No featured offers available,Electronics,{},https://m.media-amazon.com/images/I/71LpSrGAU4L._AC_UL320_.jpg,2026-02-02 18:49:41,2026-02-06 18:24:56,,,,,,,
1808.0,Amazon,B0DFMPSY5H,"Pearl Jam Full Band Complete x6 Signed Autograph Full Size Electric Guitar with PSA/DNA Authentication PSA COA - Signed by Jeff Ament, Matt Cameron, B",31807.0,40292.85,4.8,47353,Amazon,Electronics,{},https://m.media-amazon.com/images/I/61vqVpcf85L._AC_UL320_.jpg,2026-02-02 18:49:45,2026-02-06 18:24:56,,,,,,,
1809.0,Amazon,B0BQN84TNC,Jackson X Series Soloist SL3X DX Electric Guitar - Lambo Orange,0.0,0.0,3.4,42345,No featured offers available,Electronics,{},https://m.media-amazon.com/images/I/51Ney1PQgOL._AC_UL320_.jpg,2026-02-02 18:49:45,2026-02-06 18:24:56,,,,,,,
1810.0,Amazon,B0D3QTXWCB,Gretsch G5232T Electromatic Double Jet FT 6-String Right-Handed Electric Guitar with Chambered Mahogany Body and Laurel Fingerboard (Caicos Green),0.0,0.0,4.1,29272,No featured offers available,Electronics,{},https://m.media-amazon.com/images/I/61jmaSiue1L._AC_UL320_.jpg,2026-02-02 18:49:45,2026-02-06 18:24:56,,,,,,,
1811.0,Amazon,B005RA3D5C,"Angel Lopez EC3000CBK Electric Solid Body Classical Guitar with Cutaway,Black",0.0,0.0,4.3,5264,No featured offers available,Electronics,{},https://m.media-amazon.com/images/I/511PZ1rSB8L._AC_UL320_.jpg,2026-02-02 18:49:45,2026-02-06 18:24:56,,,,,,,
1812.0,Amazon,B08LPX4TL6,Loog Mini Electric kids Guitar for Beginners built-in Amp Ages 3+ Learning App and Lessons Included Red,240.0,293.97,3.5,4019,Amazon,Electronics,{},https://m.media-amazon.com/images/I/71iVxj3pyUL._AC_UL320_.jpg,2026-02-02 18:49:45,2026-02-06 18:24:56,,,,,,,
1813.0,Amazon,B07CXGQKVQ,"Fender Player Telecaster SS Electric Guitar, 3-Color Sunburst, Maple Fingerboard, Left-Handed",0.0,0.0,3.2,33232,No featured offers available,Electronics,{},https://m.media-amazon.com/images/I/61QFAjM334L._AC_UL320_.jpg,2026-02-02 18:49:45,2026-02-06 18:24:56,,,,,,,
1814.0,Amazon,B0D3QTZ4RN,Gretsch G2655 Streamliner Center Block Jr. Double-Cut Electric Guitar - Steel Olive,0.0,0.0,4.6,19124,No featured offers available,Electronics,{},https://m.media-amazon.com/images/I/61rQBBaCAtL._AC_UL320_.jpg,2026-02-02 18:49:45,2026-02-06 18:24:56,,,,,,,
1815.0,Amazon,B08FR5XVHF,"Stagg 6 String Solid-Body Electric Guitar, Left, Brilliant Black, Full (SES-30 LH BK)",0.0,0.0,4.8,22010,Shop products from small business brands sold in A,Electronics,{},https://m.media-amazon.com/images/I/51RtJohcjrL._AC_UL320_.jpg,2026-02-02 18:49:45,2026-02-06 18:24:56,,,,,,,
1816.0,Amazon,B0D3QTKM17,Gretsch G2420T Streamliner Hollowbody Electric Guitar with Bigsby - Fairlane Blue,0.0,0.0,4.6,31300,No featured offers available,Electronics,{},https://m.media-amazon.com/images/I/61C2w4YuefL._AC_UL320_.jpg,2026-02-02 18:49:45,2026-02-06 18:24:56,,,,,,,
1817.0,Amazon,B0038RSNWO,Gretsch G5700 Electromatic Lap Steel with White Plastic Fretboard - Tobacco,483.0,573.76,4.8,9670,Amazon,Electronics,{},https://m.media-amazon.com/images/I/618A+7RASVL._AC_UL320_.jpg,2026-02-02 18:49:45,2026-02-06 18:24:56,,,,,,,
1818.0,Amazon,B0C6FKGTBQ,Gretsch G2655T Streamliner Center Block Jr. Double-Cut Electric Guitar - Brandywine,0.0,0.0,4.8,35784,No featured offers available,Electronics,{},https://m.media-amazon.com/images/I/71hrHDVx01L._AC_UL320_.jpg,2026-02-02 18:49:45,2026-02-06 18:24:56,,,,,,,
1819.0,Amazon,B0G7LWX2VH,"Fender Loog Stratocaster 3-String Electric Guitar for Kids, Beginner Guitar, Includes Chord Flash Cards, Learning App, Educational Booklet, Picks, and",292.0,326.16,4.8,12256,Amazon,Electronics,{},https://m.media-amazon.com/images/I/61lr1A72FvL._AC_UL320_.jpg,2026-02-02 18:49:45,2026-02-06 18:24:56,,,,,,,
1820.0,Amazon,B0CN1LTZ9P,Gretsch Jim Dandy Deltoluxe Dreadnought Acoustic-electric Guitar - Black,0.0,0.0,3.4,44577,No featured offers available,Electronics,{},https://m.media-amazon.com/images/I/51KSq46clML._AC_UL320_.jpg,2026-02-02 18:49:45,2026-02-06 18:24:56,,,,,,,
1821.0,Amazon,B0FPGFMBQB,"Washburn G12FCE Comfort Series Grand Auditorium Cutaway Acoustic Electric Guitar, Sunburst",0.0,0.0,4.4,31320,No featured offers available,Electronics,{},https://m.media-amazon.com/images/I/71aK2GlDEVL._AC_UL320_.jpg,2026-02-02 18:49:45,2026-02-06 18:24:56,,,,,,,
1822.0,Amazon,B07N2YJ98L,"Fender American Acoustasonic Telecaster Acoustic Electric Guitar, with 2-Year Warranty, Black, Ebony Fingerboard, with Gig Bag",0.0,0.0,4.1,17192,No featured offers available,Electronics,{},https://m.media-amazon.com/images/I/41LanGtKRHL._AC_UL320_.jpg,2026-02-02 18:49:45,2026-02-06 18:24:56,,,,,,,
1823.0,Amazon,B0DS3WYKDF,Ibanez AE160 Acoustic-electric Guitar - Vintage Mahogany Sunburst,0.0,0.0,3.9,48381,No featured offers available,Electronics,{},https://m.media-amazon.com/images/I/71BQWxepmjL._AC_UL320_.jpg,2026-02-02 18:49:47,2026-02-06 18:24:56,,,,,,,
1824.0,Amazon,B0849YR8KN,Ibanez AEG50N Acoustic-Electric Guitar - Black High Gloss,0.0,0.0,4.2,46046,No featured offers available,Electronics,{},https://m.media-amazon.com/images/I/51kvcfti8rL._AC_UL320_.jpg,2026-02-02 18:49:47,2026-02-06 18:24:56,,,,,,,
1825.0,Amazon,B074VZ12MJ,Washburn Comfort G25SCE Grand Auditorium Cutaway Acoustic Electric Guitar (WCG25SCE-O),0.0,0.0,3.6,4371,Shop products from small business brands sold in A,Electronics,{},https://m.media-amazon.com/images/I/41N94vHzGzL._AC_UL320_.jpg,2026-02-02 18:49:47,2026-02-06 18:24:56,,,,,,,
1826.0,Amazon,B0D95RVB7D,"Fesley 39"" Electric Guitar Camouflage+ 10 W Mini Guitar Amp",0.0,0.0,3.8,38971,No featured offers available,Electronics,{},https://m.media-amazon.com/images/I/71nuOeL6S8L._AC_UL320_.jpg,2026-02-02 18:49:47,2026-02-06 18:24:56,,,,,,,
1827.0,Amazon,B091DB3VRM,"Ibanez AEG220 Okoume Acoustic-Electric Guitar, Natural Low Gloss",0.0,0.0,4.9,5046,No featured offers available,Electronics,{},https://m.media-amazon.com/images/I/51NiSuE1N8L._AC_UL320_.jpg,2026-02-02 18:49:47,2026-02-06 18:24:56,,,,,,,
1828.0,Amazon,B078WYGGHS,"Yamaha APX600 NA Thin Body Acoustic-Electric Guitar, Natural",0.0,0.0,3.9,9831,No featured offers available,Electronics,{},https://m.media-amazon.com/images/I/71fwvQ4xKCL._AC_UL320_.jpg,2026-02-02 18:49:47,2026-02-06 18:24:56,,,,,,,
1829.0,Amazon,B08WYCMWNJ,Ibanez Altstar ALT20 Acoustic-Electric Guitar - Weathered Black,0.0,0.0,4.6,47915,No featured offers available,Electronics,{},https://m.media-amazon.com/images/I/51-AxWVJDsL._AC_UL320_.jpg,2026-02-02 18:49:47,2026-02-06 18:24:56,,,,,,,
1830.0,Amazon,B083Z64ZS5,Ibanez AEG50 Acoustic-Electric Guitar - Dark Honey Burst High Gloss,0.0,0.0,3.5,14957,No featured offers available,Electronics,{},https://m.media-amazon.com/images/I/613FdiNeTuL._AC_UL320_.jpg,2026-02-02 18:49:47,2026-02-06 18:24:56,,,,,,,
1831.0,Amazon,B09PHVSHG6,Ibanez AAD50CE Advanced Acoustic-electric Guitar - Natural,0.0,0.0,4.8,29479,No featured offers available,Electronics,{},https://m.media-amazon.com/images/I/61DvwozTiKL._AC_UL320_.jpg,2026-02-02 18:49:47,2026-02-06 18:24:56,,,,,,,
1832.0,Amazon,B07FYWPVC4,"Fender CD-140SCE 12-String Dreadnought Cutaway Acoustic Electric Guitar with 2-Year Warranty, Fishman Pickup and Preamp System, Natural, with Case",0.0,0.0,3.6,31124,No featured offers available,Electronics,{},https://m.media-amazon.com/images/I/617UThVXmdL._AC_UL320_.jpg,2026-02-02 18:49:47,2026-02-06 18:24:56,,,,,,,
1833.0,Amazon,B0DW99TJVK,"Donner DMT-66 39 Inch Full Size Electric Guitar for Beginner with Bag, Purplish Black and Donner Mini Guitar Amp Small Electric Guitar Amplifier 5W Po",0.0,0.0,3.8,49137,No featured offers available,Electronics,{},https://m.media-amazon.com/images/I/51kfDFxganL._AC_UL320_.jpg,2026-02-02 18:49:47,2026-02-06 18:24:56,,,,,,,
1834.0,Amazon,B09GLCCJTN,Washburn EA55G-A Festival Series Cutaway Mini Jumbo Acoustic/Electric Guitar. Koa Burst,0.0,0.0,3.3,23235,No featured offers available,Electronics,{},https://m.media-amazon.com/images/I/71OJwrDWfuL._AC_UL320_.jpg,2026-02-02 18:49:47,2026-02-06 18:24:56,,,,,,,
1835.0,Amazon,B0D6GD7T56,Donner 39 Inch Left-Handed Electric Guitar-Giant Metal Distortion Pedal,0.0,0.0,3.2,4960,No featured offers available,Electronics,{},https://m.media-amazon.com/images/I/71jCU4f2pYL._AC_UL320_.jpg,2026-02-02 18:49:47,2026-02-06 18:24:56,,,,,,,
1836.0,Amazon,B01BPK7PGU,"Yamaha APXT2EW 3/4-Size Acoustic-Electric Guitar with Gig Bag, Figured Natural",0.0,0.0,4.5,21917,No featured offers available,Electronics,{},https://m.media-amazon.com/images/I/71Q7bittznL._AC_UL320_.jpg,2026-02-02 18:49:47,2026-02-06 18:24:56,,,,,,,
1837.0,Amazon,B004PJICP2,"Dean EQA Exotica Quilt Ash Acoustic-Electric Guitar, Gloss Natural",0.0,0.0,4.7,5977,No featured offers available,Electronics,{},https://m.media-amazon.com/images/I/71wx6K615lL._AC_UL320_.jpg,2026-02-02 18:49:50,2026-02-06 18:24:56,,,,,,,
1838.0,Amazon,B01DW6A6CK,"Yamaha FGX820C Solid Top Cutaway Acoustic-Electric Guitar, Natural",0.0,0.0,4.4,43229,No featured offers available,Electronics,{},https://m.media-amazon.com/images/I/61X2PrME9kL._AC_UL320_.jpg,2026-02-02 18:49:50,2026-02-06 18:24:56,,,,,,,
1839.0,Amazon,B01BI339QO,"Gretsch G6122T-62GE Vintage Select Country Gentleman - Walnut Stain, Bigsby",0.0,0.0,3.8,47287,No featured offers available,Electronics,{},https://m.media-amazon.com/images/I/61SBynAL4pL._AC_UL320_.jpg,2026-02-02 18:49:50,2026-02-06 18:24:56,,,,,,,
1840.0,Amazon,B0CVRVMGPV,"Positive Grid Spark Link Wireless Guitar System for Electric, Acoustic, Bass & More",151.0,189.23,4.6,37241,200+ bought in past month,Electronics,{},https://m.media-amazon.com/images/I/61nF5Y8tilL._AC_UL320_.jpg,2026-02-02 18:49:50,2026-02-06 18:24:56,,,,,,,
1841.0,Amazon,B00DV9HENS,"Orange Crush 12 12W 6"" Guitar Amplifier and Speaker Combo, Orange",151.0,194.87,4.3,34763,100+ bought in past month,Electronics,{},https://m.media-amazon.com/images/I/91mwLFZ0HwL._AC_UL320_.jpg,2026-02-02 18:49:50,2026-02-06 18:24:56,,,,,,,
1842.0,Amazon,B08PPR137P,Ibanez PCBE14MH Acoustic-electric Bass - Weathered Black,0.0,0.0,4.8,16766,No featured offers available,Electronics,{},https://m.media-amazon.com/images/I/718KE14gzTL._AC_UL320_.jpg,2026-02-02 18:49:50,2026-02-06 18:24:56,,,,,,,
1843.0,Amazon,B0CBCZMHPP,"Newporter Player, Walnut Fingerboard, White Pickguard, Surf Green",0.0,0.0,4.3,46106,No featured offers available,Electronics,{},https://m.media-amazon.com/images/I/61JPfe7m78L._AC_UL320_.jpg,2026-02-02 18:49:50,2026-02-06 18:24:56,,,,,,,
1844.0,Amazon,B01CXCH3S4,Electric Guitar: Gear - A Complete Beginner's Guide To Understanding Guitar Effects And The Gear Used For Electric Guitar Playing & How To Master Your,3.0,3.87,4.7,22935,Print List Price:,Electronics,{},https://m.media-amazon.com/images/I/910IN38BqcL._AC_UL320_.jpg,2026-02-02 18:49:50,2026-02-06 18:24:56,,,,,,,
1845.0,Amazon,B088FXFBNZ,"Fender Redondo Player Acoustic Guitar, with 2-Year Warranty, Natural, Walnut Fingerboard",0.0,0.0,4.8,19367,No featured offers available,Electronics,{},https://m.media-amazon.com/images/I/619ZbqF8dsL._AC_UL320_.jpg,2026-02-02 18:49:50,2026-02-06 18:24:56,,,,,,,
1846.0,Amazon,B0CBD3CKJP,"Redondo Player, Walnut Fingerboard, White Pickguard, Candy Apple Red",0.0,0.0,4.2,46483,No featured offers available,Electronics,{},https://m.media-amazon.com/images/I/61H8boDJXYL._AC_UL320_.jpg,2026-02-02 18:49:50,2026-02-06 18:24:56,,,,,,,
1847.0,Amazon,B00B28HDH2,"Fender Acoustasonic Guitar Amp for Acoustic Guitar, 15 Watts, with 2-Year Warranty 6 Inch Speaker, Dual Front-Panel inputs, 11.5Hx11.19Wx7.13D Inches,",201.0,248.35,4.2,8228,100+ bought in past month,Electronics,{},https://m.media-amazon.com/images/I/81a5eeU795L._AC_UL320_.jpg,2026-02-02 18:49:50,2026-02-06 18:24:56,,,,,,,
1848.0,Amazon,B074MKYKP6,Fender Frontman 10G Guitar Combo Amplifier - Black Bundle with Cable and Austin Bazaar Exclusive 12-Pack Picks,152.0,173.42,3.8,17456,50+ bought in past month,Electronics,{},https://m.media-amazon.com/images/I/81ofIMyhoNL._AC_UL320_.jpg,2026-02-02 18:49:50,2026-02-06 18:24:56,,,,,,,
1849.0,Amazon,B00SG3Q6T2,"Orange Crush 20 20W 8"" 2-Channel Guitar Amplifier and Speaker Combo, Orange",227.0,293.95,4.4,31862,50+ bought in past month,Electronics,{},https://m.media-amazon.com/images/I/91Bmx1Gu6cL._AC_UL320_.jpg,2026-02-02 18:49:50,2026-02-06 18:24:56,,,,,,,
1850.0,Amazon,B0FS7CBLBD,"Positive Grid Spark NEO Core Wired Smart Guitar Headphone Amp with Custom Audio Drivers, Noise-Isolation, Bluetooth Streaming & Smart App with AI Feat",202.0,256.7,3.7,21568,100+ bought in past month,Electronics,{},https://m.media-amazon.com/images/I/71zTLxiCuvL._AC_UL320_.jpg,2026-02-02 18:49:50,2026-02-06 18:24:56,,,,,,,
1856.0,Amazon,B08DR4Q584,"Electric Acoustic Guitar 3/4 Size - 36 Inch Acoustic Electric Guitar Cutaway Acustica Guitarra Bundle for Beginners and Students, Spruce Top, Guitarra",190.0,233.36,4.3,24655,List:,Electronics,{},https://m.media-amazon.com/images/I/71eCqDKkpEL._AC_UL320_.jpg,2026-02-02 18:50:01,2026-02-06 18:24:56,,,,,,,
1857.0,Amazon,B0D2LNH3VF,"Fender Player II Stratocaster, Rosewood Fingerboard, Coral Red",0.0,0.0,4.0,24980,No featured offers available,Electronics,{},https://m.media-amazon.com/images/I/61z4N2CFAeL._AC_UL320_.jpg,2026-02-02 18:50:01,2026-02-06 18:24:56,,,,,,,
1858.0,Amazon,B076GLYS7N,Guitar TAB Beethoven Violin Concerto On Electric Guitar: Violic Guitar Play the Famouse Violin Concerto On Electric Guitar (Japanese Edition),37.0,42.87,4.9,24128,Japanese Edition,Electronics,{},https://m.media-amazon.com/images/I/61pkyRM6J3L._AC_UL320_.jpg,2026-02-02 18:50:01,2026-02-06 18:24:56,,,,,,,
1859.0,Amazon,B0065KP702,"Boss DS-1 Distortion Bundle with Gearlux Power Supply, Instrument Cable, Patch Cable, Picks, and Austin Bazaar Polishing Cloth",114.0,129.54,4.1,21402,100+ bought in past month,Electronics,{},https://m.media-amazon.com/images/I/71uUCYAWhOL._AC_UL320_.jpg,2026-02-02 18:50:01,2026-02-06 18:24:56,,,,,,,
1860.0,Amazon,B08FQQBNCZ,"Stagg 6 String Solid-Body Electric Guitar, Right, Black, 3/4 (SES-30 BK",0.0,0.0,4.6,31983,Shop products from small business brands sold in A,Electronics,{},https://m.media-amazon.com/images/I/51Guyb-N2RL._AC_UL320_.jpg,2026-02-02 18:50:01,2026-02-06 18:24:56,,,,,,,
1861.0,Amazon,B09ZXDCNLJ,"BOB WEIR & ROBERT HUNTER SIGNED AUTOGRAPH TELECASTER ELECTRIC GUITAR W/ PSA DNA AUTHENTICATION - DEAD FOUNDING MEMBERS W/ JERRY GARCIA, BILL KREUTZMAN",19084.0,24470.35,3.2,20935,Amazon,Electronics,{},https://m.media-amazon.com/images/I/519sWlDKokL._AC_UL320_.jpg,2026-02-02 18:50:01,2026-02-06 18:24:56,,,,,,,
1862.0,Amazon,B01MQWEF3B,"EMG Super 77 Retro Active Electric Guitar Humbucker Pickup Set, Zebra",265.0,313.08,3.2,29067,More Buying Choices,Electronics,{},https://m.media-amazon.com/images/I/714+dnd8vpL._AC_UL320_.jpg,2026-02-02 18:50:01,2026-02-06 18:24:56,,,,,,,
1863.0,Amazon,1957835060,The Best Guitar Book for Beginners: Electric Guitar 1: How to Play Your Favorite Songs and Guitar Solos Right Now,46.0,56.83,4.0,2005,List:,Electronics,{},https://m.media-amazon.com/images/I/61+iDclExnL._AC_UL320_.jpg,2026-02-02 18:50:01,2026-02-06 18:24:56,,,,,,,
1864.0,Amazon,B003AYKJK4,Fender Gretsch Synchro-Sonic Chrome Adjustable Bridge with Base Electric Guitar Bridge,0.0,0.0,3.1,24481,No featured offers available,Electronics,{},https://m.media-amazon.com/images/I/61Zqy3C-I5L._AC_UL320_.jpg,2026-02-02 18:50:01,2026-02-06 18:24:56,,,,,,,
1865.0,Amazon,B0DQ89SSXF,"Leo Jaymz 15W Portable Electric Guitar Amp with BT, Rechargeable Battery, Built-in Effects Reverb, Overdrive, EQ, Woodgrain Finish, and 6.35mm Headpho",115.0,129.5,3.8,24983,Amazon,Electronics,{},https://m.media-amazon.com/images/I/91p4DSM2FVL._AC_UL320_.jpg,2026-02-02 18:50:01,2026-02-06 18:24:56,,,,,,,
1866.0,Amazon,B00I5R1URW,Gretsch G5022CWFE Rancher Falcon Jumbo Cutaway Acoustic-Electric Guitar - White,0.0,0.0,4.3,23696,No featured offers available,Electronics,{},https://m.media-amazon.com/images/I/71xPtigAbSL._AC_UL320_.jpg,2026-02-02 18:50:01,2026-02-06 18:24:56,,,,,,,
1867.0,Amazon,B074KGZ9Z7,"Fender FCT-2 Professional Multi-Instrument Clip-On Tuner for Guitar, Bass, Ukulele, and Violin",30.0,36.6,3.8,8948,7K+ bought in past month,Electronics,{},https://m.media-amazon.com/images/I/61NgfOpbBCL._AC_UL320_.jpg,2026-02-02 18:50:01,2026-02-06 18:24:56,,,,,,,
1868.0,Amazon,B0D93WH36P,"Donner Electric Guitar Amp 20W, DEA-20 Guitar Amplifier with Reverb Effects, Practice Amp with Convenient Clean&Overdrive Switch for Portable",101.0,127.53,3.2,33423,List Price:,Electronics,{},https://m.media-amazon.com/images/I/91dgdJMY3hL._AC_UL320_.jpg,2026-02-02 18:50:01,2026-02-06 18:24:56,,,,,,,
1869.0,Amazon,B0012E0U7Q,"Gator Cases Deluxe Wood Case for Standard Electric Guitars, Fits Fender Stratocaster/Telecaster, Tweed (GW-ELECTRIC-TW)",0.0,0.0,4.3,12998,No featured offers available,Electronics,{},https://m.media-amazon.com/images/I/71K6UDaeSfL._AC_UL320_.jpg,2026-02-02 18:50:01,2026-02-06 18:24:56,,,,,,,
1870.0,Amazon,B0CLVSK84T,Ibanez Talman Bass Standard 5-string - Cosmic Blue Starburst,0.0,0.0,3.9,5221,No featured offers available,Electronics,{},https://m.media-amazon.com/images/I/71lkzMEageL._AC_UL320_.jpg,2026-02-02 18:50:01,2026-02-06 18:24:56,,,,,,,
1871.0,Amazon,B0DDXWRK7R,"MOOER Ocean Machine II Premium Dual Delay, Reverb and Looper Pedal Professional Ambient Pedal for Multiple Instruments, Guitar, Bass, Keyboards",380.0,451.9,3.0,29566,Amazon,Electronics,{},https://m.media-amazon.com/images/I/710SDrnghjL._AC_UL320_.jpg,2026-02-02 18:50:03,2026-02-06 18:24:56,,,,,,,
1872.0,Amazon,B0F942N9R7,"Natasha Carbon Fiber Acoustic Guitar, Cosmic Black",254.0,316.62,4.1,11344,Amazon,Electronics,{},https://m.media-amazon.com/images/I/61DyWgg9KsL._AC_UL320_.jpg,2026-02-02 18:50:06,2026-02-06 18:24:56,,,,,,,
1873.0,Amazon,UNKNOWN_3222,Need help?,0.0,0.0,5.0,7770,Amazon,Electronics,{},,2026-02-02 18:50:09,2026-02-02 18:51:17,,,,,,,
1874.0,Amazon,B09JXXMDYB,HyVibe Installation Kit for Acoustic Guitar (Requires Professional Installation) (HyV/H1),0.0,0.0,4.2,34004,Amazon,Electronics,{},https://m.media-amazon.com/images/I/61ebfOa4PVL._AC_UL320_.jpg,2026-02-02 18:50:11,2026-02-06 18:24:56,,,,,,,
1875.0,Amazon,B0BHQS8D1R,GTRS W800 Professional Electric Guitar Kit with Intelligent Process System Guitar Simulations Effects Drum Looper Metronome Support App Control for Re,1016.0,1214.79,4.6,19399,Amazon,Electronics,{},https://m.media-amazon.com/images/I/51LIdCmlA-L._AC_UL320_.jpg,2026-02-02 18:50:11,2026-02-06 18:24:56,,,,,,,
1876.0,Amazon,B0FV37T665,"AKLOT Strayloom 12-String Electric Guitar: Humbucker Pickups, Okoume Neck, Jatoba Fingerboard, Fully Adjustable Hybrid Bridge, Electric Guitar Kit wit",381.0,429.15,3.2,9305,New on Amazon in past month,Electronics,{},https://m.media-amazon.com/images/I/71jFzieFSbL._AC_UL320_.jpg,2026-02-02 18:50:11,2026-02-06 18:24:56,,,,,,,
1877.0,Amazon,B0CYKXSBQ3,"AeroBand Guitar Smart Guitar With Silicone Strings, Travel Silent Guitar With Detachable Fretboard, Headphone Jack, Built-in Speaker and Drum system,",520.0,649.24,4.9,28433,Amazon,Electronics,{},https://m.media-amazon.com/images/I/613h1DwCg+L._AC_UL320_.jpg,2026-02-02 18:50:11,2026-02-06 18:24:56,,,,,,,
1878.0,Amazon,B0F7L84DX9,"Leo Jaymz Electric Guitar, 6-String, Maple Neck, Headless Design, Right-Handed (Transparent Green​ - Flame)",216.0,260.01,3.2,7821,Amazon,Electronics,{},https://m.media-amazon.com/images/I/61wCxQZSHcL._AC_UL320_.jpg,2026-02-02 18:50:11,2026-02-06 18:24:56,,,,,,,
1879.0,Amazon,B0FTNNHZKS,"Kids Music Electric Guitar Multi-Functional with Light, DJ Turntable for an Immersive Playing Experience. Toy Guitar for Toddler Ages 3-5 4-6 5-7,a Ki",0.0,0.0,3.3,4799,Amazon,Electronics,{},https://m.media-amazon.com/images/I/710HsAnKyxL._AC_UL320_.jpg,2026-02-02 18:50:11,2026-02-06 18:24:56,,,,,,,
1880.0,Amazon,B0DLGBGPT4,"AeroBand Guitar Smart Guitar With Silicone Strings, Travel Silent Guitar With Detachable Fretboard, Headphone Jack, Built-in Speaker and Drum system,",571.0,667.85,4.4,46336,100+ bought in past month,Electronics,{},https://m.media-amazon.com/images/I/61mNlALpbFL._AC_UL320_.jpg,2026-02-02 18:50:11,2026-02-06 18:24:56,,,,,,,
1881.0,Amazon,B01AW87Y7Q,Axe Heaven KH-291 Kirk Hammet Mummy Mini Guitar,50.0,59.1,4.6,2555,Amazon,Electronics,{},https://m.media-amazon.com/images/I/71TGJuUsOtL._AC_UL320_.jpg,2026-02-02 18:50:11,2026-02-06 18:24:56,,,,,,,
1882.0,Amazon,B0FVVNRQGJ,"Lap Steel Guitar, Slide Steel Guitar Electric, 6 Strings Slotted Head Stock Guitars with Gig Bag & Slide Bar (Sunburst Color)",241.0,277.17,4.6,28033,List Price:,Electronics,{},https://m.media-amazon.com/images/I/71vKdcyuHaL._AC_UL320_.jpg,2026-02-02 18:50:11,2026-02-06 18:24:56,,,,,,,
1883.0,Amazon,B0FPFN6W69,electric guitars green color 36'' short scale 3/4 size mini guitars all people suitable for practice play travel music show and party solid phoenix bo,114.0,131.17,3.5,37358,Amazon,Electronics,{},https://m.media-amazon.com/images/I/510R2h3n0vL._AC_UL320_.jpg,2026-02-02 18:50:11,2026-02-06 18:24:56,,,,,,,
1884.0,Amazon,B0DT4WLLSY,EG-1 Mod-X Electric Hybrid Travel Guitar w/Deluxe Gig Bag,636.0,720.61,3.4,48256,Amazon,Electronics,{},https://m.media-amazon.com/images/I/71rrpv+H-TL._AC_UL320_.jpg,2026-02-02 18:50:11,2026-02-06 18:24:56,,,,,,,
1885.0,Amazon,B0G6L4CZGY,Jamstik Core MIDI Guitar (Midnight Black),889.0,1085.57,4.7,13417,Amazon,Electronics,{},https://m.media-amazon.com/images/I/61pu3ploeCL._AC_UL320_.jpg,2026-02-02 18:50:11,2026-02-06 18:24:56,,,,,,,
1896.0,JD.com,UNKNOWN_6713,华为耳机型号5,0.0,0.0,0.0,0,,General,{},,2026-02-02 18:51:18,2026-02-02 18:51:17,,,,,,,
2248.0,Amazon,UNKNOWN_1434,Need help?,0.0,0.0,5.0,7770,Amazon,Electronics,{},,2026-02-02 18:50:09,2026-02-02 18:51:18,,,,,,,
2602.0,Amazon,UNKNOWN_149,Need help?,0.0,0.0,5.0,7770,Amazon,Electronics,{},,2026-02-02 19:50:09,2026-02-06 18:24:54,,,,,,,
2630.0,Amazon,AMZ_SAMPLE_1_5,Samsung Amazon Model 6,1357.12,1293.25,3.8,16201,Samsung Store,Electronics,{},https://via.placeholder.com/150?text=Samsung,2026-02-06 18:23:31,2026-02-06 18:24:56,,,,,,,
2631.0,Amazon,AMZ_SAMPLE_1_6,Samsung Amazon Model 7,1440.81,1222.06,3.5,1106,Samsung Store,Electronics,{},https://via.placeholder.com/150?text=Samsung,2026-02-06 18:23:31,2026-02-06 18:24:56,,,,,,,
2632.0,Amazon,AMZ_SAMPLE_1_7,Apple Amazon Model 8,142.49,431.7,4.1,43295,Apple Store,Electronics,{},https://via.placeholder.com/150?text=Apple,2026-02-06 18:23:31,2026-02-06 18:24:56,,,,,,,
2633.0,Amazon,B01MCTAN0E,"Korean Spoon,Stainless Steel Long Handle Soup Spoons,Long Tablespoon,Coffee Spoon,Silver,Pack of 5 (8.7x1.6 inches)",16.0,19.41,4.0,1932,100+ bought in past month,Electronics,{},https://m.media-amazon.com/images/I/71YCQmTBLQL._AC_UL320_.jpg,2026-02-06 18:23:33,2026-02-06 18:24:56,,,,,,,
2634.0,Amazon,B0CDWBXLJH,"Square Head Spoons, Korean style Square Sugar Spoon,Thick Heavy Stainless Steel Soup Spoons Table Spoons Flat Square Spoon,7 Inch,Set of 4.",17.0,20.0,4.0,15598,200+ bought in past month,Electronics,{},https://m.media-amazon.com/images/I/61doLbg9LbL._AC_UL320_.jpg,2026-02-06 18:23:33,2026-02-06 18:24:56,,,,,,,
2635.0,Amazon,B0CBW2C9QW,"Classic Plastic Teaspoons (50 Count) - Durable White Plastic Spoons Heavy Duty, Premium Disposable Spoons for Weddings, Dinners, Everyday Flatware & P",3.0,3.75,3.7,18889,1K+ bought in past month,Electronics,{},https://m.media-amazon.com/images/I/512pHvVOfvL._AC_UL320_.jpg,2026-02-06 18:23:33,2026-02-06 18:24:56,,,,,,,
2636.0,Amazon,B00L9WK26A,OXO Good Grips 4 Piece Stainless Steel Measuring Spoons with Magnetic Snaps,0.0,0.0,3.9,8920,2K+ bought in past month,Electronics,{},https://m.media-amazon.com/images/I/51MjT-IiLwL._AC_UL320_.jpg,2026-02-06 18:23:33,2026-02-06 18:24:56,,,,,,,
2637.0,Amazon,B008H2JLP8,OXO Good Grips 3-Piece Wooden Spoon Set,0.0,0.0,4.4,20082,1K+ bought in past month,Electronics,{},https://m.media-amazon.com/images/I/81PC9xL-UYL._AC_UL320_.jpg,2026-02-06 18:23:33,2026-02-06 18:24:56,,,,,,,
2638.0,Amazon,B0DP9HY3XN,"JOLLY CHEF 300 Count Clear Plastic Teaspoons Heavy Duty, 6.54"" Heat Resistant Solid and Durable Plastic Teaspoons Disposable, Disposable Bulk Cutlery",21.0,23.9,3.6,20446,300+ bought in past month,Electronics,{},https://m.media-amazon.com/images/I/71Qw3XmHo8L._AC_UL320_.jpg,2026-02-06 18:23:33,2026-02-06 18:24:56,,,,,,,
2639.0,Amazon,B002XG5504,"Winco 18/0 Stainless Steel Dinner Spoons, Set of 12, Windsor pattern,Silver",12.0,14.41,3.7,42429,200+ bought in past month,Electronics,{},https://m.media-amazon.com/images/I/31AmccDM0jL._AC_UL320_.jpg,2026-02-06 18:23:33,2026-02-06 18:24:56,,,,,,,
2640.0,Amazon,B0DDG3LMWR,"100-Pack Clear Plastic Spoons Disposable BPA-Free Heat Resistant Utensils for Catering & Events -Spoons Heavy Duty Bulk,plastic disposable for Party S",9.0,10.67,3.6,23598,1K+ bought in past month,Electronics,{},https://m.media-amazon.com/images/I/61xBEwzspaL._AC_UL320_.jpg,2026-02-06 18:23:33,2026-02-06 18:24:56,,,,,,,
2641.0,Amazon,B082NMFZNF,"AOOSY Soup Spoons,Stainless Steel Korean Spoons Asian Soup Spoon, 6.3 Inches Heavy Duty Thick Short Handle Stainless Steel Ramen Spoon for Soup Cereal",10.0,12.62,4.3,9696,100+ bought in past month,Electronics,{},https://m.media-amazon.com/images/I/712zIHN0VmL._AC_UL320_.jpg,2026-02-06 18:23:33,2026-02-06 18:24:56,,,,,,,
2642.0,Amazon,B018VFUKXM,"AOOSY Long Handle Spoon, Coffee Stirrers, 9-inch Ice Tea Spoon,Premium 18/10 Stainless Steel Iced Teaspoon for Mothers Milks Tea Mixing Cocktail Stirr",10.0,11.32,3.1,41568,800+ bought in past month,Electronics,{},https://m.media-amazon.com/images/I/51Ukrlvg-8L._AC_UL320_.jpg,2026-02-06 18:23:33,2026-02-06 18:24:56,,,,,,,
2643.0,Amazon,B07TTZGWYH,"Hiware 8-Piece 9-Inch Long Handle Iced Tea Spoon, Coffee Spoon, Ice Cream Spoons, Stainless Steel Cocktail Stirring Spoons",12.0,14.11,4.8,47746,600+ bought in past month,Electronics,{},https://m.media-amazon.com/images/I/61uIrkjWTqL._AC_UL320_.jpg,2026-02-06 18:23:33,2026-02-06 18:24:56,,,,,,,
2644.0,Amazon,B01K44NPHG,"Zebra Thai Chinese Asian Stainless Steel Rice Soup Spoon (12 Pack), Silver",14.0,17.91,4.0,48962,200+ bought in past month,Electronics,{},https://m.media-amazon.com/images/I/71U8MPRcR2L._AC_UL320_.jpg,2026-02-06 18:23:33,2026-02-06 18:24:56,,,,,,,
2645.0,Amazon,B09BW18F9Z,OXO Steel Cooking Spoon,0.0,0.0,4.1,29150,500+ bought in past month,Electronics,{},https://m.media-amazon.com/images/I/41jQ8bHD27L._AC_UL320_.jpg,2026-02-06 18:23:33,2026-02-06 18:24:56,,,,,,,
2646.0,Amazon,B07CXNKTD4,"Wooden Spoons, 6 Pieces 9 Inch Wood Soup Spoons for Eating Mixing Stirring, Wood Spoon with Japanese Style Kitchen Utensil",11.0,13.14,4.2,557,List:,Electronics,{},https://m.media-amazon.com/images/I/613pI+JIN8L._AC_UL320_.jpg,2026-02-06 18:23:33,2026-02-06 18:24:56,,,,,,,
2647.0,Amazon,B00LFN9WCS,"Chef Craft Select Heavy Duty Basting Spoon, 12 inch, Stainless Steel",9.0,11.28,4.3,14644,300+ bought in past month,Electronics,{},https://m.media-amazon.com/images/I/51QbP5iIB6L._AC_UL320_.jpg,2026-02-06 18:23:33,2026-02-06 18:24:56,,,,,,,
2648.0,Amazon,B0DKXBNFK6,"TILUCK Stainless Steel Measuring Spoons Set,Coffee Scoop Spoon,Kitchen Gadgets for Cooking & Baking,Set of 6",7.0,7.91,3.6,43208,4K+ bought in past month,Electronics,{},https://m.media-amazon.com/images/I/716zxKcNwKL._AC_UL320_.jpg,2026-02-06 18:23:36,2026-02-06 18:24:56,,,,,,,
2649.0,Amazon,B08WR9WZ45,"Concession Essentials Disposable Wooden Cutlery Spoons, Compostable and Earth Friendly, 6.25 Inch Length - Pack of 100 Spoons",9.0,10.32,3.1,37511,600+ bought in past month,Electronics,{},https://m.media-amazon.com/images/I/81k3Kd1xzYL._AC_UL320_.jpg,2026-02-06 18:23:36,2026-02-06 18:24:56,,,,,,,
2650.0,Amazon,B00IH5X9BC,"Chef Craft - Select Serrated Grapefruit Spoon, 6.5 Inches 2 Piece Set of Grapefruit Spoons with Serrated Edge, Stainless Steel, Dishwasher-Safe",8.0,10.11,4.3,23801,1K+ bought in past month,Electronics,{},https://m.media-amazon.com/images/I/51SsnZexrDL._AC_UL320_.jpg,2026-02-06 18:23:36,2026-02-06 18:24:56,,,,,,,
2651.0,Amazon,B0B9T4H6V8,"NumNum Baby Spoons Set, Baby Essentials Pre-Spoon GOOtensils for 6+ Months, First Stage Self-Feeding Spoons for Baby Led Weaning (BLW), Silicone Toddl",25.0,31.42,3.9,32398,2K+ bought in past month,Electronics,{},https://m.media-amazon.com/images/I/61AFMLLnGNL._AC_UL320_.jpg,2026-02-06 18:23:36,2026-02-06 18:24:56,,,,,,,
2652.0,Amazon,B08DNH2SWG,"Artena Bright White 6.75 inch Asian Soup Spoons Set of 6, Ultra-fine Porcelain Tablespoon, Chinese/Japanese Kitchen Soup Spoons for Cereal, Ramen Pho",21.0,26.6,3.6,44982,200+ bought in past month,Electronics,{},https://m.media-amazon.com/images/I/51FCJtpJRLL._AC_UL320_.jpg,2026-02-06 18:23:36,2026-02-06 18:24:56,,,,,,,
2653.0,Amazon,B0823FQKH6,Riveira Bamboo Cooking Spoons 6-Piece – Wooden Cooking Utensils Set with Wooden Spoons for Cooking & Spatulas Wooden Utensil Sets – Premium Kitchen Ut,12.0,13.49,3.3,16130,4K+ bought in past month,Electronics,{},https://m.media-amazon.com/images/I/8103ZIjVhnL._AC_UL320_.jpg,2026-02-06 18:23:36,2026-02-06 18:24:56,,,,,,,
2654.0,Amazon,B08MZVYJS6,"Sevensun Small Wooden Teaspoon, 6pcs Serving Wooden Utensils For Cooking, Condiments, Honey, Spoons For Daily Use",11.0,12.15,3.1,4997,300+ bought in past month,Electronics,{},https://m.media-amazon.com/images/I/813qvDpAoGL._AC_UL320_.jpg,2026-02-06 18:23:36,2026-02-06 18:24:56,,,,,,,
2655.0,Amazon,B071CDH2W9,"Long Handle Spoon, 9-inch Ice Tea Spoon, DEALIGHT Premium 18/10 Stainless Steel Iced Teaspoon for Mixing, Cocktail Stirring, Tea, Coffee, Milkshake, C",12.0,15.41,3.8,45673,300+ bought in past month,Electronics,{},https://m.media-amazon.com/images/I/61tW1R1W-NL._AC_UL320_.jpg,2026-02-06 18:23:36,2026-02-06 18:24:56,,,,,,,
2656.0,Amazon,B07ZGDXBLQ,"French Bull Melamine Assorted, Tablespoon, Spoon, Set of 4 for Coffee, Milk Powder, Seed, Spices, Ice Cream, Yogurt, Stirring, Mixing, Sugar, 7"""" Dess",15.0,17.53,4.8,34571,100+ bought in past month,Electronics,{},https://m.media-amazon.com/images/I/71wl9AgsjeL._AC_UL320_.jpg,2026-02-06 18:23:36,2026-02-06 18:24:56,,,,,,,
2657.0,Amazon,B00F1UX6MI,"Chef Craft Select Serving Spoon, 9.5 inch, Stainless Steel",6.0,7.4,4.2,18651,400+ bought in past month,Electronics,{},https://m.media-amazon.com/images/I/51aJ-jQdiBL._AC_UL320_.jpg,2026-02-06 18:23:36,2026-02-06 18:24:56,,,,,,,
2658.0,Amazon,B0D7D6T6B1,OXO Good Grips Nylon Mini Spoon,0.0,0.0,4.3,40962,50+ bought in past month,Electronics,{},https://m.media-amazon.com/images/I/716aq5TLG2L._AC_UL320_.jpg,2026-02-06 18:23:36,2026-02-06 18:24:56,,,,,,,
2659.0,Amazon,B08PYP2YDV,"NUK Kiddy Cutlery Spoons, Durable Stainless Steel, BPA and Latex-Free, 18+ Months, Pack of 3",10.0,11.78,4.3,28781,50+ bought in past month,Electronics,{},https://m.media-amazon.com/images/I/715n8q+a2iL._AC_UL320_.jpg,2026-02-06 18:23:36,2026-02-06 18:24:56,,,,,,,
2660.0,Amazon,B003SDO0FM,"Oneida Flatware Flight, Iced Tea Spoons, Set of 4",24.0,29.68,3.3,8330,200+ bought in past month,Electronics,{},https://m.media-amazon.com/images/I/71OVlMU30bL._AC_UL320_.jpg,2026-02-06 18:23:36,2026-02-06 18:24:56,,,,,,,
2661.0,Amazon,B0CZJ2XL1Q,"360 Count Extra Heavy Duty Clear Plastic Forks and Spoons, 180 Forks & 180 Spoons, Heat Resistant, Disposable Plastic Silverware Set",33.0,37.85,3.7,49651,6K+ bought in past month,Electronics,{},https://m.media-amazon.com/images/I/61pbGWZw9GL._AC_UL320_.jpg,2026-02-06 18:23:36,2026-02-06 18:24:56,,,,,,,
2662.0,Amazon,B0DM8F4FTD,"2-Pack Chef Kunz Spoon | Silver Stainless Steel 2 Tbsp Basting Spoon, 9 Inch Solid Sauce Spoons, Big Serving Spoons Stainless Steel, Plating & Quenell",38.0,43.09,3.4,29275,300+ bought in past month,Electronics,{},https://m.media-amazon.com/images/I/51R6IUdJWoL._AC_UL320_.jpg,2026-02-06 18:23:38,2026-02-06 18:24:56,,,,,,,
2663.0,Amazon,B09QX68F19,"Shappy 4 Pieces Silicone Cooking Spoons 10.6 Inch Heat Resistant Kitchen Spoons for Mixing, Serving and Stirring Upgrade Large Non Stick Basting Utens",17.0,21.15,4.7,10768,700+ bought in past month,Electronics,{},https://m.media-amazon.com/images/I/611rFlpcNlL._AC_UL320_.jpg,2026-02-06 18:23:38,2026-02-06 18:24:56,,,,,,,
2664.0,Amazon,B0DZBWX8TV,6Pcs Asian Soup Spoons Long Handle with Hook Red and Black Chinses Ramen Spoon Japanese Ramen Wontons Soba Rice Noodle Pho Kitchen Christmas Gift,12.0,13.44,3.0,1806,700+ bought in past month,Electronics,{},https://m.media-amazon.com/images/I/61cjMS+JnxL._AC_UL320_.jpg,2026-02-06 18:23:38,2026-02-06 18:24:56,,,,,,,
2665.0,Amazon,B0FT35G65L,"Berglander Slotted Spoons for Straining 2 pcs 13"", Stainless Steel Kitchen Spider Strainer Skimmer Ladle for Straining Pasta/Cooking/Frying, Metal Kit",11.0,13.9,4.6,31384,1K+ bought in past month,Electronics,{},https://m.media-amazon.com/images/I/61iGj9nDfiL._AC_UL320_.jpg,2026-02-06 18:23:38,2026-02-06 18:24:56,,,,,,,
2666.0,Amazon,B096WFRQMF,OXO Good Grips Silicone Spoon Spatula - Oat,17.0,21.33,3.3,41195,100+ bought in past month,Electronics,{},https://m.media-amazon.com/images/I/518W6OaW3TS._AC_UL320_.jpg,2026-02-06 18:23:38,2026-02-06 18:24:56,,,,,,,
2667.0,Amazon,B001VZ6ZT8,"Winco BSOT-13 Solid Stainless Steel Basting Spoon, 13-Inch,Medium",8.0,8.95,4.9,20005,200+ bought in past month,Electronics,{},https://m.media-amazon.com/images/I/51Tf3NfvCDL._AC_UL320_.jpg,2026-02-06 18:23:38,2026-02-06 18:24:56,,,,,,,
2668.0,Amazon,B08JH2772M,PandaEar (2 Pack) Silicone Baby Food Dispensing Spoon|4 oz Infant Fruit Squeeze Feeder| Travel Friendly Kids Toddlers Boys Girl (Blue),11.0,13.77,5.0,1310,300+ bought in past month,Electronics,{},https://m.media-amazon.com/images/I/512a5rUdFUL._AC_UL320_.jpg,2026-02-06 18:23:38,2026-02-06 18:24:56,,,,,,,
2669.0,Amazon,B07DPLPH9L,First Essentials by NUK Soft-Bite Infant Spoons,12.0,14.2,3.2,7834,100+ bought in past month,Electronics,{},https://m.media-amazon.com/images/I/71K6RNE4T+L._AC_UL320_.jpg,2026-02-06 18:23:38,2026-02-06 18:24:56,,,,,,,
2670.0,Amazon,B0D79WHZBN,OXO Good Grips Nylon Sauté Spoon,0.0,0.0,4.8,13605,200+ bought in past month,Electronics,{},https://m.media-amazon.com/images/I/71RrC31PcSL._AC_UL320_.jpg,2026-02-06 18:23:38,2026-02-06 18:24:56,,,,,,,
2671.0,Amazon,B07XPWZG7G,"RSVP International Silicone Stir Spoons, 10 inch, Multi-Color | BPA-Free | Prefect for Stirring Drinks & Getting to the Bottom of Jars | Dishwasher Sa",18.0,21.3,4.4,14346,100+ bought in past month,Electronics,{},https://m.media-amazon.com/images/I/51hnKlokrZS._AC_UL320_.jpg,2026-02-06 18:23:38,2026-02-06 18:24:56,,,,,,,
2672.0,Amazon,B0FB3FH6ZG,"LYEOBOH 6 Pieces Asian Soup Spoons, Japanese Kitchen Soup Spoon Set, Dinner Tablespoons with Long Handle for Cereal, Ramen, Ice Cream, Dishwasher & Mi",22.0,26.53,4.2,28660,300+ bought in past month,Electronics,{},https://m.media-amazon.com/images/I/71+Gn9lvoML._AC_UL320_.jpg,2026-02-06 18:23:38,2026-02-06 18:24:56,,,,,,,
2673.0,Amazon,B07NL6WKMT,ezpz Tiny Spoon (2 Pack in Sage) - 6 Months+ - 100% Silicone Spoon for Baby Led Weaning + Purees - Designed by a Pediatric Feeding Specialist - Shower,20.0,22.87,3.4,17216,600+ bought in past month,Electronics,{},https://m.media-amazon.com/images/I/61Zg-V3aVFL._AC_UL320_.jpg,2026-02-06 18:23:38,2026-02-06 18:24:56,,,,,,,
2674.0,Amazon,B0CKWKY8XY,"Munchkin® Gentle Dip™ Baby Spoons for Self Feeding and Baby Led Weaning, 3 Pack, Blue/Green",8.0,10.08,4.7,13626,1K+ bought in past month,Electronics,{},https://m.media-amazon.com/images/I/71WHQNRxS0L._AC_UL320_.jpg,2026-02-06 18:23:38,2026-02-06 18:24:56,,,,,,,
2675.0,Amazon,B00OSBVD4Y,"Oneida Flight Everyday Flatware Teaspoons 18/0 Stainless Steel, Set of 4, Silver",16.0,19.99,3.3,4716,100+ bought in past month,Electronics,{},https://m.media-amazon.com/images/I/61hzlSlzRWL._AC_UL320_.jpg,2026-02-06 18:23:38,2026-02-06 18:24:56,,,,,,,
2676.0,Amazon,B09C5X77DY,"16 Pcs Forks and Spoons Silverware Set,Food Grade Stainless Steel Flatware Cutlery Set for Home,Kitchen and Restaurant,Mirror Polished,Dishwasher Safe",12.0,15.28,4.8,16480,3K+ bought in past month,Electronics,{},https://m.media-amazon.com/images/I/61EgWrEAAdL._AC_UL320_.jpg,2026-02-06 18:23:38,2026-02-06 18:24:56,,,,,,,
2682.0,Amazon,B0DQFDPRCW,Magic Spoon Honey Almond 8oz Granola,8.0,9.76,3.7,25818,200+ bought in past month,Electronics,{},https://m.media-amazon.com/images/I/81VTeFNT3aL._AC_UL320_.jpg,2026-02-06 18:23:49,2026-02-06 18:24:56,,,,,,,
2683.0,Amazon,B0B8X6N4YF,2020,5.0,6.11,4.3,9000,Amazon,Electronics,{},https://m.media-amazon.com/images/I/71+WkHp0XWL._AC_UL320_.jpg,2026-02-06 18:23:49,2026-02-06 18:24:56,,,,,,,
2684.0,Amazon,B07GRHZM5K,OXO Good Grips Non- Slip Spoon Rest,19.0,23.22,3.2,43926,400+ bought in past month,Electronics,{},https://m.media-amazon.com/images/I/41g9hSJc54L._AC_UL320_.jpg,2026-02-06 18:23:49,2026-02-06 18:24:56,,,,,,,
2685.0,Amazon,B08FBMD3D6,OXO Good Grips Stainless Steel Spoon Rest with Lid Holder,34.0,42.43,4.2,6254,800+ bought in past month,Electronics,{},https://m.media-amazon.com/images/I/71R2yk7RXJL._AC_UL320_.jpg,2026-02-06 18:23:49,2026-02-06 18:24:56,,,,,,,
2686.0,Amazon,B0CG7P2W4B,"Magic Spoon Treats - 8 Gluten Free Protein Bars, Chocolate Peanut Butter - High Protein Gluten Free Snack - Sugar & Grain Free Protein Cereal Bar - Lo",34.0,39.36,4.1,45855,1K+ bought in past month,Electronics,{},https://m.media-amazon.com/images/I/81xYBGUgCJL._AC_UL320_.jpg,2026-02-06 18:23:49,2026-02-06 18:24:56,,,,,,,
2687.0,Amazon,B01HT4205W,They Want My Soul,0.0,0.0,3.6,49391,Other formats:,Electronics,{},https://m.media-amazon.com/images/I/71L5AHeV5IL._AC_UL320_.jpg,2026-02-06 18:23:49,2026-02-06 18:24:56,,,,,,,
2688.0,Amazon,B0B3367T7R,"OGGI Stainless Steel Spoon Rest- Long Handle Holds Kitchen Utensils in Place, Great Spoon Rest for Counter, Stove Top, or Coffee Station; Kitchen Acce",0.0,0.0,3.1,43669,500+ bought in past month,Electronics,{},https://m.media-amazon.com/images/I/61WNaEwkM7L._AC_UL320_.jpg,2026-02-06 18:23:49,2026-02-06 18:24:56,,,,,,,
2689.0,Amazon,B0CLL8T8HF,"OXO Good Grips Non-Slip Spoon Rest Stainless Steel, Pack of 2",38.0,44.36,4.5,16359,Amazon,Electronics,{},https://m.media-amazon.com/images/I/41D3JkYaUJL._AC_UL320_.jpg,2026-02-06 18:23:49,2026-02-06 18:24:56,,,,,,,
2690.0,Amazon,B01CGA9M3M,"Pavilion Gift Company Blobby Cat, Cat Spoon Rest""I Licked the Spoon"", 5"", White",12.0,13.28,4.8,32370,100+ bought in past month,Electronics,{},https://m.media-amazon.com/images/I/617yhznbocL._AC_UL320_.jpg,2026-02-06 18:23:49,2026-02-06 18:24:56,,,,,,,
2691.0,Amazon,B0D21DL8L6,"MyGift Countertop Ceramic Spoon Rest with Matte Black Metal Stand, Upright Ladle Holder Rack with 2 Bowl Dish",28.0,35.93,4.5,7539,100+ bought in past month,Electronics,{},https://m.media-amazon.com/images/I/51yd5tJPTPL._AC_UL320_.jpg,2026-02-06 18:23:49,2026-02-06 18:24:56,,,,,,,
2692.0,Amazon,B0C8168D7B,"JOLLY CHEF [300 Count] Clear Plastic Spoons, Heavy Duty Disposable Spoons Utensils, Clear Plastic Silverware Bulk for Party, Birthday, Wedding, Thanks",25.0,31.41,4.6,25264,400+ bought in past month,Electronics,{},https://m.media-amazon.com/images/I/71wI+QQEZKL._AC_UL320_.jpg,2026-02-06 18:23:49,2026-02-06 18:24:56,,,,,,,
2693.0,Amazon,B00IMQR6EM,"Oneida 2272004E Marquette Fine Flatware Teaspoons, Set Of 4",40.0,47.99,3.1,17983,(SGD 10.02SGD10.02/pack),Electronics,{},https://m.media-amazon.com/images/I/618FOYfWAcL._AC_UL320_.jpg,2026-02-06 18:23:49,2026-02-06 18:24:56,,,,,,,
2694.0,Amazon,B0FYVTG4D4,"2 Pcs Stainless Steel Cooking Spoons Set, Solid & Slotted Metal Serving Spoons, Heavy Duty Sturdy Large Soup Ladle, High Heat Resistant Kitchen Cookin",16.0,20.02,4.8,586,700+ bought in past month,Electronics,{},https://m.media-amazon.com/images/I/6191pZSI6CL._AC_UL320_.jpg,2026-02-06 18:23:49,2026-02-06 18:24:56,,,,,,,
2695.0,Amazon,B0CQZ585B7,"Heyiwell 50 Pieces Premium Plastic Wide Handle Spoons,Ice Cream Spoons Dessert Spoons 5.9"" long,Random 5 Colors",17.0,20.55,3.8,13329,100+ bought in past month,Electronics,{},https://m.media-amazon.com/images/I/81fNIWO1oIL._AC_UL320_.jpg,2026-02-06 18:23:49,2026-02-06 18:24:56,,,,,,,
2696.0,Amazon,B000F7DTHO,"RSVP International Endurance Grapefruit Tool Collection Stainless Steel, Dishwasher Safe, Spoon Set",25.0,27.6,4.0,16189,(SGD 12.69SGD12.69/count),Electronics,{},https://m.media-amazon.com/images/I/618+mMkYeFL._AC_UL320_.jpg,2026-02-06 18:23:49,2026-02-06 18:24:56,,,,,,,
2697.0,Amazon,B099WBWD23,The CEO (Silver Spoon MC),3.0,3.43,3.6,7012,Print List Price:,Electronics,{},https://m.media-amazon.com/images/I/81Tw2qw8esL._AC_UL320_.jpg,2026-02-06 18:23:51,2026-02-06 18:24:56,,,,,,,
2698.0,Amazon,B092H9CLHN,"Totally Bamboo Baltique Marrakesh Collection 12-1/2"" Wooden Cooking Spoon with Spoon Rest Notch, Safe for Use on Nonstick",16.0,18.6,4.7,6692,50+ bought in past month,Electronics,{},https://m.media-amazon.com/images/I/71UdQXX1axS._AC_UL320_.jpg,2026-02-06 18:23:51,2026-02-06 18:24:56,,,,,,,
2699.0,Amazon,B0G1CPCBGN,"Le Creuset Stoneware Heart Shaped Spoon Rest, 5"", Provence",0.0,0.0,3.4,6240,50+ bought in past month,Electronics,{},https://m.media-amazon.com/images/I/515WPYf57WL._AC_UL320_.jpg,2026-02-06 18:23:51,2026-02-06 18:24:56,,,,,,,
2700.0,Amazon,B0D179MY9C,"100 Count Plastic Silverware Heavy Duty -50 Forks, 50 Spoons, BPA-Free, Heat Resistant, Disposable Plastic Utensils Set, Plastic Cutlery Set, Plasticw",10.0,12.87,3.6,13169,3K+ bought in past month,Electronics,{},https://m.media-amazon.com/images/I/61cU3BMirLL._AC_UL320_.jpg,2026-02-06 18:23:51,2026-02-06 18:24:56,,,,,,,
2701.0,Amazon,B0CTJ5PBYY,1000 Pcs Plastic Utensils Set - 500 Forks And 500 Spoons - Premium Plastic Forks And Spoons - Medium Weight Silverware Set - Bulk Disposable Cutlery,28.0,31.93,3.1,29792,900+ bought in past month,Electronics,{},https://m.media-amazon.com/images/I/71decTNGgrL._AC_UL320_.jpg,2026-02-06 18:23:51,2026-02-06 18:24:56,,,,,,,
2702.0,Amazon,B0B4SDZWFY,"LotFancy 200 Mini Wooden Spoons, 4 Inch Length, Biodegradable Compostable Eco-friendly Birchwood Taster Spoons",11.0,13.61,3.6,9259,400+ bought in past month,Electronics,{},https://m.media-amazon.com/images/I/71hiZnGx8yL._AC_UL320_.jpg,2026-02-06 18:23:51,2026-02-06 18:24:56,,,,,,,
2703.0,Amazon,B0DVB9J18Z,"100 Combo Pack 50 Gold Mini Forks And 50 Gold Mini Spoons 4 Inch Dessert Forks And Spoons - Heavy duty Mini Cutlery, Tastings, Cocktails, Dessert Cups",12.0,13.93,3.7,35175,300+ bought in past month,Electronics,{},https://m.media-amazon.com/images/I/71Epl01yAJL._AC_UL320_.jpg,2026-02-06 18:23:51,2026-02-06 18:24:56,,,,,,,
2704.0,Amazon,B003UGC4MS,"Chef Craft Select Plastic Measuring Spoon Set, 6 piece set, White and Blue",6.0,6.78,4.9,48741,300+ bought in past month,Electronics,{},https://m.media-amazon.com/images/I/61VNa4Uo8vL._AC_UL320_.jpg,2026-02-06 18:23:51,2026-02-06 18:24:56,,,,,,,
2705.0,Amazon,B0F18Z9N2T,"8-Piece Spoons Set, 7 Inch Stainless Steel Teaspoon, Tablespoon, Silverware Spoons for Home,Kitchen or Restaurant, Dishwasher Safe",16.0,19.13,3.8,41578,400+ bought in past month,Electronics,{},https://m.media-amazon.com/images/I/61M8pNsBSAL._AC_UL320_.jpg,2026-02-06 18:23:51,2026-02-06 18:24:56,,,,,,,
2706.0,Amazon,B0C3CVRWG2,"Extra Large Serving Spoons Set,18/8 Stainless Steel Slotted Spoon and Serving Spoon,9.8 Inch Buffet Spoons Set,Tabletop Flatware Utensil (2pack)",17.0,20.9,3.9,15140,200+ bought in past month,Electronics,{},https://m.media-amazon.com/images/I/51Q-K7yiKJL._AC_UL320_.jpg,2026-02-06 18:23:51,2026-02-06 18:24:56,,,,,,,
2707.0,Amazon,B004QPWKP8,"All-Clad Specialty Stainless Steel Kitchen Gadgets Slotted Spoon Kitchen Tools, Kitchen Hacks Silver",31.0,37.78,3.4,26905,100+ bought in past month,Electronics,{},https://m.media-amazon.com/images/I/61-AKJjYMGL._AC_UL320_.jpg,2026-02-06 18:23:51,2026-02-06 18:24:56,,,,,,,
2708.0,Amazon,B0CTTV6HN4,"7 PCS Wooden Spoons for Eating, 7 inch Wooden Honey Spoons for Tea, Wood Teaspoons for Stirring Coffee, Hard Wood Table Spoon for Cooking, Small Servi",15.0,19.39,4.5,20181,400+ bought in past month,Electronics,{},https://m.media-amazon.com/images/I/81rgIdigAiL._AC_UL320_.jpg,2026-02-06 18:23:51,2026-02-06 18:24:56,,,,,,,
2709.0,Amazon,B0D1QJVNJK,"5 Pieces Glass Spoons - 6.1 inch Coffee Teaspoons, Heat Resistant Stirrers for Tea, Sugar, Home Bar Party (5 Color)",29.0,37.3,4.5,47315,200+ bought in past month,Electronics,{},https://m.media-amazon.com/images/I/61GxSlXiStL._AC_UL320_.jpg,2026-02-06 18:23:51,2026-02-06 18:24:56,,,,,,,
2710.0,Amazon,B07JJ8Y9BC,"Idomy 8-Piece Stainless Steel Buffet Serving Spoon, Large Serving Spoon",20.0,22.21,4.7,33181,400+ bought in past month,Electronics,{},https://m.media-amazon.com/images/I/514S1QGPLQL._AC_UL320_.jpg,2026-02-06 18:23:51,2026-02-06 18:24:56,,,,,,,
2711.0,Amazon,B0FQ5LNB5W,"9.5-Inch Long Spoon, Ice Tea Spoons for Ice Cream, Coffee, Cocktail, Stainless Steel Long Spoons for Stirring, Long Handle Spoon, Set of 6",8.0,10.01,4.3,9989,100+ bought in past month,Electronics,{},https://m.media-amazon.com/images/I/71fxO+sv0BL._AC_UL320_.jpg,2026-02-06 18:23:51,2026-02-06 18:24:56,,,,,,,
2717.0,Amazon,UNKNOWN_8224,Need help?,0.0,0.0,3.8,39216,Amazon,Electronics,{},,2026-02-06 18:24:12,2026-02-06 18:24:55,,,,,,,
2718.0,JD.com,UNKNOWN_1765,华为耳机型号5,0.0,0.0,0.0,0,,General,{},,2026-02-06 18:24:55,2026-02-06 18:24:55,,,,,,,
3055.0,Amazon,UNKNOWN_4,Need help?,0.0,0.0,5.0,7770,Amazon,Electronics,{},,2026-02-02 19:50:09,2026-02-06 18:24:56,,,,,,,
3178.0,Amazon,UNKNOWN_7928,Need help?,0.0,0.0,3.8,39216,Amazon,Electronics,{},,2026-02-06 18:24:12,2026-02-06 18:24:56,,,,,,,
,Amazon,AMZ_SAMPLE_1_0,HP plant Model 1,1312.73,2414.36,3.6,41140,HP Store,Electronics,,https://via.placeholder.com/150?text=HP,2026-02-10 17:46:15,,https://www.amazon.com/dp/SAMPLE10,web_crawl,,,,,
,Amazon,AMZ_SAMPLE_1_1,Dell plant Model 2,1947.14,2282.53,3.9,11971,Dell Store,Electronics,,https://via.placeholder.com/150?text=Dell,2026-02-10 17:46:15,,https://www.amazon.com/dp/SAMPLE11,web_crawl,,,,,
,Amazon,AMZ_SAMPLE_1_2,Apple plant Model 3,1462.39,2021.42,3.5,2939,Apple Store,Electronics,,https://via.placeholder.com/150?text=Apple,2026-02-10 17:46:15,,https://www.amazon.com/dp/SAMPLE12,web_crawl,,,,,
,Amazon,AMZ_SAMPLE_1_3,Apple plant Model 4,1888.25,527.97,4.0,41206,Apple Store,Electronics,,https://via.placeholder.com/150?text=Apple,2026-02-10 17:46:15,,https://www.amazon.com/dp/SAMPLE13,web_crawl,,,,,
,Amazon,AMZ_SAMPLE_1_4,Samsung plant Model 5,466.35,510.93,4.7,35535,Samsung Store,Electronics,,https://via.placeholder.com/150?text=Samsung,2026-02-10 17:46:15,,https://www.amazon.com/dp/SAMPLE14,web_crawl,,,,,
,Amazon,B0F2YSWFCT,"Vase with Greenery, 20pcs Artificial EucalyptusStems in White Vase, Boho Home Decor Plant, 19"" Decorative Fake Plants for Home Farmhouse Mantle Center",335772.0,399969.2,4.7,14383,500+ bought in past month,Electronics,,https://m.media-amazon.com/images/I/7122TCXKKtL._AC_UL320_.jpg,2026-02-10 17:46:15,,https://www.amazon.com/Shanranplus-Artificial-EucalyptusStems-Decorative-Centerpiece/dp/B0F2YSWFCT/ref=sr_1_49?dib=eyJ2IjoiMSJ9.pkMdv--QEwhv0VGbsQYVegUH2MEiJvPq02r1VyeSEuVsgv-ir_lDsniupkAoKxjeGXMF9RCk5_4tos3CWHviaU4NDP8yboaRCOPxZkc_q54qOltHoTf2W5jhezwA-nBkSTQNdO4XNEJfa5Wj3_7ZeqsxfF2JkbEBQVzmtx-Fo5yQXCjTpOw2_2DISg0YYTv7xMmNRtsiyF_xbP-u73wk4Y1Z_1IL20Vx9n7KUABc0uNC0xyO9mhfQH9_vI0gOYnR2yJ3jS1g2MOKbEyUeZrdvlY3DowiuNali6Ssc7dUlks.yAiwHuMHdPQlJ9sjq2gwazM1AurG_EuZYxJoFapR8h8&dib_tag=se&keywords=plant&qid=1770720288&sr=8-49,web_crawl,,,,,
,Amazon,B0CHVV3RJ6,"KOL 3ft 2-Pack Artificial Snake Plant - Thick Lifelike Leaves, Faux Silk Sansevieria for Indoor Home & Garden Decor, 35in Potted Fake Mother-in-Law's ",1444374.0,1788028.74,3.5,19862,"(IDR 722,271.00IDR722,271.00/count)",Electronics,,https://m.media-amazon.com/images/I/71wk5e22ZwL._AC_UL320_.jpg,2026-02-10 17:46:15,,https://www.amazon.com/KOL-Artificial-Sansevieria-Outdoor-Lifelike/dp/B0CHVV3RJ6/ref=sr_1_50?dib=eyJ2IjoiMSJ9.pkMdv--QEwhv0VGbsQYVegUH2MEiJvPq02r1VyeSEuVsgv-ir_lDsniupkAoKxjeGXMF9RCk5_4tos3CWHviaU4NDP8yboaRCOPxZkc_q54qOltHoTf2W5jhezwA-nBkSTQNdO4XNEJfa5Wj3_7ZeqsxfF2JkbEBQVzmtx-Fo5yQXCjTpOw2_2DISg0YYTv7xMmNRtsiyF_xbP-u73wk4Y1Z_1IL20Vx9n7KUABc0uNC0xyO9mhfQH9_vI0gOYnR2yJ3jS1g2MOKbEyUeZrdvlY3DowiuNali6Ssc7dUlks.yAiwHuMHdPQlJ9sjq2gwazM1AurG_EuZYxJoFapR8h8&dib_tag=se&keywords=plant&qid=1770720288&sr=8-50,web_crawl,,,,,
,Amazon,B0BXSTGTND,Sggvecsy Fake Hanging Plants 4 Pack Artificial Hanging Plants Fake Potted Greenery Faux Eucalyptus Vine String of Pearls Boston Fern Ivy Vine Leaves f,285381.0,359435.35,3.9,16135,100+ bought in past month,Electronics,,https://m.media-amazon.com/images/I/91TBJ5d9IHL._AC_UL320_.jpg,2026-02-10 17:46:15,,https://www.amazon.com/Sggvecsy-Hanging-Artificial-Greenery-Eucalyptus/dp/B0BXSTGTND/ref=sr_1_51?dib=eyJ2IjoiMSJ9.pkMdv--QEwhv0VGbsQYVegUH2MEiJvPq02r1VyeSEuVsgv-ir_lDsniupkAoKxjeGXMF9RCk5_4tos3CWHviaU4NDP8yboaRCOPxZkc_q54qOltHoTf2W5jhezwA-nBkSTQNdO4XNEJfa5Wj3_7ZeqsxfF2JkbEBQVzmtx-Fo5yQXCjTpOw2_2DISg0YYTv7xMmNRtsiyF_xbP-u73wk4Y1Z_1IL20Vx9n7KUABc0uNC0xyO9mhfQH9_vI0gOYnR2yJ3jS1g2MOKbEyUeZrdvlY3DowiuNali6Ssc7dUlks.yAiwHuMHdPQlJ9sjq2gwazM1AurG_EuZYxJoFapR8h8&dib_tag=se&keywords=plant&qid=1770720288&sr=8-51,web_crawl,,,,,
,Amazon,B0D48NW2GG,Bamworld Plant Stand Outdoor Rolling Tray Plant Caddy with Wheels 12in Plant Caster with Wheels Planter Caddy Flower Cart Plant Dolly for Heavy Duty L,335772.0,372527.39,4.4,35082,1K+ bought in past month,Electronics,,https://m.media-amazon.com/images/I/71b1PvggS6L._AC_UL320_.jpg,2026-02-10 17:46:15,,https://www.amazon.com/Bamworld-Rolling-Outdoor-Swiveling-Lockable/dp/B0D48NW2GG/ref=sr_1_52?dib=eyJ2IjoiMSJ9.pkMdv--QEwhv0VGbsQYVegUH2MEiJvPq02r1VyeSEuVsgv-ir_lDsniupkAoKxjeGXMF9RCk5_4tos3CWHviaU4NDP8yboaRCOPxZkc_q54qOltHoTf2W5jhezwA-nBkSTQNdO4XNEJfa5Wj3_7ZeqsxfF2JkbEBQVzmtx-Fo5yQXCjTpOw2_2DISg0YYTv7xMmNRtsiyF_xbP-u73wk4Y1Z_1IL20Vx9n7KUABc0uNC0xyO9mhfQH9_vI0gOYnR2yJ3jS1g2MOKbEyUeZrdvlY3DowiuNali6Ssc7dUlks.yAiwHuMHdPQlJ9sjq2gwazM1AurG_EuZYxJoFapR8h8&dib_tag=se&keywords=plant&qid=1770720288&sr=8-52,web_crawl,,,,,
,Amazon,B0DBZFJ1F8,"Artificial Palm Tree 4FT, Suntee Fake Tree with White Tall Planter 2 Pack, Faux Tropical Areca Floor Plant in Pot, Artificial Silk Plant for Home Offi",940464.0,1044878.34,3.0,174,100+ bought in past month,Electronics,,https://m.media-amazon.com/images/I/81-ig1n35nL._AC_UL320_.jpg,2026-02-10 17:46:15,,https://www.amazon.com/Artificial-Suntee-Planter-Tropical-Office/dp/B0DBZFJ1F8/ref=sr_1_53?dib=eyJ2IjoiMSJ9.pkMdv--QEwhv0VGbsQYVegUH2MEiJvPq02r1VyeSEuVsgv-ir_lDsniupkAoKxjeGXMF9RCk5_4tos3CWHviaU4NDP8yboaRCOPxZkc_q54qOltHoTf2W5jhezwA-nBkSTQNdO4XNEJfa5Wj3_7ZeqsxfF2JkbEBQVzmtx-Fo5yQXCjTpOw2_2DISg0YYTv7xMmNRtsiyF_xbP-u73wk4Y1Z_1IL20Vx9n7KUABc0uNC0xyO9mhfQH9_vI0gOYnR2yJ3jS1g2MOKbEyUeZrdvlY3DowiuNali6Ssc7dUlks.yAiwHuMHdPQlJ9sjq2gwazM1AurG_EuZYxJoFapR8h8&dib_tag=se&keywords=plant&qid=1770720288&sr=8-53,web_crawl,,,,,
,Amazon,B0FNM4Q6JW,CEWOR Fake Plants Artificial Plants Indoor Faux Plant for Home Decor Silk Realistic Hanging Plants Potted Aesthetic Fake Pothos for Shelves Office Bed,392881.0,489719.31,4.3,34146,400+ bought in past month,Electronics,,https://m.media-amazon.com/images/I/71sScRIEX7L._AC_UL320_.jpg,2026-02-10 17:46:15,,https://www.amazon.com/CEWOR-Artificial-Realistic-Aesthetic-Bathroom/dp/B0FNM4Q6JW/ref=sr_1_54?dib=eyJ2IjoiMSJ9.pkMdv--QEwhv0VGbsQYVegUH2MEiJvPq02r1VyeSEuVsgv-ir_lDsniupkAoKxjeGXMF9RCk5_4tos3CWHviaU4NDP8yboaRCOPxZkc_q54qOltHoTf2W5jhezwA-nBkSTQNdO4XNEJfa5Wj3_7ZeqsxfF2JkbEBQVzmtx-Fo5yQXCjTpOw2_2DISg0YYTv7xMmNRtsiyF_xbP-u73wk4Y1Z_1IL20Vx9n7KUABc0uNC0xyO9mhfQH9_vI0gOYnR2yJ3jS1g2MOKbEyUeZrdvlY3DowiuNali6Ssc7dUlks.yAiwHuMHdPQlJ9sjq2gwazM1AurG_EuZYxJoFapR8h8&dib_tag=se&keywords=plant&qid=1770720288&sr=8-54,web_crawl,,,,,
,Amazon,B06XT5TGDS,"Plant Watering Globes Set of 6 - Small Glass Self Watering Bulbs Up to 5 Days of Irrigation - for Indoor & Outdoor Plants - Multicolor, Automatic, Gla",364326.0,470635.38,3.4,32642,1K+ bought in past month,Electronics,,https://m.media-amazon.com/images/I/814C2gVPphL._AC_UL320_.jpg,2026-02-10 17:46:15,,https://www.amazon.com/Miles-Kimball-Multicolored-Watering-Globes-Each/dp/B06XT5TGDS/ref=sr_1_55?dib=eyJ2IjoiMSJ9.pkMdv--QEwhv0VGbsQYVegUH2MEiJvPq02r1VyeSEuVsgv-ir_lDsniupkAoKxjeGXMF9RCk5_4tos3CWHviaU4NDP8yboaRCOPxZkc_q54qOltHoTf2W5jhezwA-nBkSTQNdO4XNEJfa5Wj3_7ZeqsxfF2JkbEBQVzmtx-Fo5yQXCjTpOw2_2DISg0YYTv7xMmNRtsiyF_xbP-u73wk4Y1Z_1IL20Vx9n7KUABc0uNC0xyO9mhfQH9_vI0gOYnR2yJ3jS1g2MOKbEyUeZrdvlY3DowiuNali6Ssc7dUlks.yAiwHuMHdPQlJ9sjq2gwazM1AurG_EuZYxJoFapR8h8&dib_tag=se&keywords=plant&qid=1770720288&sr=8-55,web_crawl,,,,,
,Amazon,B0BRPVLWZK,"5-Pack Decent Metal Plant Stands, Heavy Duty Flower Pot Stands for Multiple Plant, Anti-Rust Iron Plant Pot Shelf, Decoration Racks for Home Indoor an",335772.0,409565.85,4.1,11878,1K+ bought in past month,Electronics,,https://m.media-amazon.com/images/I/81c6QAI9oDL._AC_UL320_.jpg,2026-02-10 17:46:15,,https://www.amazon.com/Linpla-Multiple-Anti-Rust-Decoration-Outdoor/dp/B0BRPVLWZK/ref=sr_1_56?dib=eyJ2IjoiMSJ9.pkMdv--QEwhv0VGbsQYVegUH2MEiJvPq02r1VyeSEuVsgv-ir_lDsniupkAoKxjeGXMF9RCk5_4tos3CWHviaU4NDP8yboaRCOPxZkc_q54qOltHoTf2W5jhezwA-nBkSTQNdO4XNEJfa5Wj3_7ZeqsxfF2JkbEBQVzmtx-Fo5yQXCjTpOw2_2DISg0YYTv7xMmNRtsiyF_xbP-u73wk4Y1Z_1IL20Vx9n7KUABc0uNC0xyO9mhfQH9_vI0gOYnR2yJ3jS1g2MOKbEyUeZrdvlY3DowiuNali6Ssc7dUlks.yAiwHuMHdPQlJ9sjq2gwazM1AurG_EuZYxJoFapR8h8&dib_tag=se&keywords=plant&qid=1770720288&sr=8-56,web_crawl,,,,,
,Amazon,B0BNXGH4ND,5ft Artificial Palm Tree Indoor Plant Tall Fake Tropical Paradise Palm Tree in Pot with Real Bark Design Faux Areca Palm Tree for Home Office Living R,957261.0,1093673.16,4.9,31446,100+ bought in past month,Electronics,,https://m.media-amazon.com/images/I/81NAcN7391L._AC_UL320_.jpg,2026-02-10 17:46:15,,https://www.amazon.com/Keeplush-Artificial-Tropical-Paradise-Farmhouse/dp/B0BNXGH4ND/ref=sr_1_57?dib=eyJ2IjoiMSJ9.pkMdv--QEwhv0VGbsQYVegUH2MEiJvPq02r1VyeSEuVsgv-ir_lDsniupkAoKxjeGXMF9RCk5_4tos3CWHviaU4NDP8yboaRCOPxZkc_q54qOltHoTf2W5jhezwA-nBkSTQNdO4XNEJfa5Wj3_7ZeqsxfF2JkbEBQVzmtx-Fo5yQXCjTpOw2_2DISg0YYTv7xMmNRtsiyF_xbP-u73wk4Y1Z_1IL20Vx9n7KUABc0uNC0xyO9mhfQH9_vI0gOYnR2yJ3jS1g2MOKbEyUeZrdvlY3DowiuNali6Ssc7dUlks.yAiwHuMHdPQlJ9sjq2gwazM1AurG_EuZYxJoFapR8h8&dib_tag=se&keywords=plant&qid=1770720288&sr=8-57,web_crawl,,,,,
,Amazon,B0FVVC6J3Q,Hydroponics Growing System Garden: 8 Pods Indoor Herb Garden with Grow Light Plants Germination Kit Quiet Automatic Hydroponic Height Adjustable - Gar,671712.0,850945.18,4.6,29232,500+ bought in past month,Electronics,,https://m.media-amazon.com/images/I/718Z9R76IlL._AC_UL320_.jpg,2026-02-10 17:46:15,,https://www.amazon.com/URUQ-Hydroponics-Growing-System-Garden/dp/B0FVVC6J3Q/ref=sr_1_58?dib=eyJ2IjoiMSJ9.pkMdv--QEwhv0VGbsQYVegUH2MEiJvPq02r1VyeSEuVsgv-ir_lDsniupkAoKxjeGXMF9RCk5_4tos3CWHviaU4NDP8yboaRCOPxZkc_q54qOltHoTf2W5jhezwA-nBkSTQNdO4XNEJfa5Wj3_7ZeqsxfF2JkbEBQVzmtx-Fo5yQXCjTpOw2_2DISg0YYTv7xMmNRtsiyF_xbP-u73wk4Y1Z_1IL20Vx9n7KUABc0uNC0xyO9mhfQH9_vI0gOYnR2yJ3jS1g2MOKbEyUeZrdvlY3DowiuNali6Ssc7dUlks.yAiwHuMHdPQlJ9sjq2gwazM1AurG_EuZYxJoFapR8h8&dib_tag=se&keywords=plant&qid=1770720288&sr=8-58,web_crawl,,,,,
,Amazon,B074JHGQQZ,MyGift 10 Inch Fake Grass Artificial Plants in Rectangular Black Wood Planter - Faux Plants Indoor for Tabletop Centerpiece Décor,347529.0,440179.31,3.9,38395,200+ bought in past month,Electronics,,https://m.media-amazon.com/images/I/81jTjxrDfRL._AC_UL320_.jpg,2026-02-10 17:46:15,,https://www.amazon.com/Artificial-Plants-Decorative-Rectangular-Planter/dp/B074JHGQQZ/ref=sr_1_59?dib=eyJ2IjoiMSJ9.pkMdv--QEwhv0VGbsQYVegUH2MEiJvPq02r1VyeSEuVsgv-ir_lDsniupkAoKxjeGXMF9RCk5_4tos3CWHviaU4NDP8yboaRCOPxZkc_q54qOltHoTf2W5jhezwA-nBkSTQNdO4XNEJfa5Wj3_7ZeqsxfF2JkbEBQVzmtx-Fo5yQXCjTpOw2_2DISg0YYTv7xMmNRtsiyF_xbP-u73wk4Y1Z_1IL20Vx9n7KUABc0uNC0xyO9mhfQH9_vI0gOYnR2yJ3jS1g2MOKbEyUeZrdvlY3DowiuNali6Ssc7dUlks.yAiwHuMHdPQlJ9sjq2gwazM1AurG_EuZYxJoFapR8h8&dib_tag=se&keywords=plant&qid=1770720288&sr=8-59,web_crawl,,,,,
,Amazon,B0DHL7JQSN,"Plant Stand Indoor with Grow Lights - 44"" Tall Corner Plant Stands for Indoor Plants, 5 Tiered Metal Plant Shelf, Curved Plant Flower Holder Dispaly R",1175454.0,1453987.79,4.7,25768,600+ bought in past month,Electronics,,https://m.media-amazon.com/images/I/81ZoW8KtDwL._AC_UL320_.jpg,2026-02-10 17:46:15,,https://www.amazon.com/Plant-Stand-Indoor-Grow-Lights/dp/B0DHL7JQSN/ref=sr_1_60?dib=eyJ2IjoiMSJ9.pkMdv--QEwhv0VGbsQYVegUH2MEiJvPq02r1VyeSEuVsgv-ir_lDsniupkAoKxjeGXMF9RCk5_4tos3CWHviaU4NDP8yboaRCOPxZkc_q54qOltHoTf2W5jhezwA-nBkSTQNdO4XNEJfa5Wj3_7ZeqsxfF2JkbEBQVzmtx-Fo5yQXCjTpOw2_2DISg0YYTv7xMmNRtsiyF_xbP-u73wk4Y1Z_1IL20Vx9n7KUABc0uNC0xyO9mhfQH9_vI0gOYnR2yJ3jS1g2MOKbEyUeZrdvlY3DowiuNali6Ssc7dUlks.yAiwHuMHdPQlJ9sjq2gwazM1AurG_EuZYxJoFapR8h8&dib_tag=se&keywords=plant&qid=1770720288&sr=8-60,web_crawl,,,,,
,Amazon,B0DP6SBTDW,"6FT Artificial Dracaena Tree, Fake Tree Indoor with Black Tall Planter,Tall Artificial Plants Indoor,Artificial Silk Tree for Home Office Decor (Black",1041246.0,1148263.15,3.1,43556,300+ bought in past month,Electronics,,https://m.media-amazon.com/images/I/71-WFnGd9tL._AC_UL320_.jpg,2026-02-10 17:46:15,,https://www.amazon.com/Artificial-Dracaena-Indoor-Planter-Housewarming/dp/B0DP6SBTDW/ref=sr_1_61?dib=eyJ2IjoiMSJ9.pkMdv--QEwhv0VGbsQYVegUH2MEiJvPq02r1VyeSEuVsgv-ir_lDsniupkAoKxjeGXMF9RCk5_4tos3CWHviaU4NDP8yboaRCOPxZkc_q54qOltHoTf2W5jhezwA-nBkSTQNdO4XNEJfa5Wj3_7ZeqsxfF2JkbEBQVzmtx-Fo5yQXCjTpOw2_2DISg0YYTv7xMmNRtsiyF_xbP-u73wk4Y1Z_1IL20Vx9n7KUABc0uNC0xyO9mhfQH9_vI0gOYnR2yJ3jS1g2MOKbEyUeZrdvlY3DowiuNali6Ssc7dUlks.yAiwHuMHdPQlJ9sjq2gwazM1AurG_EuZYxJoFapR8h8&dib_tag=se&keywords=plant&qid=1770720288&sr=8-61,web_crawl,,,,,
,Amazon,B0DHGNX44V,Artificial Dracaena Tree-4FT Fake Plants with White Planter-Artificial Plants Indoor Floor Plant in Pot-Tropical Fake Yucca Potted Tree for Home Offic,822885.0,1064705.66,5.0,31504,50+ bought in past month,Electronics,,https://m.media-amazon.com/images/I/71iBNl2r70L._AC_UL320_.jpg,2026-02-10 17:46:15,,https://www.amazon.com/Artificial-Dracaena-White-Planter-Tropical/dp/B0DHGNX44V/ref=sr_1_62?dib=eyJ2IjoiMSJ9.pkMdv--QEwhv0VGbsQYVegUH2MEiJvPq02r1VyeSEuVsgv-ir_lDsniupkAoKxjeGXMF9RCk5_4tos3CWHviaU4NDP8yboaRCOPxZkc_q54qOltHoTf2W5jhezwA-nBkSTQNdO4XNEJfa5Wj3_7ZeqsxfF2JkbEBQVzmtx-Fo5yQXCjTpOw2_2DISg0YYTv7xMmNRtsiyF_xbP-u73wk4Y1Z_1IL20Vx9n7KUABc0uNC0xyO9mhfQH9_vI0gOYnR2yJ3jS1g2MOKbEyUeZrdvlY3DowiuNali6Ssc7dUlks.yAiwHuMHdPQlJ9sjq2gwazM1AurG_EuZYxJoFapR8h8&dib_tag=se&keywords=plant&qid=1770720288&sr=8-62,web_crawl,,,,,
,Amazon,B0DZYSXRF7,"SAJANDAS Set of 2 Artificial Monstera Deliciosa Plants in Pots, Fake Tropical Trees with Greenery Leaves Stems, 32 Inch Faux Swiss Cheese Floor Plants",656594.0,828989.61,4.0,20999,200+ bought in past month,Electronics,,https://m.media-amazon.com/images/I/71jB4XzMmyL._AC_UL320_.jpg,2026-02-10 17:46:15,,https://www.amazon.com/SAJANDAS-Artificial-Monstera-Deliciosa-Tropical/dp/B0DZYSXRF7/ref=sr_1_63?dib=eyJ2IjoiMSJ9.pkMdv--QEwhv0VGbsQYVegUH2MEiJvPq02r1VyeSEuVsgv-ir_lDsniupkAoKxjeGXMF9RCk5_4tos3CWHviaU4NDP8yboaRCOPxZkc_q54qOltHoTf2W5jhezwA-nBkSTQNdO4XNEJfa5Wj3_7ZeqsxfF2JkbEBQVzmtx-Fo5yQXCjTpOw2_2DISg0YYTv7xMmNRtsiyF_xbP-u73wk4Y1Z_1IL20Vx9n7KUABc0uNC0xyO9mhfQH9_vI0gOYnR2yJ3jS1g2MOKbEyUeZrdvlY3DowiuNali6Ssc7dUlks.yAiwHuMHdPQlJ9sjq2gwazM1AurG_EuZYxJoFapR8h8&dib_tag=se&keywords=plant&qid=1770720288&sr=8-63,web_crawl,,,,,
,Amazon,AMZ_SAMPLE_3_0,Lenovo plant Model 1,1332.34,309.27,4.3,45670,Lenovo Store,Electronics,,https://via.placeholder.com/150?text=Lenovo,2026-02-10 17:46:15,,https://www.amazon.com/dp/SAMPLE30,web_crawl,,,,,
,Amazon,AMZ_SAMPLE_3_1,Apple plant Model 2,1284.94,183.69,4.3,6296,Apple Store,Electronics,,https://via.placeholder.com/150?text=Apple,2026-02-10 17:46:15,,https://www.amazon.com/dp/SAMPLE31,web_crawl,,,,,
,Amazon,AMZ_SAMPLE_3_2,Lenovo plant Model 3,137.16,1261.03,4.2,26560,Lenovo Store,Electronics,,https://via.placeholder.com/150?text=Lenovo,2026-02-10 17:46:15,,https://www.amazon.com/dp/SAMPLE32,web_crawl,,,,,
,Amazon,AMZ_SAMPLE_3_3,Samsung plant Model 4,1665.26,1734.03,4.7,15328,Samsung Store,Electronics,,https://via.placeholder.com/150?text=Samsung,2026-02-10 17:46:15,,https://www.amazon.com/dp/SAMPLE33,web_crawl,,,,,
,Amazon,AMZ_SAMPLE_3_4,Apple plant Model 5,1760.42,318.73,4.2,26695,Apple Store,Electronics,,https://via.placeholder.com/150?text=Apple,2026-02-10 17:46:15,,https://www.amazon.com/dp/SAMPLE34,web_crawl,,,,,
,Amazon,B0G5P8GBTJ,"Artificial Potted Plant, Lifelike Faux Greenery in Decorative Cement-Look Square Pot for Indoor Home Decor Centerpieces (Polka Dot Begonia)",302178.0,360164.67,4.0,49995,New on Amazon in past month,Electronics,,https://m.media-amazon.com/images/I/717-nsNNDxL._AC_UL320_.jpg,2026-02-10 17:46:15,,https://www.amazon.com/sspa/click?ie=UTF8&spc=MTo4MzE2ODk0NzA4NDY1NDoxNzcwNzIwMzA0OnNwX2F0Zl9uZXh0OjMwMTE0MjMzMjA1OTcwMjo6MDo6&url=%2FMuhanjia-Artificial-Decorative-Cement-Look-Centerpieces%2Fdp%2FB0G5P8GBTJ%2Fref%3Dsr_1_146_sspa%3Fdib%3DeyJ2IjoiMSJ9.PsiU5rvp40Pzy9laLk6e3E12JkmBn3fdO6vzEb1-6D3J0H5sQYGLqliKdzHulAil0HdUYQC37gq1dEpbDxTOnYEZOPwqihV6KmQTsciYgox6eP2uW2TbgxCF1-tl2R7kSBc_M2vrEw-NR61jIguym4J3KMfEFrJOSLWK45gv0GvlaIQah_3Doha44MkpAzNx4IflPwp8OqdsqJZW8MQjjPR7KWNi77e4STJ6oYPjAIcfuVyCyuur2QI5VKI5H4z2IgRTea2IdB9aTB842h4RjPs1vudzZJQqmXGdqrOoVPU.JL6vToPWIhxsNXSy4Muqtdn8p8aXO5tseKTb_0rWWXQ%26dib_tag%3Dse%26keywords%3Dplant%26qid%3D1770720304%26sr%3D8-146-spons%26sp_csd%3Dd2lkZ2V0TmFtZT1zcF9hdGZfbmV4dA%26psc%3D1,web_crawl,,,,,
,Amazon,B0FWJQBMH9,"5 Pack Stackable Monstera Plant Support, 11 Inch Plant Support Stakes for Indoor & Outdoor Use, Plants Sticks for Vine Training & Stem Stabilization, ",130848.0,149294.93,4.8,7008,300+ bought in past month,Electronics,,https://m.media-amazon.com/images/I/71MiKcxiBOL._AC_UL320_.jpg,2026-02-10 17:46:15,,https://www.amazon.com/sspa/click?ie=UTF8&spc=MTo4MzE2ODk0NzA4NDY1NDoxNzcwNzIwMzA0OnNwX2F0Zl9uZXh0OjMwMTA4NDgyNjg3OTUwMjo6MDo6&url=%2FStackable-Monstera-Training-Stabilization-Philodendron%2Fdp%2FB0FWJQBMH9%2Fref%3Dsr_1_148_sspa%3Fdib%3DeyJ2IjoiMSJ9.PsiU5rvp40Pzy9laLk6e3E12JkmBn3fdO6vzEb1-6D3J0H5sQYGLqliKdzHulAil0HdUYQC37gq1dEpbDxTOnYEZOPwqihV6KmQTsciYgox6eP2uW2TbgxCF1-tl2R7kSBc_M2vrEw-NR61jIguym4J3KMfEFrJOSLWK45gv0GvlaIQah_3Doha44MkpAzNx4IflPwp8OqdsqJZW8MQjjPR7KWNi77e4STJ6oYPjAIcfuVyCyuur2QI5VKI5H4z2IgRTea2IdB9aTB842h4RjPs1vudzZJQqmXGdqrOoVPU.JL6vToPWIhxsNXSy4Muqtdn8p8aXO5tseKTb_0rWWXQ%26dib_tag%3Dse%26keywords%3Dplant%26qid%3D1770720304%26sr%3D8-148-spons%26sp_csd%3Dd2lkZ2V0TmFtZT1zcF9hdGZfbmV4dA%26psc%3D1,web_crawl,,,,,
,Amazon,B08ZQ8D88Z,"The HC Companies Eclipse Round Planter with Saucer - Outdoor & Indoor Plant Pot with Drainage Holes - Lightweight, UV-Resistant Plastic Pots for Plant",839682.0,926823.35,3.7,47795,More Buying Choices,Electronics,,https://m.media-amazon.com/images/I/51uzwAGRE4L._AC_UL320_.jpg,2026-02-10 17:46:15,,https://www.amazon.com/HC-Companies-ECA20000A421006LRDEX-planters-Warm/dp/B08ZQ8D88Z/ref=sr_1_149?dib=eyJ2IjoiMSJ9.PsiU5rvp40Pzy9laLk6e3E12JkmBn3fdO6vzEb1-6D3J0H5sQYGLqliKdzHulAil0HdUYQC37gq1dEpbDxTOnYEZOPwqihV6KmQTsciYgox6eP2uW2TbgxCF1-tl2R7kSBc_M2vrEw-NR61jIguym4J3KMfEFrJOSLWK45gv0GvlaIQah_3Doha44MkpAzNx4IflPwp8OqdsqJZW8MQjjPR7KWNi77e4STJ6oYPjAIcfuVyCyuur2QI5VKI5H4z2IgRTea2IdB9aTB842h4RjPs1vudzZJQqmXGdqrOoVPU.JL6vToPWIhxsNXSy4Muqtdn8p8aXO5tseKTb_0rWWXQ&dib_tag=se&keywords=plant&qid=1770720304&sr=8-149,web_crawl,,,,,
,Amazon,B0F5GBFZ4D,Bamworld Tall Plant Stand Indoor with Grow Light Corner Plant Stand for Indoor Plants 5 Tier Metal Wood Plant Shelf with Grow Lights for Living Room B,710345.0,892495.86,3.7,4474,400+ bought in past month,Electronics,,https://m.media-amazon.com/images/I/81ETtyhmyBL._AC_UL320_.jpg,2026-02-10 17:46:15,,https://www.amazon.com/Bamworld-Indoor-Corner-Bedroom-Balcony/dp/B0F5GBFZ4D/ref=sr_1_150?dib=eyJ2IjoiMSJ9.PsiU5rvp40Pzy9laLk6e3E12JkmBn3fdO6vzEb1-6D3J0H5sQYGLqliKdzHulAil0HdUYQC37gq1dEpbDxTOnYEZOPwqihV6KmQTsciYgox6eP2uW2TbgxCF1-tl2R7kSBc_M2vrEw-NR61jIguym4J3KMfEFrJOSLWK45gv0GvlaIQah_3Doha44MkpAzNx4IflPwp8OqdsqJZW8MQjjPR7KWNi77e4STJ6oYPjAIcfuVyCyuur2QI5VKI5H4z2IgRTea2IdB9aTB842h4RjPs1vudzZJQqmXGdqrOoVPU.JL6vToPWIhxsNXSy4Muqtdn8p8aXO5tseKTb_0rWWXQ&dib_tag=se&keywords=plant&qid=1770720304&sr=8-150,web_crawl,,,,,
,Amazon,B0G244WXVB,Bamworld Wall Decor Plant Stand with Lights Wall Art Planters Window Plant Hanger Indoor Hanging Planters for Indoor Plants for Living Room Black,671712.0,838656.55,4.4,24383,200+ bought in past month,Electronics,,https://m.media-amazon.com/images/I/81+sd7bTWpL._AC_UL320_.jpg,2026-02-10 17:46:15,,https://www.amazon.com/Bamworld-Lights-Planters-Window-Hanging/dp/B0G244WXVB/ref=sr_1_151?dib=eyJ2IjoiMSJ9.PsiU5rvp40Pzy9laLk6e3E12JkmBn3fdO6vzEb1-6D3J0H5sQYGLqliKdzHulAil0HdUYQC37gq1dEpbDxTOnYEZOPwqihV6KmQTsciYgox6eP2uW2TbgxCF1-tl2R7kSBc_M2vrEw-NR61jIguym4J3KMfEFrJOSLWK45gv0GvlaIQah_3Doha44MkpAzNx4IflPwp8OqdsqJZW8MQjjPR7KWNi77e4STJ6oYPjAIcfuVyCyuur2QI5VKI5H4z2IgRTea2IdB9aTB842h4RjPs1vudzZJQqmXGdqrOoVPU.JL6vToPWIhxsNXSy4Muqtdn8p8aXO5tseKTb_0rWWXQ&dib_tag=se&keywords=plant&qid=1770720304&sr=8-151,web_crawl,,,,,
,Amazon,B00004CQ2E,The Private Life of Plants [VHS],0.0,0.0,4.6,16742,No featured offers available,Electronics,,https://m.media-amazon.com/images/I/51eJKJDONmL._AC_UL320_.jpg,2026-02-10 17:46:15,,https://www.amazon.com/Private-Life-Plants-VHS/dp/B00004CQ2E/ref=sr_1_152?dib=eyJ2IjoiMSJ9.PsiU5rvp40Pzy9laLk6e3E12JkmBn3fdO6vzEb1-6D3J0H5sQYGLqliKdzHulAil0HdUYQC37gq1dEpbDxTOnYEZOPwqihV6KmQTsciYgox6eP2uW2TbgxCF1-tl2R7kSBc_M2vrEw-NR61jIguym4J3KMfEFrJOSLWK45gv0GvlaIQah_3Doha44MkpAzNx4IflPwp8OqdsqJZW8MQjjPR7KWNi77e4STJ6oYPjAIcfuVyCyuur2QI5VKI5H4z2IgRTea2IdB9aTB842h4RjPs1vudzZJQqmXGdqrOoVPU.JL6vToPWIhxsNXSy4Muqtdn8p8aXO5tseKTb_0rWWXQ&dib_tag=se&keywords=plant&qid=1770720304&sr=8-152,web_crawl,,,,,
,Amazon,B01MS5Q1I9,Plants Behaving Badly DVD,347865.0,391581.55,3.5,40812,More Buying Choices,Electronics,,https://m.media-amazon.com/images/I/81TqAVgwDeL._AC_UL320_.jpg,2026-02-10 17:46:15,,https://www.amazon.com/Plants-Behaving-Badly-DVD-n/dp/B01MS5Q1I9/ref=sr_1_153?dib=eyJ2IjoiMSJ9.PsiU5rvp40Pzy9laLk6e3E12JkmBn3fdO6vzEb1-6D3J0H5sQYGLqliKdzHulAil0HdUYQC37gq1dEpbDxTOnYEZOPwqihV6KmQTsciYgox6eP2uW2TbgxCF1-tl2R7kSBc_M2vrEw-NR61jIguym4J3KMfEFrJOSLWK45gv0GvlaIQah_3Doha44MkpAzNx4IflPwp8OqdsqJZW8MQjjPR7KWNi77e4STJ6oYPjAIcfuVyCyuur2QI5VKI5H4z2IgRTea2IdB9aTB842h4RjPs1vudzZJQqmXGdqrOoVPU.JL6vToPWIhxsNXSy4Muqtdn8p8aXO5tseKTb_0rWWXQ&dib_tag=se&keywords=plant&qid=1770720304&sr=8-153,web_crawl,,,,,
,Amazon,6304947445,Penelope Hobhouse - The Art & Practice of Gardening: New Garden Ideas & Nurseries & Plant Collections Vol. 6 [VHS],0.0,0.0,4.5,12450,Amazon,Electronics,,https://m.media-amazon.com/images/I/41SHEKBZCDL._AC_UL320_.jpg,2026-02-10 17:46:15,,https://www.amazon.com/Penelope-Hobhouse-Gardening-Nurseries-Collections/dp/6304947445/ref=sr_1_154?dib=eyJ2IjoiMSJ9.PsiU5rvp40Pzy9laLk6e3E12JkmBn3fdO6vzEb1-6D3J0H5sQYGLqliKdzHulAil0HdUYQC37gq1dEpbDxTOnYEZOPwqihV6KmQTsciYgox6eP2uW2TbgxCF1-tl2R7kSBc_M2vrEw-NR61jIguym4J3KMfEFrJOSLWK45gv0GvlaIQah_3Doha44MkpAzNx4IflPwp8OqdsqJZW8MQjjPR7KWNi77e4STJ6oYPjAIcfuVyCyuur2QI5VKI5H4z2IgRTea2IdB9aTB842h4RjPs1vudzZJQqmXGdqrOoVPU.JL6vToPWIhxsNXSy4Muqtdn8p8aXO5tseKTb_0rWWXQ&dib_tag=se&keywords=plant&qid=1770720304&sr=8-154,web_crawl,,,,,
,Amazon,B000OIP4NQ,"All About Plant Pollination: Fruit, Flowers & Seeds",0.0,0.0,3.8,46719,Amazon,Electronics,,https://m.media-amazon.com/images/I/01RmK+J4pJL._AC_UL320_.gif,2026-02-10 17:46:15,,https://www.amazon.com/All-About-Plant-Pollination-Flowers/dp/B000OIP4NQ/ref=sr_1_159?dib=eyJ2IjoiMSJ9.PsiU5rvp40Pzy9laLk6e3E12JkmBn3fdO6vzEb1-6D3J0H5sQYGLqliKdzHulAil0HdUYQC37gq1dEpbDxTOnYEZOPwqihV6KmQTsciYgox6eP2uW2TbgxCF1-tl2R7kSBc_M2vrEw-NR61jIguym4J3KMfEFrJOSLWK45gv0GvlaIQah_3Doha44MkpAzNx4IflPwp8OqdsqJZW8MQjjPR7KWNi77e4STJ6oYPjAIcfuVyCyuur2QI5VKI5H4z2IgRTea2IdB9aTB842h4RjPs1vudzZJQqmXGdqrOoVPU.JL6vToPWIhxsNXSy4Muqtdn8p8aXO5tseKTb_0rWWXQ&dib_tag=se&keywords=plant&qid=1770720304&sr=8-159,web_crawl,,,,,
,Amazon,AMZ_SAMPLE_5_0,HP plant Model 1,1699.59,531.34,5.0,18184,HP Store,Electronics,,https://via.placeholder.com/150?text=HP,2026-02-10 17:46:15,,https://www.amazon.com/dp/SAMPLE50,web_crawl,,,,,
,Amazon,AMZ_SAMPLE_5_1,Apple plant Model 2,1368.68,277.77,4.3,29816,Apple Store,Electronics,,https://via.placeholder.com/150?text=Apple,2026-02-10 17:46:15,,https://www.amazon.com/dp/SAMPLE51,web_crawl,,,,,
,Amazon,AMZ_SAMPLE_5_2,Dell plant Model 3,152.08,795.94,5.0,49551,Dell Store,Electronics,,https://via.placeholder.com/150?text=Dell,2026-02-10 17:46:15,,https://www.amazon.com/dp/SAMPLE52,web_crawl,,,,,
,Amazon,AMZ_SAMPLE_5_3,Samsung plant Model 4,1696.76,2067.47,4.3,18564,Samsung Store,Electronics,,https://via.placeholder.com/150?text=Samsung,2026-02-10 17:46:15,,https://www.amazon.com/dp/SAMPLE53,web_crawl,,,,,
,Amazon,AMZ_SAMPLE_5_4,Apple plant Model 5,941.12,1796.11,4.3,32001,Apple Store,Electronics,,https://via.placeholder.com/150?text=Apple,2026-02-10 17:46:15,,https://www.amazon.com/dp/SAMPLE54,web_crawl,,,,,
,Amazon,B0DP42WTR8,"8FT Rust-Free Fiberglass Garden Hoops -72 PCS DIY Grow Tunnel Kit for Raised Beds, Row Cover Support with Connectors/Clips, Sun Shade &Year-Round Plan",564211.0,689598.58,4.3,44937,Amazon,Electronics,,https://m.media-amazon.com/images/I/81kMR+IvdqL._AC_UL320_.jpg,2026-02-10 17:46:15,,https://www.amazon.com/sspa/click?ie=UTF8&spc=MToyNDY4NjQxNjM4NTA2NTc5OjE3NzA3MjAzMjE6c3BfYXRmX25leHQ6MzAxMTYyNDk5Mzg2OTAyOjowOjo&url=%2FRust-Free-Fiberglass-Connectors-Year-Round-Protection%2Fdp%2FB0DP42WTR8%2Fref%3Dsr_1_241_sspa%3Fdib%3DeyJ2IjoiMSJ9.gmncjpTRoB4mX9VSzelMmtwdDPu1dJN1j15D-tWKnKvwiKozosCoyD5sKm_dwFpE3k5lDm7X3-SlGF6rpJHarf684-td9YV0THfFMt95C5a-Ny9XPpwR0ZY2FB4_RCkq0igQPHH93nWy2D4TXYGufYmqBxuGU1ID2fDl2jYhFnSufPADoAJkjGi_UXi18GOLOe70rgxiDZhGXk-9NL1dGOhOGYepmB2nmyEkBVV0jXsILUYTtI3y5F2_Ksp5M5wrGvdjjaBCdk5n-FVyFhNJKHEhVMZj46sXRbI8I1B0CPA.t-_4SV6ahaUm75j6m4kT_7vqNqO0ikJBoOSUjm5lEUQ%26dib_tag%3Dse%26keywords%3Dplant%26qid%3D1770720321%26sr%3D8-241-spons%26sp_csd%3Dd2lkZ2V0TmFtZT1zcF9hdGZfbmV4dA%26psc%3D1,web_crawl,,,,,
,Amazon,B0DS26QKCY,"Plant Stand Indoor with Grow Lights - 2 Pack Corner Plant Shelf, 6 Tiered 47'' Indoor Plant Stands for Multiple Plants, K-Shaped Plant Rack Display Ho",1343424.0,1591107.75,3.6,15537,50+ bought in past month,Electronics,,https://m.media-amazon.com/images/I/81X5+0zv8SL._AC_UL320_.jpg,2026-02-10 17:46:15,,https://www.amazon.com/sspa/click?ie=UTF8&spc=MToyNDY4NjQxNjM4NTA2NTc5OjE3NzA3MjAzMjE6c3BfYXRmX25leHQ6MzAwODgyMDA4NTk1NDAyOjowOjo&url=%2FPlant-Stand-Indoor-Grow-Lights%2Fdp%2FB0DS26QKCY%2Fref%3Dsr_1_242_sspa%3Fdib%3DeyJ2IjoiMSJ9.gmncjpTRoB4mX9VSzelMmtwdDPu1dJN1j15D-tWKnKvwiKozosCoyD5sKm_dwFpE3k5lDm7X3-SlGF6rpJHarf684-td9YV0THfFMt95C5a-Ny9XPpwR0ZY2FB4_RCkq0igQPHH93nWy2D4TXYGufYmqBxuGU1ID2fDl2jYhFnSufPADoAJkjGi_UXi18GOLOe70rgxiDZhGXk-9NL1dGOhOGYepmB2nmyEkBVV0jXsILUYTtI3y5F2_Ksp5M5wrGvdjjaBCdk5n-FVyFhNJKHEhVMZj46sXRbI8I1B0CPA.t-_4SV6ahaUm75j6m4kT_7vqNqO0ikJBoOSUjm5lEUQ%26dib_tag%3Dse%26keywords%3Dplant%26qid%3D1770720321%26sr%3D8-242-spons%26sp_csd%3Dd2lkZ2V0TmFtZT1zcF9hdGZfbmV4dA%26psc%3D1,web_crawl,,,,,
,Amazon,B09MLKKN17,"Artificial Potted Plant Leaves, 16.9"" Artificial Shrubs Plants Arrangements Fake Eucalyptus Leaves with Vase Faux Greenery Leaf for Home Garden Table ",755697.0,903399.09,4.0,4297,Amazon,Electronics,,https://m.media-amazon.com/images/I/71akOEX7EDL._AC_UL320_.jpg,2026-02-10 17:46:15,,https://www.amazon.com/sspa/click?ie=UTF8&spc=MToyNDY4NjQxNjM4NTA2NTc5OjE3NzA3MjAzMjE6c3BfYXRmX25leHQ6MzAwMTUyNzI5NjY2NjAyOjowOjo&url=%2FHisow-Artificial-Arrangements-Eucalyptus-Centrepieces%2Fdp%2FB09MLKKN17%2Fref%3Dsr_1_243_sspa%3Fdib%3DeyJ2IjoiMSJ9.gmncjpTRoB4mX9VSzelMmtwdDPu1dJN1j15D-tWKnKvwiKozosCoyD5sKm_dwFpE3k5lDm7X3-SlGF6rpJHarf684-td9YV0THfFMt95C5a-Ny9XPpwR0ZY2FB4_RCkq0igQPHH93nWy2D4TXYGufYmqBxuGU1ID2fDl2jYhFnSufPADoAJkjGi_UXi18GOLOe70rgxiDZhGXk-9NL1dGOhOGYepmB2nmyEkBVV0jXsILUYTtI3y5F2_Ksp5M5wrGvdjjaBCdk5n-FVyFhNJKHEhVMZj46sXRbI8I1B0CPA.t-_4SV6ahaUm75j6m4kT_7vqNqO0ikJBoOSUjm5lEUQ%26dib_tag%3Dse%26keywords%3Dplant%26qid%3D1770720321%26sr%3D8-243-spons%26sp_csd%3Dd2lkZ2V0TmFtZT1zcF9hdGZfbmV4dA%26psc%3D1,web_crawl,,,,,
,Amazon,B0D25BQ9PP,"Artificial Fiddle Leaf Fig Tree with White Planter,5ft Tall Fake Tree with Natural Wood Trunk for Home Decor, Faux Ficus Tree Fake Moss for Indoor Off",1103394.0,1252304.1,3.2,6170,1K+ bought in past month,Electronics,,https://m.media-amazon.com/images/I/61emeZH0liL._AC_UL320_.jpg,2026-02-10 17:46:15,,https://www.amazon.com/sspa/click?ie=UTF8&spc=MToyNDY4NjQxNjM4NTA2NTc5OjE3NzA3MjAzMjE6c3BfYXRmX25leHQ6MzAwODgyMTIwODY5NzAyOjowOjo&url=%2FOAKRED-Artificial-Fiddle-Planter-Natural%2Fdp%2FB0D25BQ9PP%2Fref%3Dsr_1_244_sspa%3Fdib%3DeyJ2IjoiMSJ9.gmncjpTRoB4mX9VSzelMmtwdDPu1dJN1j15D-tWKnKvwiKozosCoyD5sKm_dwFpE3k5lDm7X3-SlGF6rpJHarf684-td9YV0THfFMt95C5a-Ny9XPpwR0ZY2FB4_RCkq0igQPHH93nWy2D4TXYGufYmqBxuGU1ID2fDl2jYhFnSufPADoAJkjGi_UXi18GOLOe70rgxiDZhGXk-9NL1dGOhOGYepmB2nmyEkBVV0jXsILUYTtI3y5F2_Ksp5M5wrGvdjjaBCdk5n-FVyFhNJKHEhVMZj46sXRbI8I1B0CPA.t-_4SV6ahaUm75j6m4kT_7vqNqO0ikJBoOSUjm5lEUQ%26dib_tag%3Dse%26keywords%3Dplant%26qid%3D1770720321%26sr%3D8-244-spons%26sp_csd%3Dd2lkZ2V0TmFtZT1zcF9hdGZfbmV4dA%26psc%3D1,web_crawl,,,,,
,Amazon,B0C23P95XC,Bamworld Plant Stand with Grow Lights for Indoor Plants Wood Plant Shelf 4 Tier Large Flower Stand for Mutiple Plant Holder Rack for Patio Living Room,789291.0,1025683.81,3.3,45323,List:,Electronics,,https://m.media-amazon.com/images/I/81YIybOThYL._AC_UL320_.jpg,2026-02-10 17:46:15,,https://www.amazon.com/Bamworld-Lights-Indoor-Mutiple-Balcony/dp/B0C23P95XC/ref=sr_1_245?dib=eyJ2IjoiMSJ9.gmncjpTRoB4mX9VSzelMmtwdDPu1dJN1j15D-tWKnKvwiKozosCoyD5sKm_dwFpE3k5lDm7X3-SlGF6rpJHarf684-td9YV0THfFMt95C5a-Ny9XPpwR0ZY2FB4_RCkq0igQPHH93nWy2D4TXYGufYmqBxuGU1ID2fDl2jYhFnSufPADoAJkjGi_UXi18GOLOe70rgxiDZhGXk-9NL1dGOhOGYepmB2nmyEkBVV0jXsILUYTtI3y5F2_Ksp5M5wrGvdjjaBCdk5n-FVyFhNJKHEhVMZj46sXRbI8I1B0CPA.t-_4SV6ahaUm75j6m4kT_7vqNqO0ikJBoOSUjm5lEUQ&dib_tag=se&keywords=plant&qid=1770720321&sr=8-245,web_crawl,,,,,
,Amazon,B001F5UY3M,"Bosmere 16"" Plant Caddie - Heavy-Duty Rolling Plant Stand with Locking Wheels, 500 lb Capacity – Durable Plant Caddy for Indoor/Outdoor Use, Black",470987.0,593018.67,4.6,14194,100+ bought in past month,Electronics,,https://m.media-amazon.com/images/I/81vxcaMbqmL._AC_UL320_.jpg,2026-02-10 17:46:15,,https://www.amazon.com/Plant-Stand-18410-Under-16-Inch/dp/B001F5UY3M/ref=sr_1_246?dib=eyJ2IjoiMSJ9.gmncjpTRoB4mX9VSzelMmtwdDPu1dJN1j15D-tWKnKvwiKozosCoyD5sKm_dwFpE3k5lDm7X3-SlGF6rpJHarf684-td9YV0THfFMt95C5a-Ny9XPpwR0ZY2FB4_RCkq0igQPHH93nWy2D4TXYGufYmqBxuGU1ID2fDl2jYhFnSufPADoAJkjGi_UXi18GOLOe70rgxiDZhGXk-9NL1dGOhOGYepmB2nmyEkBVV0jXsILUYTtI3y5F2_Ksp5M5wrGvdjjaBCdk5n-FVyFhNJKHEhVMZj46sXRbI8I1B0CPA.t-_4SV6ahaUm75j6m4kT_7vqNqO0ikJBoOSUjm5lEUQ&dib_tag=se&keywords=plant&qid=1770720321&sr=8-246,web_crawl,,,,,
,Amazon,B0DJX3226W,"Bamworld Tall Plant Stand with Grow Lights Large Indoor Plant Shelf for Multiple Plants Pots Wood Flower Stand Flower Holder for Living Room, Patio, B",839682.0,987122.98,4.4,34072,50+ bought in past month,Electronics,,https://m.media-amazon.com/images/I/81WVsOu9P9L._AC_UL320_.jpg,2026-02-10 17:46:15,,https://www.amazon.com/Bamworld-Lights-Indoor-Multiple-Balcony/dp/B0DJX3226W/ref=sr_1_247?dib=eyJ2IjoiMSJ9.gmncjpTRoB4mX9VSzelMmtwdDPu1dJN1j15D-tWKnKvwiKozosCoyD5sKm_dwFpE3k5lDm7X3-SlGF6rpJHarf684-td9YV0THfFMt95C5a-Ny9XPpwR0ZY2FB4_RCkq0igQPHH93nWy2D4TXYGufYmqBxuGU1ID2fDl2jYhFnSufPADoAJkjGi_UXi18GOLOe70rgxiDZhGXk-9NL1dGOhOGYepmB2nmyEkBVV0jXsILUYTtI3y5F2_Ksp5M5wrGvdjjaBCdk5n-FVyFhNJKHEhVMZj46sXRbI8I1B0CPA.t-_4SV6ahaUm75j6m4kT_7vqNqO0ikJBoOSUjm5lEUQ&dib_tag=se&keywords=plant&qid=1770720321&sr=8-247,web_crawl,,,,,
,Amazon,B0FY2GTQVC,Bamworld Plant Stand with Grow Light 5 Tier Corner Plant Stand for Indoor Plants Adjustable Light & Plant Shelf Height Black Metal Plant Stands for Li,923667.0,1152672.11,4.3,10025,New on Amazon in past month,Electronics,,https://m.media-amazon.com/images/I/81LAEAMkN0L._AC_UL320_.jpg,2026-02-10 17:46:15,,https://www.amazon.com/Bamworld-Corner-Adjustable-Bedroom-Balcony/dp/B0FY2GTQVC/ref=sr_1_248?dib=eyJ2IjoiMSJ9.gmncjpTRoB4mX9VSzelMmtwdDPu1dJN1j15D-tWKnKvwiKozosCoyD5sKm_dwFpE3k5lDm7X3-SlGF6rpJHarf684-td9YV0THfFMt95C5a-Ny9XPpwR0ZY2FB4_RCkq0igQPHH93nWy2D4TXYGufYmqBxuGU1ID2fDl2jYhFnSufPADoAJkjGi_UXi18GOLOe70rgxiDZhGXk-9NL1dGOhOGYepmB2nmyEkBVV0jXsILUYTtI3y5F2_Ksp5M5wrGvdjjaBCdk5n-FVyFhNJKHEhVMZj46sXRbI8I1B0CPA.t-_4SV6ahaUm75j6m4kT_7vqNqO0ikJBoOSUjm5lEUQ&dib_tag=se&keywords=plant&qid=1770720321&sr=8-248,web_crawl,,,,,
,Amazon,B08GPTLSZH,"VIVOSUN LumaLight 400W LED Grow Light, Full Spectrum Plant Light, Smart Dimmable & High PPFD for Indoor Plants Seedling Vegetables Bloom, Fits 4×4/5×5",4535022.0,5885675.31,4.0,36569,100+ bought in past month,Electronics,,https://m.media-amazon.com/images/I/71kpdety4LL._AC_UL320_.jpg,2026-02-10 17:46:15,,https://www.amazon.com/VIVOSUN-Samsung-Dimmable-Sunlike-Spectrum/dp/B08GPTLSZH/ref=sr_1_249?dib=eyJ2IjoiMSJ9.gmncjpTRoB4mX9VSzelMmtwdDPu1dJN1j15D-tWKnKvwiKozosCoyD5sKm_dwFpE3k5lDm7X3-SlGF6rpJHarf684-td9YV0THfFMt95C5a-Ny9XPpwR0ZY2FB4_RCkq0igQPHH93nWy2D4TXYGufYmqBxuGU1ID2fDl2jYhFnSufPADoAJkjGi_UXi18GOLOe70rgxiDZhGXk-9NL1dGOhOGYepmB2nmyEkBVV0jXsILUYTtI3y5F2_Ksp5M5wrGvdjjaBCdk5n-FVyFhNJKHEhVMZj46sXRbI8I1B0CPA.t-_4SV6ahaUm75j6m4kT_7vqNqO0ikJBoOSUjm5lEUQ&dib_tag=se&keywords=plant&qid=1770720321&sr=8-249,web_crawl,,,,,
,Amazon,B0C8MYXHX6,"Barrina CX1 Plant Stand with Grow Lights for Indoor Plants, 5-Tier Large Tall Metal Plant Shelf with 1.6FT 20W(Per Light) Full Spectrum Plant Lights f",3668296.0,4167723.57,4.7,4176,List Price:,Electronics,,https://m.media-amazon.com/images/I/71Tl+tNzwxL._AC_UL320_.jpg,2026-02-10 17:46:15,,https://www.amazon.com/Barrina-Lights-Spectrum-growing-47x13-8x71IN/dp/B0C8MYXHX6/ref=sr_1_250?dib=eyJ2IjoiMSJ9.gmncjpTRoB4mX9VSzelMmtwdDPu1dJN1j15D-tWKnKvwiKozosCoyD5sKm_dwFpE3k5lDm7X3-SlGF6rpJHarf684-td9YV0THfFMt95C5a-Ny9XPpwR0ZY2FB4_RCkq0igQPHH93nWy2D4TXYGufYmqBxuGU1ID2fDl2jYhFnSufPADoAJkjGi_UXi18GOLOe70rgxiDZhGXk-9NL1dGOhOGYepmB2nmyEkBVV0jXsILUYTtI3y5F2_Ksp5M5wrGvdjjaBCdk5n-FVyFhNJKHEhVMZj46sXRbI8I1B0CPA.t-_4SV6ahaUm75j6m4kT_7vqNqO0ikJBoOSUjm5lEUQ&dib_tag=se&keywords=plant&qid=1770720321&sr=8-250,web_crawl,,,,,
,Amazon,B0CXLR5KGQ,RECUTMS 8 Bundles Artificial Greenery Plants Stems Outdoor Fake Eucalyptus Plants Boxwood Bushes for Spring Farmhouse Bathroom Office Vase Centerpiece,302178.0,391318.57,3.8,39576,50+ bought in past month,Electronics,,https://m.media-amazon.com/images/I/81IHkHW1YFL._AC_UL320_.jpg,2026-02-10 17:46:15,,https://www.amazon.com/sspa/click?ie=UTF8&spc=MToyNDY4NjQxNjM4NTA2NTc5OjE3NzA3MjAzMjE6c3BfbXRmOjMwMDE2NDY5NjI2MDUwMjo6MDo6&url=%2FRECUTMS-Artificial-Eucalyptus-Centerpiece-Decoration%2Fdp%2FB0CXLR5KGQ%2Fref%3Dsr_1_251_sspa%3Fdib%3DeyJ2IjoiMSJ9.gmncjpTRoB4mX9VSzelMmtwdDPu1dJN1j15D-tWKnKvwiKozosCoyD5sKm_dwFpE3k5lDm7X3-SlGF6rpJHarf684-td9YV0THfFMt95C5a-Ny9XPpwR0ZY2FB4_RCkq0igQPHH93nWy2D4TXYGufYmqBxuGU1ID2fDl2jYhFnSufPADoAJkjGi_UXi18GOLOe70rgxiDZhGXk-9NL1dGOhOGYepmB2nmyEkBVV0jXsILUYTtI3y5F2_Ksp5M5wrGvdjjaBCdk5n-FVyFhNJKHEhVMZj46sXRbI8I1B0CPA.t-_4SV6ahaUm75j6m4kT_7vqNqO0ikJBoOSUjm5lEUQ%26dib_tag%3Dse%26keywords%3Dplant%26qid%3D1770720321%26sr%3D8-251-spons%26sp_csd%3Dd2lkZ2V0TmFtZT1zcF9tdGY%26psc%3D1,web_crawl,,,,,
,Amazon,B0DPG6VGKY,"Fake Plants Artificial Agave Plants Indoor，UV Resistant Fake Agave Planters Outdoor Decorating Artificial Plants for Outdoors Decor Agave (2Pack,12.6'",554133.0,718539.26,4.6,47511,50+ bought in past month,Electronics,,https://m.media-amazon.com/images/I/61fC+he7FIL._AC_UL320_.jpg,2026-02-10 17:46:15,,https://www.amazon.com/sspa/click?ie=UTF8&spc=MToyNDY4NjQxNjM4NTA2NTc5OjE3NzA3MjAzMjE6c3BfbXRmOjMwMDY0MjExOTI2MTkwMjo6MDo6&url=%2FTtranewsoo-Artificial-Decorating-12-6Purple-Decorations%2Fdp%2FB0DPG6VGKY%2Fref%3Dsr_1_252_sspa%3Fdib%3DeyJ2IjoiMSJ9.gmncjpTRoB4mX9VSzelMmtwdDPu1dJN1j15D-tWKnKvwiKozosCoyD5sKm_dwFpE3k5lDm7X3-SlGF6rpJHarf684-td9YV0THfFMt95C5a-Ny9XPpwR0ZY2FB4_RCkq0igQPHH93nWy2D4TXYGufYmqBxuGU1ID2fDl2jYhFnSufPADoAJkjGi_UXi18GOLOe70rgxiDZhGXk-9NL1dGOhOGYepmB2nmyEkBVV0jXsILUYTtI3y5F2_Ksp5M5wrGvdjjaBCdk5n-FVyFhNJKHEhVMZj46sXRbI8I1B0CPA.t-_4SV6ahaUm75j6m4kT_7vqNqO0ikJBoOSUjm5lEUQ%26dib_tag%3Dse%26keywords%3Dplant%26qid%3D1770720321%26sr%3D8-252-spons%26sp_csd%3Dd2lkZ2V0TmFtZT1zcF9tdGY%26psc%3D1,web_crawl,,,,,
,Amazon,B095JLV7FN,Artificial Plants Flowers Grass Shrubs 8 Pack No Fade Faux Plastic Flowers Outdoor for Farmhouse Garden Porch Patio Indoor Wedding Decoration Greenery,250107.0,296991.1,3.6,36248,500+ bought in past month,Electronics,,https://m.media-amazon.com/images/I/81VBBOIG1sS._AC_UL320_.jpg,2026-02-10 17:46:15,,https://www.amazon.com/sspa/click?ie=UTF8&spc=MToyNDY4NjQxNjM4NTA2NTc5OjE3NzA3MjAzMjE6c3BfbXRmOjMwMTE0NDUzNTUxNjEwMjo6MDo6&url=%2FArtificial-Flowers-Farmhouse-Decoration-Greenery%2Fdp%2FB095JLV7FN%2Fref%3Dsr_1_253_sspa%3Fdib%3DeyJ2IjoiMSJ9.gmncjpTRoB4mX9VSzelMmtwdDPu1dJN1j15D-tWKnKvwiKozosCoyD5sKm_dwFpE3k5lDm7X3-SlGF6rpJHarf684-td9YV0THfFMt95C5a-Ny9XPpwR0ZY2FB4_RCkq0igQPHH93nWy2D4TXYGufYmqBxuGU1ID2fDl2jYhFnSufPADoAJkjGi_UXi18GOLOe70rgxiDZhGXk-9NL1dGOhOGYepmB2nmyEkBVV0jXsILUYTtI3y5F2_Ksp5M5wrGvdjjaBCdk5n-FVyFhNJKHEhVMZj46sXRbI8I1B0CPA.t-_4SV6ahaUm75j6m4kT_7vqNqO0ikJBoOSUjm5lEUQ%26dib_tag%3Dse%26keywords%3Dplant%26qid%3D1770720321%26sr%3D8-253-spons%26sp_csd%3Dd2lkZ2V0TmFtZT1zcF9tdGY%26psc%3D1,web_crawl,,,,,
,Amazon,B0CP26L7T9,"SUNPRAIRIE Realistic Faux Plant in Clear Pot with Artificial Water, Narrow Arrowhead Leaves. Artificial Plants Indoor and Outdoor",552453.0,693609.29,4.1,990,50+ bought in past month,Electronics,,https://m.media-amazon.com/images/I/71utH7gsCLL._AC_UL320_.jpg,2026-02-10 17:46:15,,https://www.amazon.com/sspa/click?ie=UTF8&spc=MToyNDY4NjQxNjM4NTA2NTc5OjE3NzA3MjAzMjE6c3BfbXRmOjMwMDE2ODcwNTAyMDEwMjo6MDo6&url=%2FSUNPRAIRIE-Realistic-Artificial-Narrow-Arrowhead%2Fdp%2FB0CP26L7T9%2Fref%3Dsr_1_254_sspa%3Fdib%3DeyJ2IjoiMSJ9.gmncjpTRoB4mX9VSzelMmtwdDPu1dJN1j15D-tWKnKvwiKozosCoyD5sKm_dwFpE3k5lDm7X3-SlGF6rpJHarf684-td9YV0THfFMt95C5a-Ny9XPpwR0ZY2FB4_RCkq0igQPHH93nWy2D4TXYGufYmqBxuGU1ID2fDl2jYhFnSufPADoAJkjGi_UXi18GOLOe70rgxiDZhGXk-9NL1dGOhOGYepmB2nmyEkBVV0jXsILUYTtI3y5F2_Ksp5M5wrGvdjjaBCdk5n-FVyFhNJKHEhVMZj46sXRbI8I1B0CPA.t-_4SV6ahaUm75j6m4kT_7vqNqO0ikJBoOSUjm5lEUQ%26dib_tag%3Dse%26keywords%3Dplant%26qid%3D1770720321%26sr%3D8-254-spons%26sp_csd%3Dd2lkZ2V0TmFtZT1zcF9tdGY%26psc%3D1,web_crawl,,,,,
,Amazon,B0FWC2T2YZ,"Bstrip Grow Light Stand, 1.3ft 18W Grow Light for Indoor Growing, Full Spectrum LED Plant Light for Seed Starting, Height Adjustable, 27.0"" L x 13.0"" ",503742.0,652839.32,4.4,1932,50+ bought in past month,Electronics,,https://m.media-amazon.com/images/I/714ua-tZKWL._AC_UL320_.jpg,2026-02-10 17:46:15,,https://www.amazon.com/Bstrip-Growing-Spectrum-Starting-Adjustable/dp/B0FWC2T2YZ/ref=sr_1_255?dib=eyJ2IjoiMSJ9.gmncjpTRoB4mX9VSzelMmtwdDPu1dJN1j15D-tWKnKvwiKozosCoyD5sKm_dwFpE3k5lDm7X3-SlGF6rpJHarf684-td9YV0THfFMt95C5a-Ny9XPpwR0ZY2FB4_RCkq0igQPHH93nWy2D4TXYGufYmqBxuGU1ID2fDl2jYhFnSufPADoAJkjGi_UXi18GOLOe70rgxiDZhGXk-9NL1dGOhOGYepmB2nmyEkBVV0jXsILUYTtI3y5F2_Ksp5M5wrGvdjjaBCdk5n-FVyFhNJKHEhVMZj46sXRbI8I1B0CPA.t-_4SV6ahaUm75j6m4kT_7vqNqO0ikJBoOSUjm5lEUQ&dib_tag=se&keywords=plant&qid=1770720321&sr=8-255,web_crawl,,,,,
,Amazon,AMZ_SAMPLE_7_0,HP plant Model 1,441.38,386.83,3.7,34799,HP Store,Electronics,,https://via.placeholder.com/150?text=HP,2026-02-10 17:46:15,,https://www.amazon.com/dp/SAMPLE70,web_crawl,,,,,
,Amazon,AMZ_SAMPLE_7_1,Samsung plant Model 2,366.23,484.61,3.7,2516,Samsung Store,Electronics,,https://via.placeholder.com/150?text=Samsung,2026-02-10 17:46:15,,https://www.amazon.com/dp/SAMPLE71,web_crawl,,,,,
,Amazon,AMZ_SAMPLE_7_2,Lenovo plant Model 3,229.48,183.11,4.5,2027,Lenovo Store,Electronics,,https://via.placeholder.com/150?text=Lenovo,2026-02-10 17:46:15,,https://www.amazon.com/dp/SAMPLE72,web_crawl,,,,,
,Amazon,AMZ_SAMPLE_7_3,Dell plant Model 4,1568.49,1366.31,4.8,36835,Dell Store,Electronics,,https://via.placeholder.com/150?text=Dell,2026-02-10 17:46:15,,https://www.amazon.com/dp/SAMPLE73,web_crawl,,,,,
,Amazon,AMZ_SAMPLE_7_4,Dell plant Model 5,1970.58,1332.85,3.8,5002,Dell Store,Electronics,,https://via.placeholder.com/150?text=Dell,2026-02-10 17:46:15,,https://www.amazon.com/dp/SAMPLE74,web_crawl,,,,,
,Amazon,,Need help?,0.0,0.0,4.4,2520,Amazon,Electronics,,,2026-02-10 17:46:15,,,web_crawl,,,,,
,Amazon,AMZ_SAMPLE_10_0,Apple plant Model 1,1676.1,634.98,4.4,16401,Apple Store,Electronics,,https://via.placeholder.com/150?text=Apple,2026-02-10 17:46:15,,https://www.amazon.com/dp/SAMPLE100,web_crawl,,,,,
,Amazon,AMZ_SAMPLE_10_1,Dell plant Model 2,1230.48,1422.1,4.1,38519,Dell Store,Electronics,,https://via.placeholder.com/150?text=Dell,2026-02-10 17:46:15,,https://www.amazon.com/dp/SAMPLE101,web_crawl,,,,,
,Amazon,AMZ_SAMPLE_10_2,HP plant Model 3,1144.23,2389.81,3.7,17553,HP Store,Electronics,,https://via.placeholder.com/150?text=HP,2026-02-10 17:46:15,,https://www.amazon.com/dp/SAMPLE102,web_crawl,,,,,
,Amazon,AMZ_SAMPLE_10_3,Apple plant Model 4,1890.32,1692.05,3.8,40719,Apple Store,Electronics,,https://via.placeholder.com/150?text=Apple,2026-02-10 17:46:15,,https://www.amazon.com/dp/SAMPLE103,web_crawl,,,,,
,Amazon,AMZ_SAMPLE_10_4,Dell plant Model 5,1547.73,1684.87,4.3,5740,Dell Store,Electronics,,https://via.placeholder.com/150?text=Dell,2026-02-10 17:46:15,,https://www.amazon.com/dp/SAMPLE104,web_crawl,,,,,
,Amazon,AMZ_SAMPLE_11_0,Samsung plant Model 1,388.89,664.69,4.2,33420,Samsung Store,Electronics,,https://via.placeholder.com/150?text=Samsung,2026-02-10 17:46:15,,https://www.amazon.com/dp/SAMPLE110,web_crawl,,,,,
,Amazon,AMZ_SAMPLE_11_1,HP plant Model 2,242.17,1644.65,3.8,30280,HP Store,Electronics,,https://via.placeholder.com/150?text=HP,2026-02-10 17:46:15,,https://www.amazon.com/dp/SAMPLE111,web_crawl,,,,,
,Amazon,AMZ_SAMPLE_11_2,Lenovo plant Model 3,320.31,1320.99,4.0,33880,Lenovo Store,Electronics,,https://via.placeholder.com/150?text=Lenovo,2026-02-10 17:46:15,,https://www.amazon.com/dp/SAMPLE112,web_crawl,,,,,
,Amazon,AMZ_SAMPLE_11_3,HP plant Model 4,722.44,2356.04,3.7,35487,HP Store,Electronics,,https://via.placeholder.com/150?text=HP,2026-02-10 17:46:15,,https://www.amazon.com/dp/SAMPLE113,web_crawl,,,,,
,Amazon,AMZ_SAMPLE_11_4,Samsung plant Model 5,834.99,1894.25,4.9,42854,Samsung Store,Electronics,,https://via.placeholder.com/150?text=Samsung,2026-02-10 17:46:15,,https://www.amazon.com/dp/SAMPLE114,web_crawl,,,,,
,Amazon,B0BP6B8V5D,"SUNNYPARK Bird Bath with Trellis Outdoor, Antique Garden Iron Plant Trellis with Decorative Dragonfly Detachable Bird Bath Bowl Metal Potted Plant Sup",453351.0,567551.03,3.6,43308,Amazon,Electronics,,https://m.media-amazon.com/images/I/81jR5S0zawL._AC_UL320_.jpg,2026-02-10 17:46:15,,https://www.amazon.com/sspa/click?ie=UTF8&spc=MTo0Mjc5MDM4NzgxOTY0MTUzOjE3NzA3MjAzNjE6c3BfYXRmX25leHQ6MjAwMTQwNjA1OTE5NDk4OjowOjo&url=%2FSUNNYPARK-Decorative-Dragonfly-Detachable-Climbing%2Fdp%2FB0BP6B8V5D%2Fref%3Dsr_1_532_sspa%3Fkeywords%3Dplant%26qid%3D1770720361%26sr%3D8-532-spons%26sp_csd%3Dd2lkZ2V0TmFtZT1zcF9hdGZfbmV4dA%26psc%3D1,web_crawl,,,,,
,Amazon,B0D9J4M4GH,HOGOKIDS Flower House Building Set with LED Light - 1332 PCS Garden House Buiding Toy with Flowers Potted Plants Parrot Cat Animals Playset Greenhouse,638118.0,715784.34,3.9,19544,100+ bought in past month,Electronics,,https://m.media-amazon.com/images/I/81T0ZtF6n4L._AC_UL320_.jpg,2026-02-10 17:46:15,,https://www.amazon.com/sspa/click?ie=UTF8&spc=MTo0Mjc5MDM4NzgxOTY0MTUzOjE3NzA3MjAzNjE6c3BfbXRmOjMwMTE2MTIyNjUzMDMwMjo6MDo6&url=%2FHOGOKIDS-Flower-House-Building-Light%2Fdp%2FB0D9J4M4GH%2Fref%3Dsr_1_538_sspa%3Fkeywords%3Dplant%26qid%3D1770720361%26sr%3D8-538-spons%26sp_csd%3Dd2lkZ2V0TmFtZT1zcF9tdGY%26psc%3D1,web_crawl,,,,,
,Amazon,B0DRP1SZ52,"Cute Succulent Planter, Flower Cactus Plant Pot Gifts, Going Away Farewell Thank You Inspirational Employee Appreciation Gifts for Women Men Coworkers",251787.0,315085.0,4.3,3703,100+ bought in past month,Electronics,,https://m.media-amazon.com/images/I/61FLWDcVRkL._AC_UL320_.jpg,2026-02-10 17:46:15,,https://www.amazon.com/sspa/click?ie=UTF8&spc=MTo0Mjc5MDM4NzgxOTY0MTUzOjE3NzA3MjAzNjE6c3BfbXRmOjMwMTA3NDc5NzQ2ODQwMjo6MDo6&url=%2FAryabtya-Succulent-Inspirational-Appreciation-Coworkers%2Fdp%2FB0DRP1SZ52%2Fref%3Dsr_1_540_sspa%3Fkeywords%3Dplant%26qid%3D1770720361%26sr%3D8-540-spons%26sp_csd%3Dd2lkZ2V0TmFtZT1zcF9tdGY%26psc%3D1,web_crawl,,,,,
,Amazon,B08NX1N3YJ,"DOMMIA Panel Grow Light for Indoor Plants, 20W Ultra-Thin Full Spectrum LED Grow Light for Shelf & Cabinet, Dimmable with 6/12/16H Timer, Warm White, ",366006.0,417234.97,4.0,18232,50+ bought in past month,Electronics,,https://m.media-amazon.com/images/I/71m+9f-IHGL._AC_UL320_.jpg,2026-02-10 17:46:15,,https://www.amazon.com/sspa/click?ie=UTF8&spc=MTo4MDk1MDIyMzcyOTgwNjAxOjE3NzA3MjAzNjQ6c3BfYXRmX25leHQ6MzAxMTAxOTQ5OTQxNjAyOjowOjo&url=%2FDOMMIA-Ultra-Thin-Spectrum-Dimmable-Suitable%2Fdp%2FB08NX1N3YJ%2Fref%3Dsr_1_577_sspa%3Fkeywords%3Dplant%26qid%3D1770720364%26sr%3D8-577-spons%26sp_csd%3Dd2lkZ2V0TmFtZT1zcF9hdGZfbmV4dA%26psc%3D1,web_crawl,,,,,
,Amazon,B08QZDK87C,"FUNARTY 5pcs Artificial Succulent Plants, Small Fake Desk Plants Mini Succulents Indoor for Shelf Living Room Bedroom Windowsills Office Home Decorati",241708.0,309863.52,3.8,16836,100+ bought in past month,Electronics,,https://m.media-amazon.com/images/I/71MwSKCEmaL._AC_UL320_.jpg,2026-02-10 17:46:15,,https://www.amazon.com/sspa/click?ie=UTF8&spc=MTo4MDk1MDIyMzcyOTgwNjAxOjE3NzA3MjAzNjQ6c3BfYXRmX25leHQ6MjAwMDc5MjczNjk5MDYxOjowOjo&url=%2FFunarty-Artificial-Succulent-Plants-Small%2Fdp%2FB08QZDK87C%2Fref%3Dsr_1_578_sspa%3Fkeywords%3Dplant%26qid%3D1770720364%26sr%3D8-578-spons%26sp_csd%3Dd2lkZ2V0TmFtZT1zcF9hdGZfbmV4dA%26psc%3D1,web_crawl,,,,,
,Amazon,B0CF1VJDHR,"6 Tier Tall Plant Stand Indoor Outdoor, Large Wood Metal Planter Shelf Holder for Narrow Corner, Sturdy Vertical Multiple Flower Orchid Pot Decorative",634758.0,814402.75,4.9,21310,List:,Electronics,,https://m.media-amazon.com/images/I/61E1N0CKJGL._AC_UL320_.jpg,2026-02-10 17:46:15,,https://www.amazon.com/sspa/click?ie=UTF8&spc=MTo4MDk1MDIyMzcyOTgwNjAxOjE3NzA3MjAzNjQ6c3BfYXRmX25leHQ6MzAwMzMzMzcwMzc2ODAyOjowOjo&url=%2FOppro-Multiple-Display-Outdoor-Balcony%2Fdp%2FB0CF1VJDHR%2Fref%3Dsr_1_579_sspa%3Fkeywords%3Dplant%26qid%3D1770720364%26sr%3D8-579-spons%26sp_csd%3Dd2lkZ2V0TmFtZT1zcF9hdGZfbmV4dA%26psc%3D1,web_crawl,,,,,
,Amazon,B082KFZZDJ,"D'vine Dev 4 Inch Ceramic Beaded Stoneware Planter Pot - Flower Pot with Drainage Holes and Saucers for Indoor Succulent Plants or Flowers, Smoked Whi",285381.0,357316.03,3.6,25460,200+ bought in past month,Electronics,,https://m.media-amazon.com/images/I/715YLxUOSiL._AC_UL320_.jpg,2026-02-10 17:46:15,,https://www.amazon.com/sspa/click?ie=UTF8&spc=MTo4MDk1MDIyMzcyOTgwNjAxOjE3NzA3MjAzNjQ6c3BfYXRmX25leHQ6MjAwMDkxNTczMDkzNjk4OjowOjo&url=%2FDvine-Dev-Ceramic-Stoneware-27-N-K2%2Fdp%2FB082KFZZDJ%2Fref%3Dsr_1_580_sspa%3Fkeywords%3Dplant%26qid%3D1770720364%26sr%3D8-580-spons%26sp_csd%3Dd2lkZ2V0TmFtZT1zcF9hdGZfbmV4dA%26psc%3D1,web_crawl,,,,,
,Amazon,B08RSCRPVV,"4 Pack Small Fake Plants in White Pulp Pot for Home Decor, Artificial Plants Indoor, Small Faux Plants Indoor for Bathroom Bedroom Kitchen Office Farm",470148.0,608856.75,4.3,21421,900+ bought in past month,Electronics,,https://m.media-amazon.com/images/I/816UW7IZE9L._AC_UL320_.jpg,2026-02-10 17:46:15,,https://www.amazon.com/sspa/click?ie=UTF8&spc=MTo4MDk1MDIyMzcyOTgwNjAxOjE3NzA3MjAzNjQ6c3BfbXRmOjMwMDI5MzcxNDk1MDkwMjo6MDo6&url=%2FPENGYEE-Plants-Indoor-Potted-Farmhouse%2Fdp%2FB08RSCRPVV%2Fref%3Dsr_1_581_sspa%3Fkeywords%3Dplant%26qid%3D1770720364%26sr%3D8-581-spons%26sp_csd%3Dd2lkZ2V0TmFtZT1zcF9tdGY%26psc%3D1,web_crawl,,,,,
,Amazon,B09JC2PG85,"Hollyone Large Artificial Succulents Plants Faux Succulents 12"" Fake Succulent Plants in Gold Ceramic Pot Succulent Plant for Desk Modern Home Living ",503742.0,555376.38,4.0,11117,Amazon,Electronics,,https://m.media-amazon.com/images/I/61dq5Tg31yL._AC_UL320_.jpg,2026-02-10 17:46:15,,https://www.amazon.com/sspa/click?ie=UTF8&spc=MTo4MDk1MDIyMzcyOTgwNjAxOjE3NzA3MjAzNjQ6c3BfbXRmOjIwMDA0MTI0OTI3ODA5ODo6MDo6&url=%2FArtificial-Succulents-Succulent-Ceramic-Bathroom%2Fdp%2FB09JC2PG85%2Fref%3Dsr_1_582_sspa%3Fkeywords%3Dplant%26qid%3D1770720364%26sr%3D8-582-spons%26sp_csd%3Dd2lkZ2V0TmFtZT1zcF9tdGY%26psc%3D1,web_crawl,,,,,
,Amazon,B0D8T8JL75,Smily Face Planter Pot with Coffee Cup Cute Resin Flower Head Planters for Indoor Outdoor Unique Sit Succulent Pots with Drainage Hole Gift IdeaI for ,285381.0,322157.78,3.5,26254,Amazon,Electronics,,https://m.media-amazon.com/images/I/713PwW0cMpL._AC_UL320_.jpg,2026-02-10 17:46:15,,https://www.amazon.com/sspa/click?ie=UTF8&spc=MTo4MDk1MDIyMzcyOTgwNjAxOjE3NzA3MjAzNjQ6c3BfbXRmOjMwMDM1OTQ2OTY5ODAwMjo6MDo6&url=%2FToparad-Planters-Succulent-Drainage-Christmas%2Fdp%2FB0D8T8JL75%2Fref%3Dsr_1_583_sspa%3Fkeywords%3Dplant%26qid%3D1770720364%26sr%3D8-583-spons%26sp_csd%3Dd2lkZ2V0TmFtZT1zcF9tdGY%26psc%3D1,web_crawl,,,,,
,Amazon,B0DLW8JZ27,"BLEUM CADE Artificial Flowers for Outdoors, 14 Bundles Faux Plants Outdoor Artificial Flowers for Decoration, UV Resistant Fake Flowers Artificial Pla",218193.0,246517.44,3.9,6040,50+ bought in past month,Electronics,,https://m.media-amazon.com/images/I/812gWf1-9SL._AC_UL320_.jpg,2026-02-10 17:46:15,,https://www.amazon.com/sspa/click?ie=UTF8&spc=MTo4MDk1MDIyMzcyOTgwNjAxOjE3NzA3MjAzNjQ6c3BfbXRmOjMwMTE2MzU5MjQxMjIwMjo6MDo6&url=%2FBLEUM-CADE-Artificial-Decoration-Resistant%2Fdp%2FB0DLW8JZ27%2Fref%3Dsr_1_584_sspa%3Fkeywords%3Dplant%26qid%3D1770720364%26sr%3D8-584-spons%26sp_csd%3Dd2lkZ2V0TmFtZT1zcF9tdGY%26psc%3D1,web_crawl,,,,,
,Amazon,B0BKZYVRQS,Artificial Agave Succulent Plants Faux Snake Plant Fake Succulent Agave Plant Potted in White Pot Succulent Aloe Plant for Desk Modern Office Living R,486945.0,567490.58,4.0,9774,50+ bought in past month,Electronics,,https://m.media-amazon.com/images/I/617YAC-TIhL._AC_UL320_.jpg,2026-02-10 17:46:15,,https://www.amazon.com/sspa/click?ie=UTF8&spc=MTo4MDk1MDIyMzcyOTgwNjAxOjE3NzA3MjAzNjQ6c3BfbXRmOjMwMDAwMzI4MzM0MzgwMjo6MDo6&url=%2FHollyone-Artificial-Potted-Plants-Office%2Fdp%2FB0BKZYVRQS%2Fref%3Dsr_1_585_sspa%3Fkeywords%3Dplant%26qid%3D1770720364%26sr%3D8-585-spons%26sp_csd%3Dd2lkZ2V0TmFtZT1zcF9tdGY%26psc%3D1,web_crawl,,,,,
,Amazon,B0CJJDPJST,Hollyone Artificial Plants Potted Fake Plants in Black Ceramic Pot Faux Pothos Plants Indoor for Home Living Room Shelf Office Aesthetic Decor,352569.0,454512.56,4.6,15964,Amazon,Electronics,,https://m.media-amazon.com/images/I/71KlDI19fCL._AC_UL320_.jpg,2026-02-10 17:46:15,,https://www.amazon.com/sspa/click?ie=UTF8&spc=MTo4MDk1MDIyMzcyOTgwNjAxOjE3NzA3MjAzNjQ6c3BfbXRmOjMwMDg3MjgwMTkwNzEwMjo6MDo6&url=%2FHollyone-Artificial-Plants-Ceramic-Aesthetic%2Fdp%2FB0CJJDPJST%2Fref%3Dsr_1_586_sspa%3Fkeywords%3Dplant%26qid%3D1770720364%26sr%3D8-586-spons%26sp_csd%3Dd2lkZ2V0TmFtZT1zcF9tdGY%26psc%3D1,web_crawl,,,,,
,Amazon,B0BZQFF7HJ,"Faux Flowers with Vase,Artificial Silk Roses in Vase, Fake Plant Eucalyptus Flower Arrangement for Home Office Farmhouse Bathroom Dining Table Centerp",419757.0,494281.21,3.7,18127,900+ bought in past month,Electronics,,https://m.media-amazon.com/images/I/71qcirau79L._AC_UL320_.jpg,2026-02-10 17:46:15,,https://www.amazon.com/sspa/click?ie=UTF8&spc=MTo4MDk1MDIyMzcyOTgwNjAxOjE3NzA3MjAzNjQ6c3BfbXRmOjMwMDE0MTEyMTg0ODQwMjo6MDo6&url=%2FArtificial-Eucalyptus-Arrangement-Centerpiece-Decorations%2Fdp%2FB0BZQFF7HJ%2Fref%3Dsr_1_587_sspa%3Fkeywords%3Dplant%26qid%3D1770720364%26sr%3D8-587-spons%26sp_csd%3Dd2lkZ2V0TmFtZT1zcF9tdGY%26psc%3D1,web_crawl,,,,,
,Amazon,B0FFGH2GL2,"Fake Plants with Ceramic Pots, Artificial Plants Indoor, Faux Plant Flowers for Table Centerpiece Decorations Dining Room, Home Decor Living Room Bath",419421.0,476633.97,3.9,23545,List:,Electronics,,https://m.media-amazon.com/images/I/71jCIfFX6WL._AC_UL320_.jpg,2026-02-10 17:46:15,,https://www.amazon.com/sspa/click?ie=UTF8&spc=MTo4MDk1MDIyMzcyOTgwNjAxOjE3NzA3MjAzNjQ6c3BfbXRmOjMwMDk0NzUxOTQzMDQwMjo6MDo6&url=%2FYOSKMIOR-Artificial-Centerpiece-Decorations-Farmhouse%2Fdp%2FB0FFGH2GL2%2Fref%3Dsr_1_588_sspa%3Fkeywords%3Dplant%26qid%3D1770720364%26sr%3D8-588-spons%26sp_csd%3Dd2lkZ2V0TmFtZT1zcF9tdGY%26psc%3D1,web_crawl,,,,,
,JD.com,JD_SAMPLE_1_0,苹果笔记本型号1,5735.0,6882.0,4.6,85147,苹果官方旗舰店,笔记本,"{""品牌"": ""苹果"", ""颜色"": ""蓝色"", ""内存"": ""12GB""}",https://via.placeholder.com/150?text=苹果,2026-02-10 17:46:15,,https://item.jd.com/SAMPLE10.html,web_crawl,,,,,
,JD.com,JD_SAMPLE_1_1,联想手表型号2,1426.0,1711.0,4.2,69614,联想官方旗舰店,手表,"{""品牌"": ""联想"", ""颜色"": ""黑色"", ""内存"": ""16GB""}",https://via.placeholder.com/150?text=联想,2026-02-10 17:46:15,,https://item.jd.com/SAMPLE11.html,web_crawl,,,,,
,JD.com,JD_SAMPLE_1_2,苹果耳机型号3,5459.0,6550.0,3.8,59954,苹果官方旗舰店,耳机,"{""品牌"": ""苹果"", ""颜色"": ""黑色"", ""内存"": ""16GB""}",https://via.placeholder.com/150?text=苹果,2026-02-10 17:46:15,,https://item.jd.com/SAMPLE12.html,web_crawl,,,,,
,JD.com,JD_SAMPLE_1_3,三星平板型号4,7344.0,8812.0,4.7,43984,三星官方旗舰店,平板,"{""品牌"": ""三星"", ""颜色"": ""白色"", ""内存"": ""8GB""}",https://via.placeholder.com/150?text=三星,2026-02-10 17:46:15,,https://item.jd.com/SAMPLE13.html,web_crawl,,,,,
,JD.com,JD_SAMPLE_1_4,苹果手表型号5,2738.0,3285.0,4.8,19778,苹果官方旗舰店,手表,"{""品牌"": ""苹果"", ""颜色"": ""蓝色"", ""内存"": ""16GB""}",https://via.placeholder.com/150?text=苹果,2026-02-10 17:46:15,,https://item.jd.com/SAMPLE14.html,web_crawl,,,,,
,JD.com,JD_SAMPLE_1_5,华为手表型号6,2520.0,3024.0,4.6,72337,华为官方旗舰店,手表,"{""品牌"": ""华为"", ""颜色"": ""白色"", ""内存"": ""8GB""}",https://via.placeholder.com/150?text=华为,2026-02-10 17:46:15,,https://item.jd.com/SAMPLE15.html,web_crawl,,,,,
,JD.com,JD_SAMPLE_1_6,联想平板型号7,1585.0,1902.0,3.9,63469,联想官方旗舰店,平板,"{""品牌"": ""联想"", ""颜色"": ""黑色"", ""内存"": ""16GB""}",https://via.placeholder.com/150?text=联想,2026-02-10 17:46:15,,https://item.jd.com/SAMPLE16.html,web_crawl,,,,,
,JD.com,JD_SAMPLE_1_7,戴尔平板型号8,1611.0,1933.0,4.3,76890,戴尔官方旗舰店,平板,"{""品牌"": ""戴尔"", ""颜色"": ""黑色"", ""内存"": ""16GB""}",https://via.placeholder.com/150?text=戴尔,2026-02-10 17:46:15,,https://item.jd.com/SAMPLE17.html,web_crawl,,,,,
,JD.com,JD_SAMPLE_2_0,三星平板型号1,4858.0,5829.0,4.7,13502,三星官方旗舰店,平板,"{""品牌"": ""三星"", ""颜色"": ""黑色"", ""内存"": ""12GB""}",https://via.placeholder.com/150?text=三星,2026-02-10 17:46:15,,https://item.jd.com/SAMPLE20.html,web_crawl,,,,,
,JD.com,JD_SAMPLE_2_1,戴尔耳机型号2,4937.0,5924.0,4.4,10236,戴尔官方旗舰店,耳机,"{""品牌"": ""戴尔"", ""颜色"": ""白色"", ""内存"": ""12GB""}",https://via.placeholder.com/150?text=戴尔,2026-02-10 17:46:15,,https://item.jd.com/SAMPLE21.html,web_crawl,,,,,
,JD.com,JD_SAMPLE_2_2,联想笔记本型号3,3576.0,4291.0,4.3,81197,联想官方旗舰店,笔记本,"{""品牌"": ""联想"", ""颜色"": ""黑色"", ""内存"": ""16GB""}",https://via.placeholder.com/150?text=联想,2026-02-10 17:46:15,,https://item.jd.com/SAMPLE22.html,web_crawl,,,,,
,JD.com,JD_SAMPLE_2_3,联想笔记本型号4,6353.0,7623.0,3.9,81172,联想官方旗舰店,笔记本,"{""品牌"": ""联想"", ""颜色"": ""蓝色"", ""内存"": ""8GB""}",https://via.placeholder.com/150?text=联想,2026-02-10 17:46:15,,https://item.jd.com/SAMPLE23.html,web_crawl,,,,,
,JD.com,JD_SAMPLE_2_4,联想耳机型号5,5345.0,6414.0,4.8,32723,联想官方旗舰店,耳机,"{""品牌"": ""联想"", ""颜色"": ""白色"", ""内存"": ""8GB""}",https://via.placeholder.com/150?text=联想,2026-02-10 17:46:15,,https://item.jd.com/SAMPLE24.html,web_crawl,,,,,
,JD.com,JD_SAMPLE_2_5,苹果笔记本型号6,9144.0,10972.0,3.8,28809,苹果官方旗舰店,笔记本,"{""品牌"": ""苹果"", ""颜色"": ""黑色"", ""内存"": ""16GB""}",https://via.placeholder.com/150?text=苹果,2026-02-10 17:46:15,,https://item.jd.com/SAMPLE25.html,web_crawl,,,,,
,JD.com,JD_SAMPLE_2_6,小米笔记本型号7,9459.0,11350.0,4.7,78871,小米官方旗舰店,笔记本,"{""品牌"": ""小米"", ""颜色"": ""蓝色"", ""内存"": ""16GB""}",https://via.placeholder.com/150?text=小米,2026-02-10 17:46:15,,https://item.jd.com/SAMPLE26.html,web_crawl,,,,,
,JD.com,JD_SAMPLE_2_7,华为平板型号8,4687.0,5624.0,4.2,49392,华为官方旗舰店,平板,"{""品牌"": ""华为"", ""颜色"": ""蓝色"", ""内存"": ""12GB""}",https://via.placeholder.com/150?text=华为,2026-02-10 17:46:15,,https://item.jd.com/SAMPLE27.html,web_crawl,,,,,
,JD.com,JD_SAMPLE_3_0,苹果手机型号1,6418.0,7701.0,4.2,72588,苹果官方旗舰店,手机,"{""品牌"": ""苹果"", ""颜色"": ""蓝色"", ""内存"": ""12GB""}",https://via.placeholder.com/150?text=苹果,2026-02-10 17:46:15,,https://item.jd.com/SAMPLE30.html,web_crawl,,,,,
,JD.com,JD_SAMPLE_3_1,苹果手表型号2,6136.0,7363.0,4.4,9883,苹果官方旗舰店,手表,"{""品牌"": ""苹果"", ""颜色"": ""蓝色"", ""内存"": ""12GB""}",https://via.placeholder.com/150?text=苹果,2026-02-10 17:46:15,,https://item.jd.com/SAMPLE31.html,web_crawl,,,,,
,JD.com,JD_SAMPLE_3_2,华为笔记本型号3,8231.0,9877.0,3.8,67775,华为官方旗舰店,笔记本,"{""品牌"": ""华为"", ""颜色"": ""蓝色"", ""内存"": ""16GB""}",https://via.placeholder.com/150?text=华为,2026-02-10 17:46:15,,https://item.jd.com/SAMPLE32.html,web_crawl,,,,,
,JD.com,JD_SAMPLE_3_3,苹果耳机型号4,8031.0,9637.0,4.4,30145,苹果官方旗舰店,耳机,"{""品牌"": ""苹果"", ""颜色"": ""蓝色"", ""内存"": ""8GB""}",https://via.placeholder.com/150?text=苹果,2026-02-10 17:46:15,,https://item.jd.com/SAMPLE33.html,web_crawl,,,,,
,JD.com,JD_SAMPLE_3_4,联想手机型号5,2144.0,2572.0,4.4,55185,联想官方旗舰店,手机,"{""品牌"": ""联想"", ""颜色"": ""白色"", ""内存"": ""12GB""}",https://via.placeholder.com/150?text=联想,2026-02-10 17:46:15,,https://item.jd.com/SAMPLE34.html,web_crawl,,,,,
,JD.com,JD_SAMPLE_3_5,华为耳机型号6,1162.0,1394.0,3.9,95934,华为官方旗舰店,耳机,"{""品牌"": ""华为"", ""颜色"": ""白色"", ""内存"": ""16GB""}",https://via.placeholder.com/150?text=华为,2026-02-10 17:46:15,,https://item.jd.com/SAMPLE35.html,web_crawl,,,,,
,JD.com,JD_SAMPLE_3_6,联想耳机型号7,2374.0,2848.0,4.8,75937,联想官方旗舰店,耳机,"{""品牌"": ""联想"", ""颜色"": ""黑色"", ""内存"": ""8GB""}",https://via.placeholder.com/150?text=联想,2026-02-10 17:46:15,,https://item.jd.com/SAMPLE36.html,web_crawl,,,,,
,JD.com,JD_SAMPLE_3_7,联想笔记本型号8,2832.0,3398.0,4.4,30830,联想官方旗舰店,笔记本,"{""品牌"": ""联想"", ""颜色"": ""白色"", ""内存"": ""12GB""}",https://via.placeholder.com/150?text=联想,2026-02-10 17:46:15,,https://item.jd.com/SAMPLE37.html,web_crawl,,,,,
,JD.com,JD_SAMPLE_4_0,戴尔笔记本型号1,2494.0,2992.0,4.2,29270,戴尔官方旗舰店,笔记本,"{""品牌"": ""戴尔"", ""颜色"": ""白色"", ""内存"": ""16GB""}",https://via.placeholder.com/150?text=戴尔,2026-02-10 17:46:15,,https://item.jd.com/SAMPLE40.html,web_crawl,,,,,
,JD.com,JD_SAMPLE_4_1,苹果手机型号2,1377.0,1652.0,4.6,13659,苹果官方旗舰店,手机,"{""品牌"": ""苹果"", ""颜色"": ""黑色"", ""内存"": ""8GB""}",https://via.placeholder.com/150?text=苹果,2026-02-10 17:46:15,,https://item.jd.com/SAMPLE41.html,web_crawl,,,,,
,JD.com,JD_SAMPLE_4_2,联想笔记本型号3,9203.0,11043.0,4.2,68769,联想官方旗舰店,笔记本,"{""品牌"": ""联想"", ""颜色"": ""白色"", ""内存"": ""16GB""}",https://via.placeholder.com/150?text=联想,2026-02-10 17:46:15,,https://item.jd.com/SAMPLE42.html,web_crawl,,,,,
,JD.com,JD_SAMPLE_4_3,小米平板型号4,1082.0,1298.0,4.3,54664,小米官方旗舰店,平板,"{""品牌"": ""小米"", ""颜色"": ""黑色"", ""内存"": ""12GB""}",https://via.placeholder.com/150?text=小米,2026-02-10 17:46:15,,https://item.jd.com/SAMPLE43.html,web_crawl,,,,,
,JD.com,JD_SAMPLE_4_4,华为手机型号5,6082.0,7298.0,4.8,39240,华为官方旗舰店,手机,"{""品牌"": ""华为"", ""颜色"": ""黑色"", ""内存"": ""12GB""}",https://via.placeholder.com/150?text=华为,2026-02-10 17:46:15,,https://item.jd.com/SAMPLE44.html,web_crawl,,,,,
,JD.com,JD_SAMPLE_4_5,小米耳机型号6,6975.0,8370.0,4.7,33786,小米官方旗舰店,耳机,"{""品牌"": ""小米"", ""颜色"": ""黑色"", ""内存"": ""12GB""}",https://via.placeholder.com/150?text=小米,2026-02-10 17:46:15,,https://item.jd.com/SAMPLE45.html,web_crawl,,,,,
,JD.com,JD_SAMPLE_4_6,戴尔耳机型号7,7384.0,8860.0,4.9,68511,戴尔官方旗舰店,耳机,"{""品牌"": ""戴尔"", ""颜色"": ""白色"", ""内存"": ""8GB""}",https://via.placeholder.com/150?text=戴尔,2026-02-10 17:46:15,,https://item.jd.com/SAMPLE46.html,web_crawl,,,,,
,JD.com,JD_SAMPLE_4_7,联想耳机型号8,1808.0,2169.0,4.0,13095,联想官方旗舰店,耳机,"{""品牌"": ""联想"", ""颜色"": ""蓝色"", ""内存"": ""8GB""}",https://via.placeholder.com/150?text=联想,2026-02-10 17:46:15,,https://item.jd.com/SAMPLE47.html,web_crawl,,,,,
,JD.com,JD_SAMPLE_5_0,华为笔记本型号1,9638.0,11565.0,3.8,29285,华为官方旗舰店,笔记本,"{""品牌"": ""华为"", ""颜色"": ""黑色"", ""内存"": ""12GB""}",https://via.placeholder.com/150?text=华为,2026-02-10 17:46:15,,https://item.jd.com/SAMPLE50.html,web_crawl,,,,,
,JD.com,JD_SAMPLE_5_1,三星手机型号2,2362.0,2834.0,4.6,7114,三星官方旗舰店,手机,"{""品牌"": ""三星"", ""颜色"": ""蓝色"", ""内存"": ""8GB""}",https://via.placeholder.com/150?text=三星,2026-02-10 17:46:15,,https://item.jd.com/SAMPLE51.html,web_crawl,,,,,
,JD.com,JD_SAMPLE_5_2,苹果手表型号3,6676.0,8011.0,4.1,7039,苹果官方旗舰店,手表,"{""品牌"": ""苹果"", ""颜色"": ""蓝色"", ""内存"": ""8GB""}",https://via.placeholder.com/150?text=苹果,2026-02-10 17:46:15,,https://item.jd.com/SAMPLE52.html,web_crawl,,,,,
,JD.com,JD_SAMPLE_5_3,华为手机型号4,9813.0,11775.0,4.6,34036,华为官方旗舰店,手机,"{""品牌"": ""华为"", ""颜色"": ""蓝色"", ""内存"": ""16GB""}",https://via.placeholder.com/150?text=华为,2026-02-10 17:46:15,,https://item.jd.com/SAMPLE53.html,web_crawl,,,,,
,JD.com,JD_SAMPLE_5_4,苹果平板型号5,2162.0,2594.0,4.7,81340,苹果官方旗舰店,平板,"{""品牌"": ""苹果"", ""颜色"": ""蓝色"", ""内存"": ""12GB""}",https://via.placeholder.com/150?text=苹果,2026-02-10 17:46:15,,https://item.jd.com/SAMPLE54.html,web_crawl,,,,,
,JD.com,JD_SAMPLE_5_5,戴尔手表型号6,1244.0,1492.0,4.7,26177,戴尔官方旗舰店,手表,"{""品牌"": ""戴尔"", ""颜色"": ""蓝色"", ""内存"": ""16GB""}",https://via.placeholder.com/150?text=戴尔,2026-02-10 17:46:15,,https://item.jd.com/SAMPLE55.html,web_crawl,,,,,
,JD.com,JD_SAMPLE_5_6,华为手表型号7,2663.0,3195.0,4.6,69698,华为官方旗舰店,手表,"{""品牌"": ""华为"", ""颜色"": ""白色"", ""内存"": ""8GB""}",https://via.placeholder.com/150?text=华为,2026-02-10 17:46:15,,https://item.jd.com/SAMPLE56.html,web_crawl,,,,,
,JD.com,JD_SAMPLE_5_7,三星笔记本型号8,3694.0,4432.0,4.1,10502,三星官方旗舰店,笔记本,"{""品牌"": ""三星"", ""颜色"": ""白色"", ""内存"": ""12GB""}",https://via.placeholder.com/150?text=三星,2026-02-10 17:46:15,,https://item.jd.com/SAMPLE57.html,web_crawl,,,,,
,JD.com,JD_SAMPLE_6_0,苹果笔记本型号1,5781.0,6937.0,3.9,29351,苹果官方旗舰店,笔记本,"{""品牌"": ""苹果"", ""颜色"": ""黑色"", ""内存"": ""16GB""}",https://via.placeholder.com/150?text=苹果,2026-02-10 17:46:15,,https://item.jd.com/SAMPLE60.html,web_crawl,,,,,
,JD.com,JD_SAMPLE_6_1,戴尔笔记本型号2,4828.0,5793.0,4.8,46610,戴尔官方旗舰店,笔记本,"{""品牌"": ""戴尔"", ""颜色"": ""蓝色"", ""内存"": ""16GB""}",https://via.placeholder.com/150?text=戴尔,2026-02-10 17:46:15,,https://item.jd.com/SAMPLE61.html,web_crawl,,,,,
,JD.com,JD_SAMPLE_6_2,苹果手表型号3,8658.0,10389.0,4.8,14757,苹果官方旗舰店,手表,"{""品牌"": ""苹果"", ""颜色"": ""白色"", ""内存"": ""16GB""}",https://via.placeholder.com/150?text=苹果,2026-02-10 17:46:15,,https://item.jd.com/SAMPLE62.html,web_crawl,,,,,
,JD.com,JD_SAMPLE_6_3,苹果手表型号4,7899.0,9478.0,4.3,62096,苹果官方旗舰店,手表,"{""品牌"": ""苹果"", ""颜色"": ""蓝色"", ""内存"": ""12GB""}",https://via.placeholder.com/150?text=苹果,2026-02-10 17:46:15,,https://item.jd.com/SAMPLE63.html,web_crawl,,,,,
,JD.com,JD_SAMPLE_6_4,苹果平板型号5,4923.0,5907.0,3.9,81527,苹果官方旗舰店,平板,"{""品牌"": ""苹果"", ""颜色"": ""蓝色"", ""内存"": ""16GB""}",https://via.placeholder.com/150?text=苹果,2026-02-10 17:46:15,,https://item.jd.com/SAMPLE64.html,web_crawl,,,,,
,JD.com,JD_SAMPLE_6_5,华为笔记本型号6,5778.0,6933.0,4.3,92149,华为官方旗舰店,笔记本,"{""品牌"": ""华为"", ""颜色"": ""黑色"", ""内存"": ""16GB""}",https://via.placeholder.com/150?text=华为,2026-02-10 17:46:15,,https://item.jd.com/SAMPLE65.html,web_crawl,,,,,
,JD.com,JD_SAMPLE_6_6,苹果笔记本型号7,5723.0,6867.0,4.0,59933,苹果官方旗舰店,笔记本,"{""品牌"": ""苹果"", ""颜色"": ""黑色"", ""内存"": ""16GB""}",https://via.placeholder.com/150?text=苹果,2026-02-10 17:46:15,,https://item.jd.com/SAMPLE66.html,web_crawl,,,,,
,JD.com,JD_SAMPLE_6_7,苹果平板型号8,8153.0,9783.0,4.2,75198,苹果官方旗舰店,平板,"{""品牌"": ""苹果"", ""颜色"": ""蓝色"", ""内存"": ""12GB""}",https://via.placeholder.com/150?text=苹果,2026-02-10 17:46:15,,https://item.jd.com/SAMPLE67.html,web_crawl,,,,,
,JD.com,JD_SAMPLE_7_0,华为手表型号1,5392.0,6470.0,3.9,75534,华为官方旗舰店,手表,"{""品牌"": ""华为"", ""颜色"": ""黑色"", ""内存"": ""12GB""}",https://via.placeholder.com/150?text=华为,2026-02-10 17:46:15,,https://item.jd.com/SAMPLE70.html,web_crawl,,,,,
,JD.com,JD_SAMPLE_7_1,小米笔记本型号2,6983.0,8379.0,4.8,93478,小米官方旗舰店,笔记本,"{""品牌"": ""小米"", ""颜色"": ""白色"", ""内存"": ""16GB""}",https://via.placeholder.com/150?text=小米,2026-02-10 17:46:15,,https://item.jd.com/SAMPLE71.html,web_crawl,,,,,
,JD.com,JD_SAMPLE_7_2,华为平板型号3,4198.0,5037.0,3.8,52544,华为官方旗舰店,平板,"{""品牌"": ""华为"", ""颜色"": ""蓝色"", ""内存"": ""16GB""}",https://via.placeholder.com/150?text=华为,2026-02-10 17:46:15,,https://item.jd.com/SAMPLE72.html,web_crawl,,,,,
,JD.com,JD_SAMPLE_7_3,三星平板型号4,3774.0,4528.0,4.8,53102,三星官方旗舰店,平板,"{""品牌"": ""三星"", ""颜色"": ""蓝色"", ""内存"": ""16GB""}",https://via.placeholder.com/150?text=三星,2026-02-10 17:46:15,,https://item.jd.com/SAMPLE73.html,web_crawl,,,,,
,JD.com,JD_SAMPLE_7_4,苹果平板型号5,6018.0,7221.0,5.0,81871,苹果官方旗舰店,平板,"{""品牌"": ""苹果"", ""颜色"": ""白色"", ""内存"": ""8GB""}",https://via.placeholder.com/150?text=苹果,2026-02-10 17:46:15,,https://item.jd.com/SAMPLE74.html,web_crawl,,,,,
,JD.com,JD_SAMPLE_7_5,三星耳机型号6,8361.0,10033.0,4.2,16034,三星官方旗舰店,耳机,"{""品牌"": ""三星"", ""颜色"": ""白色"", ""内存"": ""8GB""}",https://via.placeholder.com/150?text=三星,2026-02-10 17:46:15,,https://item.jd.com/SAMPLE75.html,web_crawl,,,,,
,JD.com,JD_SAMPLE_7_6,三星手机型号7,9858.0,11829.0,4.2,40833,三星官方旗舰店,手机,"{""品牌"": ""三星"", ""颜色"": ""黑色"", ""内存"": ""16GB""}",https://via.placeholder.com/150?text=三星,2026-02-10 17:46:15,,https://item.jd.com/SAMPLE76.html,web_crawl,,,,,
,JD.com,JD_SAMPLE_7_7,联想耳机型号8,3002.0,3602.0,3.9,8152,联想官方旗舰店,耳机,"{""品牌"": ""联想"", ""颜色"": ""白色"", ""内存"": ""12GB""}",https://via.placeholder.com/150?text=联想,2026-02-10 17:46:15,,https://item.jd.com/SAMPLE77.html,web_crawl,,,,,
,JD.com,JD_SAMPLE_8_0,联想手表型号1,2932.0,3518.0,4.6,96126,联想官方旗舰店,手表,"{""品牌"": ""联想"", ""颜色"": ""白色"", ""内存"": ""16GB""}",https://via.placeholder.com/150?text=联想,2026-02-10 17:46:15,,https://item.jd.com/SAMPLE80.html,web_crawl,,,,,
,JD.com,JD_SAMPLE_8_1,苹果手表型号2,5893.0,7071.0,4.7,12373,苹果官方旗舰店,手表,"{""品牌"": ""苹果"", ""颜色"": ""蓝色"", ""内存"": ""12GB""}",https://via.placeholder.com/150?text=苹果,2026-02-10 17:46:15,,https://item.jd.com/SAMPLE81.html,web_crawl,,,,,
,JD.com,JD_SAMPLE_8_2,三星手机型号3,2412.0,2894.0,4.5,82950,三星官方旗舰店,手机,"{""品牌"": ""三星"", ""颜色"": ""白色"", ""内存"": ""12GB""}",https://via.placeholder.com/150?text=三星,2026-02-10 17:46:15,,https://item.jd.com/SAMPLE82.html,web_crawl,,,,,
,JD.com,JD_SAMPLE_8_3,小米笔记本型号4,4929.0,5914.0,4.1,42400,小米官方旗舰店,笔记本,"{""品牌"": ""小米"", ""颜色"": ""蓝色"", ""内存"": ""8GB""}",https://via.placeholder.com/150?text=小米,2026-02-10 17:46:15,,https://item.jd.com/SAMPLE83.html,web_crawl,,,,,
,JD.com,JD_SAMPLE_8_4,三星平板型号5,8586.0,10303.0,4.5,76494,三星官方旗舰店,平板,"{""品牌"": ""三星"", ""颜色"": ""黑色"", ""内存"": ""8GB""}",https://via.placeholder.com/150?text=三星,2026-02-10 17:46:15,,https://item.jd.com/SAMPLE84.html,web_crawl,,,,,
,JD.com,JD_SAMPLE_8_5,三星平板型号6,2215.0,2658.0,4.5,35464,三星官方旗舰店,平板,"{""品牌"": ""三星"", ""颜色"": ""黑色"", ""内存"": ""8GB""}",https://via.placeholder.com/150?text=三星,2026-02-10 17:46:15,,https://item.jd.com/SAMPLE85.html,web_crawl,,,,,
,JD.com,JD_SAMPLE_8_6,华为手机型号7,6725.0,8070.0,4.9,87963,华为官方旗舰店,手机,"{""品牌"": ""华为"", ""颜色"": ""蓝色"", ""内存"": ""12GB""}",https://via.placeholder.com/150?text=华为,2026-02-10 17:46:15,,https://item.jd.com/SAMPLE86.html,web_crawl,,,,,
,JD.com,JD_SAMPLE_8_7,三星平板型号8,8949.0,10738.0,4.2,28776,三星官方旗舰店,平板,"{""品牌"": ""三星"", ""颜色"": ""白色"", ""内存"": ""16GB""}",https://via.placeholder.com/150?text=三星,2026-02-10 17:46:15,,https://item.jd.com/SAMPLE87.html,web_crawl,,,,,
,JD.com,JD_SAMPLE_9_0,华为笔记本型号1,9978.0,11973.0,5.0,15383,华为官方旗舰店,笔记本,"{""品牌"": ""华为"", ""颜色"": ""黑色"", ""内存"": ""8GB""}",https://via.placeholder.com/150?text=华为,2026-02-10 17:46:15,,https://item.jd.com/SAMPLE90.html,web_crawl,,,,,
,JD.com,JD_SAMPLE_9_1,小米手机型号2,9473.0,11367.0,4.2,10608,小米官方旗舰店,手机,"{""品牌"": ""小米"", ""颜色"": ""蓝色"", ""内存"": ""8GB""}",https://via.placeholder.com/150?text=小米,2026-02-10 17:46:15,,https://item.jd.com/SAMPLE91.html,web_crawl,,,,,
,JD.com,JD_SAMPLE_9_2,小米耳机型号3,1351.0,1621.0,4.9,47585,小米官方旗舰店,耳机,"{""品牌"": ""小米"", ""颜色"": ""黑色"", ""内存"": ""12GB""}",https://via.placeholder.com/150?text=小米,2026-02-10 17:46:15,,https://item.jd.com/SAMPLE92.html,web_crawl,,,,,
,JD.com,JD_SAMPLE_9_3,戴尔笔记本型号4,2869.0,3442.0,4.9,89920,戴尔官方旗舰店,笔记本,"{""品牌"": ""戴尔"", ""颜色"": ""白色"", ""内存"": ""12GB""}",https://via.placeholder.com/150?text=戴尔,2026-02-10 17:46:15,,https://item.jd.com/SAMPLE93.html,web_crawl,,,,,
,JD.com,JD_SAMPLE_9_4,华为笔记本型号5,8513.0,10215.0,4.1,83561,华为官方旗舰店,笔记本,"{""品牌"": ""华为"", ""颜色"": ""白色"", ""内存"": ""16GB""}",https://via.placeholder.com/150?text=华为,2026-02-10 17:46:15,,https://item.jd.com/SAMPLE94.html,web_crawl,,,,,
,JD.com,JD_SAMPLE_9_5,小米平板型号6,3479.0,4174.0,4.7,10448,小米官方旗舰店,平板,"{""品牌"": ""小米"", ""颜色"": ""黑色"", ""内存"": ""16GB""}",https://via.placeholder.com/150?text=小米,2026-02-10 17:46:15,,https://item.jd.com/SAMPLE95.html,web_crawl,,,,,
,JD.com,JD_SAMPLE_9_6,苹果手机型号7,6520.0,7824.0,3.8,66401,苹果官方旗舰店,手机,"{""品牌"": ""苹果"", ""颜色"": ""白色"", ""内存"": ""12GB""}",https://via.placeholder.com/150?text=苹果,2026-02-10 17:46:15,,https://item.jd.com/SAMPLE96.html,web_crawl,,,,,
,JD.com,JD_SAMPLE_9_7,联想笔记本型号8,5737.0,6884.0,4.9,23540,联想官方旗舰店,笔记本,"{""品牌"": ""联想"", ""颜色"": ""黑色"", ""内存"": ""16GB""}",https://via.placeholder.com/150?text=联想,2026-02-10 17:46:15,,https://item.jd.com/SAMPLE97.html,web_crawl,,,,,
,JD.com,JD_SAMPLE_10_0,小米笔记本型号1,2506.0,3007.0,3.9,96786,小米官方旗舰店,笔记本,"{""品牌"": ""小米"", ""颜色"": ""黑色"", ""内存"": ""8GB""}",https://via.placeholder.com/150?text=小米,2026-02-10 17:46:15,,https://item.jd.com/SAMPLE100.html,web_crawl,,,,,
,JD.com,JD_SAMPLE_10_1,联想平板型号2,2376.0,2851.0,4.6,99417,联想官方旗舰店,平板,"{""品牌"": ""联想"", ""颜色"": ""黑色"", ""内存"": ""12GB""}",https://via.placeholder.com/150?text=联想,2026-02-10 17:46:15,,https://item.jd.com/SAMPLE101.html,web_crawl,,,,,
,JD.com,JD_SAMPLE_10_2,戴尔笔记本型号3,3465.0,4158.0,4.9,61597,戴尔官方旗舰店,笔记本,"{""品牌"": ""戴尔"", ""颜色"": ""蓝色"", ""内存"": ""12GB""}",https://via.placeholder.com/150?text=戴尔,2026-02-10 17:46:15,,https://item.jd.com/SAMPLE102.html,web_crawl,,,,,
,JD.com,JD_SAMPLE_10_3,三星平板型号4,1915.0,2298.0,4.2,7953,三星官方旗舰店,平板,"{""品牌"": ""三星"", ""颜色"": ""白色"", ""内存"": ""16GB""}",https://via.placeholder.com/150?text=三星,2026-02-10 17:46:15,,https://item.jd.com/SAMPLE103.html,web_crawl,,,,,
,JD.com,JD_SAMPLE_10_4,小米手表型号5,3244.0,3892.0,4.3,39652,小米官方旗舰店,手表,"{""品牌"": ""小米"", ""颜色"": ""蓝色"", ""内存"": ""8GB""}",https://via.placeholder.com/150?text=小米,2026-02-10 17:46:15,,https://item.jd.com/SAMPLE104.html,web_crawl,,,,,
,JD.com,JD_SAMPLE_10_5,联想笔记本型号6,2439.0,2926.0,4.5,97147,联想官方旗舰店,笔记本,"{""品牌"": ""联想"", ""颜色"": ""白色"", ""内存"": ""16GB""}",https://via.placeholder.com/150?text=联想,2026-02-10 17:46:15,,https://item.jd.com/SAMPLE105.html,web_crawl,,,,,
,JD.com,JD_SAMPLE_10_6,戴尔耳机型号7,5341.0,6409.0,4.1,25567,戴尔官方旗舰店,耳机,"{""品牌"": ""戴尔"", ""颜色"": ""蓝色"", ""内存"": ""12GB""}",https://via.placeholder.com/150?text=戴尔,2026-02-10 17:46:15,,https://item.jd.com/SAMPLE106.html,web_crawl,,,,,
,JD.com,JD_SAMPLE_10_7,戴尔平板型号8,8804.0,10564.0,4.1,43386,戴尔官方旗舰店,平板,"{""品牌"": ""戴尔"", ""颜色"": ""黑色"", ""内存"": ""16GB""}",https://via.placeholder.com/150?text=戴尔,2026-02-10 17:46:15,,https://item.jd.com/SAMPLE107.html,web_crawl,,,,,
,JD.com,JD_SAMPLE_11_0,苹果耳机型号1,6530.0,7836.0,3.9,49914,苹果官方旗舰店,耳机,"{""品牌"": ""苹果"", ""颜色"": ""蓝色"", ""内存"": ""16GB""}",https://via.placeholder.com/150?text=苹果,2026-02-10 17:46:15,,https://item.jd.com/SAMPLE110.html,web_crawl,,,,,
,JD.com,JD_SAMPLE_11_1,华为手机型号2,2456.0,2947.0,5.0,41254,华为官方旗舰店,手机,"{""品牌"": ""华为"", ""颜色"": ""白色"", ""内存"": ""8GB""}",https://via.placeholder.com/150?text=华为,2026-02-10 17:46:15,,https://item.jd.com/SAMPLE111.html,web_crawl,,,,,
,JD.com,JD_SAMPLE_11_2,戴尔耳机型号3,9969.0,11962.0,4.4,90811,戴尔官方旗舰店,耳机,"{""品牌"": ""戴尔"", ""颜色"": ""黑色"", ""内存"": ""8GB""}",https://via.placeholder.com/150?text=戴尔,2026-02-10 17:46:15,,https://item.jd.com/SAMPLE112.html,web_crawl,,,,,
,JD.com,JD_SAMPLE_11_3,戴尔平板型号4,6535.0,7842.0,5.0,82968,戴尔官方旗舰店,平板,"{""品牌"": ""戴尔"", ""颜色"": ""黑色"", ""内存"": ""16GB""}",https://via.placeholder.com/150?text=戴尔,2026-02-10 17:46:15,,https://item.jd.com/SAMPLE113.html,web_crawl,,,,,
,JD.com,JD_SAMPLE_11_4,小米笔记本型号5,8228.0,9873.0,4.1,52195,小米官方旗舰店,笔记本,"{""品牌"": ""小米"", ""颜色"": ""黑色"", ""内存"": ""16GB""}",https://via.placeholder.com/150?text=小米,2026-02-10 17:46:15,,https://item.jd.com/SAMPLE114.html,web_crawl,,,,,
,JD.com,JD_SAMPLE_11_5,联想耳机型号6,4924.0,5908.0,4.7,77949,联想官方旗舰店,耳机,"{""品牌"": ""联想"", ""颜色"": ""白色"", ""内存"": ""8GB""}",https://via.placeholder.com/150?text=联想,2026-02-10 17:46:15,,https://item.jd.com/SAMPLE115.html,web_crawl,,,,,
,JD.com,JD_SAMPLE_11_6,苹果平板型号7,5633.0,6759.0,4.1,42841,苹果官方旗舰店,平板,"{""品牌"": ""苹果"", ""颜色"": ""黑色"", ""内存"": ""16GB""}",https://via.placeholder.com/150?text=苹果,2026-02-10 17:46:15,,https://item.jd.com/SAMPLE116.html,web_crawl,,,,,
,JD.com,JD_SAMPLE_11_7,三星手机型号8,2057.0,2468.0,4.6,89203,三星官方旗舰店,手机,"{""品牌"": ""三星"", ""颜色"": ""白色"", ""内存"": ""12GB""}",https://via.placeholder.com/150?text=三星,2026-02-10 17:46:15,,https://item.jd.com/SAMPLE117.html,web_crawl,,,,,
,JD.com,JD_SAMPLE_12_0,戴尔耳机型号1,7586.0,9103.0,4.0,20178,戴尔官方旗舰店,耳机,"{""品牌"": ""戴尔"", ""颜色"": ""蓝色"", ""内存"": ""12GB""}",https://via.placeholder.com/150?text=戴尔,2026-02-10 17:46:15,,https://item.jd.com/SAMPLE120.html,web_crawl,,,,,
,JD.com,JD_SAMPLE_12_1,华为耳机型号2,1948.0,2337.0,4.2,15285,华为官方旗舰店,耳机,"{""品牌"": ""华为"", ""颜色"": ""白色"", ""内存"": ""8GB""}",https://via.placeholder.com/150?text=华为,2026-02-10 17:46:15,,https://item.jd.com/SAMPLE121.html,web_crawl,,,,,
,JD.com,JD_SAMPLE_12_2,小米笔记本型号3,3692.0,4430.0,4.7,61333,小米官方旗舰店,笔记本,"{""品牌"": ""小米"", ""颜色"": ""白色"", ""内存"": ""12GB""}",https://via.placeholder.com/150?text=小米,2026-02-10 17:46:15,,https://item.jd.com/SAMPLE122.html,web_crawl,,,,,
,JD.com,JD_SAMPLE_12_3,联想平板型号4,4062.0,4874.0,4.2,97589,联想官方旗舰店,平板,"{""品牌"": ""联想"", ""颜色"": ""黑色"", ""内存"": ""16GB""}",https://via.placeholder.com/150?text=联想,2026-02-10 17:46:15,,https://item.jd.com/SAMPLE123.html,web_crawl,,,,,
,JD.com,JD_SAMPLE_12_4,三星手表型号5,7004.0,8404.0,4.3,46451,三星官方旗舰店,手表,"{""品牌"": ""三星"", ""颜色"": ""白色"", ""内存"": ""16GB""}",https://via.placeholder.com/150?text=三星,2026-02-10 17:46:15,,https://item.jd.com/SAMPLE124.html,web_crawl,,,,,
,JD.com,JD_SAMPLE_12_5,三星手机型号6,7030.0,8436.0,5.0,75502,三星官方旗舰店,手机,"{""品牌"": ""三星"", ""颜色"": ""黑色"", ""内存"": ""12GB""}",https://via.placeholder.com/150?text=三星,2026-02-10 17:46:15,,https://item.jd.com/SAMPLE125.html,web_crawl,,,,,
,JD.com,JD_SAMPLE_12_6,小米手表型号7,4076.0,4891.0,4.5,85720,小米官方旗舰店,手表,"{""品牌"": ""小米"", ""颜色"": ""蓝色"", ""内存"": ""8GB""}",https://via.placeholder.com/150?text=小米,2026-02-10 17:46:15,,https://item.jd.com/SAMPLE126.html,web_crawl,,,,,
,JD.com,JD_SAMPLE_12_7,戴尔笔记本型号8,3078.0,3693.0,4.0,85530,戴尔官方旗舰店,笔记本,"{""品牌"": ""戴尔"", ""颜色"": ""蓝色"", ""内存"": ""12GB""}",https://via.placeholder.com/150?text=戴尔,2026-02-10 17:46:15,,https://item.jd.com/SAMPLE127.html,web_crawl,,,,,
,JD.com,JD_SAMPLE_13_0,苹果笔记本型号1,1451.0,1741.0,4.6,86278,苹果官方旗舰店,笔记本,"{""品牌"": ""苹果"", ""颜色"": ""黑色"", ""内存"": ""8GB""}",https://via.placeholder.com/150?text=苹果,2026-02-10 17:46:15,,https://item.jd.com/SAMPLE130.html,web_crawl,,,,,
,JD.com,JD_SAMPLE_13_1,苹果耳机型号2,7002.0,8402.0,4.8,28549,苹果官方旗舰店,耳机,"{""品牌"": ""苹果"", ""颜色"": ""白色"", ""内存"": ""16GB""}",https://via.placeholder.com/150?text=苹果,2026-02-10 17:46:15,,https://item.jd.com/SAMPLE131.html,web_crawl,,,,,
,JD.com,JD_SAMPLE_13_2,三星平板型号3,5623.0,6747.0,4.5,91608,三星官方旗舰店,平板,"{""品牌"": ""三星"", ""颜色"": ""白色"", ""内存"": ""16GB""}",https://via.placeholder.com/150?text=三星,2026-02-10 17:46:15,,https://item.jd.com/SAMPLE132.html,web_crawl,,,,,
,JD.com,JD_SAMPLE_13_3,联想手机型号4,9244.0,11092.0,4.7,12765,联想官方旗舰店,手机,"{""品牌"": ""联想"", ""颜色"": ""黑色"", ""内存"": ""12GB""}",https://via.placeholder.com/150?text=联想,2026-02-10 17:46:15,,https://item.jd.com/SAMPLE133.html,web_crawl,,,,,
,JD.com,JD_SAMPLE_13_4,小米笔记本型号5,7631.0,9157.0,4.7,90129,小米官方旗舰店,笔记本,"{""品牌"": ""小米"", ""颜色"": ""白色"", ""内存"": ""12GB""}",https://via.placeholder.com/150?text=小米,2026-02-10 17:46:15,,https://item.jd.com/SAMPLE134.html,web_crawl,,,,,
,JD.com,JD_SAMPLE_13_5,小米耳机型号6,7870.0,9444.0,4.3,90492,小米官方旗舰店,耳机,"{""品牌"": ""小米"", ""颜色"": ""蓝色"", ""内存"": ""16GB""}",https://via.placeholder.com/150?text=小米,2026-02-10 17:46:15,,https://item.jd.com/SAMPLE135.html,web_crawl,,,,,
,JD.com,JD_SAMPLE_13_6,小米笔记本型号7,8783.0,10539.0,4.7,84742,小米官方旗舰店,笔记本,"{""品牌"": ""小米"", ""颜色"": ""白色"", ""内存"": ""12GB""}",https://via.placeholder.com/150?text=小米,2026-02-10 17:46:15,,https://item.jd.com/SAMPLE136.html,web_crawl,,,,,
,JD.com,JD_SAMPLE_13_7,华为平板型号8,6660.0,7992.0,4.1,80962,华为官方旗舰店,平板,"{""品牌"": ""华为"", ""颜色"": ""黑色"", ""内存"": ""8GB""}",https://via.placeholder.com/150?text=华为,2026-02-10 17:46:15,,https://item.jd.com/SAMPLE137.html,web_crawl,,,,,
,Amazon,AMZ_ROS_003_0008,rose flower lego Amazon Product 3-8,766.0,895.94,3.2,48916,Amazon Store,Electronics,,,2026-02-10 18:59:53,,,,rose flower lego,,,,
,Amazon,AMZ_ROS_003_0009,rose flower lego Amazon Product 3-9,1281.0,1583.42,4.0,28832,Amazon Store,Clothing,,,2026-02-10 18:59:53,,,,rose flower lego,,,,
,Amazon,AMZ_ROS_003_0010,rose flower lego Amazon Product 3-10,1516.0,1892.11,4.3,13238,Amazon Store,Electronics,,,2026-02-10 18:59:53,,,,rose flower lego,,,,
,Amazon,AMZ_ROS_007_0008,rose flower lego Amazon Product 7-8,1129.0,1410.2,3.3,13893,Amazon Store,Books,,,2026-02-10 19:00:05,,,,rose flower lego,,,,
,Amazon,AMZ_ROS_007_0009,rose flower lego Amazon Product 7-9,511.0,631.57,3.6,6927,Amazon Store,Electronics,,,2026-02-10 19:00:05,,,,rose flower lego,,,,
,Amazon,AMZ_ROS_007_0010,rose flower lego Amazon Product 7-10,481.0,597.42,3.6,27651,Amazon Store,Books,,,2026-02-10 19:00:05,,,,rose flower lego,,,,
,Amazon,AMZ_ROS_007_0011,rose flower lego Amazon Product 7-11,1942.0,2368.01,3.2,38701,Amazon Store,Electronics,,,2026-02-10 19:00:05,,,,rose flower lego,,,,
,Amazon,AMZ_ROS_008_0008,rose flower lego Amazon Product 8-8,274.0,305.22,3.5,1422,Amazon Store,Sports,,,2026-02-10 19:00:08,,,,rose flower lego,,,,
,Amazon,AMZ_ROS_011_0000,rose flower lego Amazon Product 11-0,1856.0,2209.11,3.0,33840,Amazon Store,Books,,,2026-02-10 19:00:17,,,,rose flower lego,,,,
,Amazon,AMZ_ROS_011_0001,rose flower lego Amazon Product 11-1,608.0,767.9,4.4,14847,Amazon Store,Books,,,2026-02-10 19:00:17,,,,rose flower lego,,,,
,Amazon,AMZ_ROS_011_0002,rose flower lego Amazon Product 11-2,1489.0,1734.19,5.0,2912,Amazon Store,Home,,,2026-02-10 19:00:17,,,,rose flower lego,,,,
,Amazon,AMZ_ROS_011_0003,rose flower lego Amazon Product 11-3,1697.0,2097.05,4.3,45573,Amazon Store,Clothing,,,2026-02-10 19:00:17,,,,rose flower lego,,,,
,Amazon,AMZ_ROS_011_0004,rose flower lego Amazon Product 11-4,754.0,865.04,3.4,42684,Amazon Store,Sports,,,2026-02-10 19:00:17,,,,rose flower lego,,,,
,Amazon,AMZ_ROS_011_0005,rose flower lego Amazon Product 11-5,265.0,299.0,4.4,42055,Amazon Store,Clothing,,,2026-02-10 19:00:17,,,,rose flower lego,,,,
,Amazon,AMZ_ROS_011_0006,rose flower lego Amazon Product 11-6,210.0,253.83,4.2,18394,Amazon Store,Books,,,2026-02-10 19:00:17,,,,rose flower lego,,,,
,Amazon,AMZ_ROS_011_0007,rose flower lego Amazon Product 11-7,609.0,711.92,3.7,41051,Amazon Store,Electronics,,,2026-02-10 19:00:17,,,,rose flower lego,,,,
,Amazon,AMZ_ROS_011_0008,rose flower lego Amazon Product 11-8,1261.0,1426.5,3.8,17696,Amazon Store,Clothing,,,2026-02-10 19:00:17,,,,rose flower lego,,,,
,Amazon,AMZ_ROS_011_0009,rose flower lego Amazon Product 11-9,1652.0,2121.08,4.5,36106,Amazon Store,Sports,,,2026-02-10 19:00:17,,,,rose flower lego,,,,
,Amazon,AMZ_ROS_011_0010,rose flower lego Amazon Product 11-10,1379.0,1720.42,3.0,17555,Amazon Store,Electronics,,,2026-02-10 19:00:17,,,,rose flower lego,,,,
,Amazon,AMZ_ROS_012_0000,rose flower lego Amazon Product 12-0,515.0,598.1,3.5,3980,Amazon Store,Books,,,2026-02-10 19:00:20,,,,rose flower lego,,,,
,Amazon,AMZ_ROS_012_0001,rose flower lego Amazon Product 12-1,107.0,131.01,4.3,22335,Amazon Store,Clothing,,,2026-02-10 19:00:20,,,,rose flower lego,,,,
,Amazon,AMZ_ROS_012_0002,rose flower lego Amazon Product 12-2,1392.0,1757.82,4.6,31233,Amazon Store,Sports,,,2026-02-10 19:00:20,,,,rose flower lego,,,,
,Amazon,AMZ_ROS_012_0003,rose flower lego Amazon Product 12-3,1997.0,2531.23,5.0,23948,Amazon Store,Sports,,,2026-02-10 19:00:20,,,,rose flower lego,,,,
,Amazon,AMZ_ROS_012_0004,rose flower lego Amazon Product 12-4,650.0,773.39,4.7,23401,Amazon Store,Clothing,,,2026-02-10 19:00:20,,,,rose flower lego,,,,
,Amazon,AMZ_ROS_012_0005,rose flower lego Amazon Product 12-5,1110.0,1302.79,4.5,2093,Amazon Store,Clothing,,,2026-02-10 19:00:20,,,,rose flower lego,,,,
,Amazon,AMZ_ROS_012_0006,rose flower lego Amazon Product 12-6,229.0,280.03,4.0,33037,Amazon Store,Books,,,2026-02-10 19:00:20,,,,rose flower lego,,,,
,Amazon,AMZ_ROS_012_0007,rose flower lego Amazon Product 12-7,532.0,632.59,4.2,22956,Amazon Store,Home,,,2026-02-10 19:00:20,,,,rose flower lego,,,,
,Amazon,AMZ_ROS_012_0008,rose flower lego Amazon Product 12-8,377.0,454.27,4.2,32236,Amazon Store,Electronics,,,2026-02-10 19:00:20,,,,rose flower lego,,,,
,JD.com,JD_ROS_004_0007,rose flower lego JD商品 4-7,2521.0,3126.01,4.7,92644,品牌旗舰店,图书,,,2026-02-10 19:00:40,,,,rose flower lego,,,,
,JD.com,JD_ROS_011_0000,rose flower lego JD商品 11-0,1883.0,2389.68,4.4,82671,授权专卖店,图书,,,2026-02-10 19:01:15,,,,rose flower lego,,,,
,JD.com,JD_ROS_011_0001,rose flower lego JD商品 11-1,4737.0,6102.7,4.0,6573,授权专卖店,家居,,,2026-02-10 19:01:15,,,,rose flower lego,,,,
,JD.com,JD_ROS_011_0002,rose flower lego JD商品 11-2,4198.0,5177.41,3.9,88238,品牌旗舰店,服装,,,2026-02-10 19:01:15,,,,rose flower lego,,,,
,JD.com,JD_ROS_011_0003,rose flower lego JD商品 11-3,3871.0,4380.6,3.7,11476,JD自营,家居,,,2026-02-10 19:01:15,,,,rose flower lego,,,,
,JD.com,JD_ROS_011_0004,rose flower lego JD商品 11-4,1846.0,2262.28,4.0,60915,授权专卖店,电子产品,,,2026-02-10 19:01:15,,,,rose flower lego,,,,
,JD.com,JD_ROS_011_0005,rose flower lego JD商品 11-5,1238.0,1528.7,4.9,93324,品牌旗舰店,家居,,,2026-02-10 19:01:15,,,,rose flower lego,,,,
,JD.com,JD_ROS_011_0006,rose flower lego JD商品 11-6,656.0,845.28,3.8,60709,授权专卖店,电子产品,,,2026-02-10 19:01:15,,,,rose flower lego,,,,
,JD.com,JD_ROS_011_0007,rose flower lego JD商品 11-7,3414.0,4072.72,4.9,86305,品牌旗舰店,家居,,,2026-02-10 19:01:15,,,,rose flower lego,,,,
,JD.com,JD_ROS_011_0008,rose flower lego JD商品 11-8,1039.0,1238.49,4.4,51915,授权专卖店,家居,,,2026-02-10 19:01:15,,,,rose flower lego,,,,
,JD.com,JD_ROS_012_0000,rose flower lego JD商品 12-0,2190.0,2741.63,4.2,74393,授权专卖店,电子产品,,,2026-02-10 19:01:20,,,,rose flower lego,,,,
,JD.com,JD_ROS_012_0001,rose flower lego JD商品 12-1,3265.0,4198.31,4.8,53436,JD自营,运动户外,,,2026-02-10 19:01:20,,,,rose flower lego,,,,
,JD.com,JD_ROS_012_0002,rose flower lego JD商品 12-2,3335.0,3792.74,3.7,80963,品牌旗舰店,电子产品,,,2026-02-10 19:01:20,,,,rose flower lego,,,,
,JD.com,JD_ROS_012_0003,rose flower lego JD商品 12-3,3631.0,4369.26,4.0,62111,品牌旗舰店,图书,,,2026-02-10 19:01:20,,,,rose flower lego,,,,
,JD.com,JD_ROS_012_0004,rose flower lego JD商品 12-4,1838.0,2078.16,3.8,17928,JD自营,家居,,,2026-02-10 19:01:20,,,,rose flower lego,,,,
,JD.com,JD_ROS_012_0005,rose flower lego JD商品 12-5,1641.0,1830.9,4.2,5823,品牌旗舰店,家居,,,2026-02-10 19:01:20,,,,rose flower lego,,,,
,Amazon,AMZ_ROS_001_0000,rose flower lego Amazon Product 1-0,1543.0,1714.29,3.8,11938,Amazon Store,Electronics,,,2026-02-10 19:11:03,,,,rose flower lego,,,,
,Amazon,AMZ_ROS_001_0001,rose flower lego Amazon Product 1-1,179.0,219.03,4.5,22787,Amazon Store,Electronics,,,2026-02-10 19:11:03,,,,rose flower lego,,,,
,Amazon,AMZ_ROS_001_0002,rose flower lego Amazon Product 1-2,1967.0,2447.25,3.5,26196,Amazon Store,Books,,,2026-02-10 19:11:03,,,,rose flower lego,,,,
,Amazon,AMZ_ROS_001_0003,rose flower lego Amazon Product 1-3,141.0,181.33,4.7,31649,Amazon Store,Clothing,,,2026-02-10 19:11:03,,,,rose flower lego,,,,
,Amazon,AMZ_ROS_001_0004,rose flower lego Amazon Product 1-4,100.0,125.58,4.9,42398,Amazon Store,Home,,,2026-02-10 19:11:03,,,,rose flower lego,,,,
,Amazon,AMZ_ROS_001_0005,rose flower lego Amazon Product 1-5,729.0,811.65,4.1,46416,Amazon Store,Electronics,,,2026-02-10 19:11:03,,,,rose flower lego,,,,
,Amazon,AMZ_ROS_001_0006,rose flower lego Amazon Product 1-6,1916.0,2173.81,3.7,3489,Amazon Store,Clothing,,,2026-02-10 19:11:03,,,,rose flower lego,,,,
,Amazon,AMZ_ROS_001_0007,rose flower lego Amazon Product 1-7,894.0,1157.93,4.8,47672,Amazon Store,Books,,,2026-02-10 19:11:03,,,,rose flower lego,,,,
,Amazon,AMZ_ROS_001_0008,rose flower lego Amazon Product 1-8,1831.0,2058.28,4.5,12728,Amazon Store,Clothing,,,2026-02-10 19:11:03,,,,rose flower lego,,,,
,Amazon,AMZ_ROS_001_0009,rose flower lego Amazon Product 1-9,598.0,770.95,3.3,47644,Amazon Store,Electronics,,,2026-02-10 19:11:03,,,,rose flower lego,,,,
,Amazon,AMZ_ROS_001_0010,rose flower lego Amazon Product 1-10,1062.0,1360.63,4.1,42207,Amazon Store,Clothing,,,2026-02-10 19:11:03,,,,rose flower lego,,,,
,Amazon,AMZ_ROS_001_0011,rose flower lego Amazon Product 1-11,1593.0,1817.84,4.3,25463,Amazon Store,Books,,,2026-02-10 19:11:03,,,,rose flower lego,,,,
,Amazon,AMZ_ROS_002_0000,rose flower lego Amazon Product 2-0,1477.0,1841.5,3.5,21033,Amazon Store,Sports,,,2026-02-10 19:11:06,,,,rose flower lego,,,,
,Amazon,AMZ_ROS_002_0001,rose flower lego Amazon Product 2-1,1675.0,2126.85,4.1,14846,Amazon Store,Home,,,2026-02-10 19:11:06,,,,rose flower lego,,,,
,Amazon,AMZ_ROS_002_0002,rose flower lego Amazon Product 2-2,1653.0,1837.21,4.3,6784,Amazon Store,Books,,,2026-02-10 19:11:06,,,,rose flower lego,,,,
,Amazon,AMZ_ROS_002_0003,rose flower lego Amazon Product 2-3,857.0,1025.99,4.3,14156,Amazon Store,Home,,,2026-02-10 19:11:06,,,,rose flower lego,,,,
,Amazon,AMZ_ROS_002_0004,rose flower lego Amazon Product 2-4,940.0,1110.73,4.8,44736,Amazon Store,Sports,,,2026-02-10 19:11:06,,,,rose flower lego,,,,
,Amazon,AMZ_ROS_002_0005,rose flower lego Amazon Product 2-5,1518.0,1681.44,3.3,42595,Amazon Store,Clothing,,,2026-02-10 19:11:06,,,,rose flower lego,,,,
,Amazon,AMZ_ROS_002_0006,rose flower lego Amazon Product 2-6,1710.0,2212.32,4.2,34878,Amazon Store,Clothing,,,2026-02-10 19:11:06,,,,rose flower lego,,,,
,Amazon,AMZ_ROS_002_0007,rose flower lego Amazon Product 2-7,1009.0,1127.38,3.3,1720,Amazon Store,Books,,,2026-02-10 19:11:06,,,,rose flower lego,,,,
,Amazon,AMZ_ROS_002_0008,rose flower lego Amazon Product 2-8,1366.0,1572.75,4.8,28789,Amazon Store,Electronics,,,2026-02-10 19:11:06,,,,rose flower lego,,,,
,Amazon,AMZ_ROS_002_0009,rose flower lego Amazon Product 2-9,911.0,1111.87,3.7,37422,Amazon Store,Clothing,,,2026-02-10 19:11:06,,,,rose flower lego,,,,
,Amazon,AMZ_ROS_002_0010,rose flower lego Amazon Product 2-10,1893.0,2129.86,4.7,2613,Amazon Store,Home,,,2026-02-10 19:11:06,,,,rose flower lego,,,,
,Amazon,AMZ_ROS_002_0011,rose flower lego Amazon Product 2-11,300.0,353.66,4.5,31951,Amazon Store,Sports,,,2026-02-10 19:11:06,,,,rose flower lego,,,,
,Amazon,AMZ_ROS_003_0000,rose flower lego Amazon Product 3-0,1440.0,1760.37,4.2,33466,Amazon Store,Clothing,,,2026-02-10 19:11:09,,,,rose flower lego,,,,
,Amazon,AMZ_ROS_003_0001,rose flower lego Amazon Product 3-1,429.0,530.95,4.9,33016,Amazon Store,Sports,,,2026-02-10 19:11:09,,,,rose flower lego,,,,
,Amazon,AMZ_ROS_003_0002,rose flower lego Amazon Product 3-2,308.0,384.92,3.2,34906,Amazon Store,Sports,,,2026-02-10 19:11:09,,,,rose flower lego,,,,
,Amazon,AMZ_ROS_003_0003,rose flower lego Amazon Product 3-3,1455.0,1812.55,3.4,30643,Amazon Store,Home,,,2026-02-10 19:11:09,,,,rose flower lego,,,,
,Amazon,AMZ_ROS_003_0004,rose flower lego Amazon Product 3-4,1043.0,1237.19,3.9,5184,Amazon Store,Home,,,2026-02-10 19:11:09,,,,rose flower lego,,,,
,Amazon,AMZ_ROS_003_0005,rose flower lego Amazon Product 3-5,1295.0,1463.99,3.3,32754,Amazon Store,Books,,,2026-02-10 19:11:09,,,,rose flower lego,,,,
,Amazon,AMZ_ROS_003_0006,rose flower lego Amazon Product 3-6,1911.0,2223.62,4.0,38022,Amazon Store,Electronics,,,2026-02-10 19:11:09,,,,rose flower lego,,,,
,Amazon,AMZ_ROS_003_0007,rose flower lego Amazon Product 3-7,774.0,968.36,4.5,1996,Amazon Store,Sports,,,2026-02-10 19:11:09,,,,rose flower lego,,,,
,Amazon,AMZ_ROS_004_0000,rose flower lego Amazon Product 4-0,421.0,528.13,3.7,10399,Amazon Store,Home,,,2026-02-10 19:11:12,,,,rose flower lego,,,,
,Amazon,AMZ_ROS_004_0001,rose flower lego Amazon Product 4-1,1544.0,1759.39,3.5,26737,Amazon Store,Electronics,,,2026-02-10 19:11:12,,,,rose flower lego,,,,
,Amazon,AMZ_ROS_004_0002,rose flower lego Amazon Product 4-2,1635.0,1798.69,4.4,12425,Amazon Store,Sports,,,2026-02-10 19:11:12,,,,rose flower lego,,,,
,Amazon,AMZ_ROS_004_0003,rose flower lego Amazon Product 4-3,903.0,1084.28,4.6,39387,Amazon Store,Home,,,2026-02-10 19:11:12,,,,rose flower lego,,,,
,Amazon,AMZ_ROS_004_0004,rose flower lego Amazon Product 4-4,681.0,768.07,4.2,14885,Amazon Store,Electronics,,,2026-02-10 19:11:12,,,,rose flower lego,,,,
,Amazon,AMZ_ROS_004_0005,rose flower lego Amazon Product 4-5,1438.0,1807.95,4.3,21440,Amazon Store,Books,,,2026-02-10 19:11:12,,,,rose flower lego,,,,
,Amazon,AMZ_ROS_004_0006,rose flower lego Amazon Product 4-6,1793.0,1990.94,3.3,11329,Amazon Store,Books,,,2026-02-10 19:11:12,,,,rose flower lego,,,,
,Amazon,AMZ_ROS_004_0007,rose flower lego Amazon Product 4-7,205.0,265.15,3.8,29653,Amazon Store,Books,,,2026-02-10 19:11:12,,,,rose flower lego,,,,
,Amazon,AMZ_ROS_004_0008,rose flower lego Amazon Product 4-8,1100.0,1420.1,3.8,6415,Amazon Store,Books,,,2026-02-10 19:11:12,,,,rose flower lego,,,,
,Amazon,AMZ_ROS_004_0009,rose flower lego Amazon Product 4-9,750.0,916.61,3.8,8484,Amazon Store,Sports,,,2026-02-10 19:11:12,,,,rose flower lego,,,,
,Amazon,AMZ_ROS_004_0010,rose flower lego Amazon Product 4-10,1034.0,1245.78,5.0,20518,Amazon Store,Electronics,,,2026-02-10 19:11:12,,,,rose flower lego,,,,
,Amazon,AMZ_ROS_004_0011,rose flower lego Amazon Product 4-11,733.0,907.3,3.7,27551,Amazon Store,Clothing,,,2026-02-10 19:11:12,,,,rose flower lego,,,,
,Amazon,AMZ_ROS_005_0000,rose flower lego Amazon Product 5-0,1625.0,1801.53,4.9,27820,Amazon Store,Sports,,,2026-02-10 19:11:15,,,,rose flower lego,,,,
,Amazon,AMZ_ROS_005_0001,rose flower lego Amazon Product 5-1,191.0,225.72,3.5,15038,Amazon Store,Sports,,,2026-02-10 19:11:15,,,,rose flower lego,,,,
,Amazon,AMZ_ROS_005_0002,rose flower lego Amazon Product 5-2,957.0,1198.48,4.7,33307,Amazon Store,Sports,,,2026-02-10 19:11:15,,,,rose flower lego,,,,
,Amazon,AMZ_ROS_005_0003,rose flower lego Amazon Product 5-3,1077.0,1287.85,4.5,32725,Amazon Store,Clothing,,,2026-02-10 19:11:15,,,,rose flower lego,,,,
,Amazon,AMZ_ROS_005_0004,rose flower lego Amazon Product 5-4,428.0,539.53,5.0,3068,Amazon Store,Clothing,,,2026-02-10 19:11:15,,,,rose flower lego,,,,
,Amazon,AMZ_ROS_005_0005,rose flower lego Amazon Product 5-5,1386.0,1783.73,4.8,33776,Amazon Store,Electronics,,,2026-02-10 19:11:15,,,,rose flower lego,,,,
,Amazon,AMZ_ROS_005_0006,rose flower lego Amazon Product 5-6,1233.0,1410.92,3.6,33338,Amazon Store,Books,,,2026-02-10 19:11:15,,,,rose flower lego,,,,
,Amazon,AMZ_ROS_005_0007,rose flower lego Amazon Product 5-7,1289.0,1438.59,3.6,23125,Amazon Store,Home,,,2026-02-10 19:11:15,,,,rose flower lego,,,,
,Amazon,AMZ_ROS_005_0008,rose flower lego Amazon Product 5-8,1304.0,1693.83,4.1,36440,Amazon Store,Books,,,2026-02-10 19:11:15,,,,rose flower lego,,,,
,Amazon,AMZ_ROS_006_0000,rose flower lego Amazon Product 6-0,1210.0,1342.61,3.9,11499,Amazon Store,Clothing,,,2026-02-10 19:11:18,,,,rose flower lego,,,,
,Amazon,AMZ_ROS_006_0001,rose flower lego Amazon Product 6-1,912.0,1168.26,3.7,24079,Amazon Store,Books,,,2026-02-10 19:11:18,,,,rose flower lego,,,,
,Amazon,AMZ_ROS_006_0002,rose flower lego Amazon Product 6-2,784.0,897.01,4.4,8835,Amazon Store,Books,,,2026-02-10 19:11:18,,,,rose flower lego,,,,
,Amazon,AMZ_ROS_006_0003,rose flower lego Amazon Product 6-3,1474.0,1840.26,3.2,45759,Amazon Store,Sports,,,2026-02-10 19:11:18,,,,rose flower lego,,,,
,Amazon,AMZ_ROS_006_0004,rose flower lego Amazon Product 6-4,1211.0,1428.78,3.9,22862,Amazon Store,Sports,,,2026-02-10 19:11:18,,,,rose flower lego,,,,
,Amazon,AMZ_ROS_006_0005,rose flower lego Amazon Product 6-5,1533.0,1746.15,4.2,2764,Amazon Store,Electronics,,,2026-02-10 19:11:18,,,,rose flower lego,,,,
,Amazon,AMZ_ROS_006_0006,rose flower lego Amazon Product 6-6,168.0,189.69,4.2,29994,Amazon Store,Sports,,,2026-02-10 19:11:18,,,,rose flower lego,,,,
,Amazon,AMZ_ROS_006_0007,rose flower lego Amazon Product 6-7,498.0,553.24,4.5,30372,Amazon Store,Sports,,,2026-02-10 19:11:18,,,,rose flower lego,,,,
,Amazon,AMZ_ROS_006_0008,rose flower lego Amazon Product 6-8,451.0,560.51,4.7,34906,Amazon Store,Home,,,2026-02-10 19:11:18,,,,rose flower lego,,,,
,Amazon,AMZ_ROS_006_0009,rose flower lego Amazon Product 6-9,771.0,920.96,3.6,18668,Amazon Store,Books,,,2026-02-10 19:11:18,,,,rose flower lego,,,,
,Amazon,AMZ_ROS_007_0000,rose flower lego Amazon Product 7-0,1642.0,2015.88,3.6,41340,Amazon Store,Books,,,2026-02-10 19:11:21,,,,rose flower lego,,,,
,Amazon,AMZ_ROS_007_0001,rose flower lego Amazon Product 7-1,1979.0,2499.22,4.7,35776,Amazon Store,Clothing,,,2026-02-10 19:11:21,,,,rose flower lego,,,,
,Amazon,AMZ_ROS_007_0002,rose flower lego Amazon Product 7-2,1236.0,1561.0,3.6,23175,Amazon Store,Sports,,,2026-02-10 19:11:21,,,,rose flower lego,,,,
,Amazon,AMZ_ROS_007_0003,rose flower lego Amazon Product 7-3,304.0,354.79,4.0,9261,Amazon Store,Books,,,2026-02-10 19:11:21,,,,rose flower lego,,,,
,Amazon,AMZ_ROS_007_0004,rose flower lego Amazon Product 7-4,1433.0,1703.69,4.7,10566,Amazon Store,Home,,,2026-02-10 19:11:21,,,,rose flower lego,,,,
,Amazon,AMZ_ROS_007_0005,rose flower lego Amazon Product 7-5,655.0,749.72,3.4,31508,Amazon Store,Sports,,,2026-02-10 19:11:21,,,,rose flower lego,,,,
,Amazon,AMZ_ROS_007_0006,rose flower lego Amazon Product 7-6,953.0,1063.67,3.5,45699,Amazon Store,Clothing,,,2026-02-10 19:11:21,,,,rose flower lego,,,,
,Amazon,AMZ_ROS_007_0007,rose flower lego Amazon Product 7-7,202.0,224.42,4.8,29969,Amazon Store,Books,,,2026-02-10 19:11:21,,,,rose flower lego,,,,
,Amazon,AMZ_ROS_008_0000,rose flower lego Amazon Product 8-0,1402.0,1580.79,4.1,41632,Amazon Store,Electronics,,,2026-02-10 19:11:24,,,,rose flower lego,,,,
,Amazon,AMZ_ROS_008_0001,rose flower lego Amazon Product 8-1,1135.0,1384.81,4.8,6447,Amazon Store,Home,,,2026-02-10 19:11:24,,,,rose flower lego,,,,
,Amazon,AMZ_ROS_008_0002,rose flower lego Amazon Product 8-2,1643.0,1862.46,3.7,25142,Amazon Store,Books,,,2026-02-10 19:11:24,,,,rose flower lego,,,,
,Amazon,AMZ_ROS_008_0003,rose flower lego Amazon Product 8-3,526.0,655.35,4.9,20671,Amazon Store,Books,,,2026-02-10 19:11:24,,,,rose flower lego,,,,
,Amazon,AMZ_ROS_008_0004,rose flower lego Amazon Product 8-4,1553.0,1890.89,4.1,23169,Amazon Store,Home,,,2026-02-10 19:11:24,,,,rose flower lego,,,,
,Amazon,AMZ_ROS_008_0005,rose flower lego Amazon Product 8-5,570.0,639.85,4.5,15518,Amazon Store,Home,,,2026-02-10 19:11:24,,,,rose flower lego,,,,
,Amazon,AMZ_ROS_008_0006,rose flower lego Amazon Product 8-6,804.0,948.52,3.1,15688,Amazon Store,Electronics,,,2026-02-10 19:11:24,,,,rose flower lego,,,,
,Amazon,AMZ_ROS_008_0007,rose flower lego Amazon Product 8-7,1983.0,2568.61,3.2,23725,Amazon Store,Sports,,,2026-02-10 19:11:24,,,,rose flower lego,,,,
,Amazon,AMZ_ROS_009_0000,rose flower lego Amazon Product 9-0,497.0,642.37,4.9,12661,Amazon Store,Home,,,2026-02-10 19:11:27,,,,rose flower lego,,,,
,Amazon,AMZ_ROS_009_0001,rose flower lego Amazon Product 9-1,1532.0,1955.95,3.5,48590,Amazon Store,Clothing,,,2026-02-10 19:11:27,,,,rose flower lego,,,,
,Amazon,AMZ_ROS_009_0002,rose flower lego Amazon Product 9-2,615.0,720.43,5.0,19971,Amazon Store,Clothing,,,2026-02-10 19:11:27,,,,rose flower lego,,,,
,Amazon,AMZ_ROS_009_0003,rose flower lego Amazon Product 9-3,1095.0,1249.11,4.3,24061,Amazon Store,Clothing,,,2026-02-10 19:11:27,,,,rose flower lego,,,,
,Amazon,AMZ_ROS_009_0004,rose flower lego Amazon Product 9-4,1841.0,2027.99,4.8,19287,Amazon Store,Sports,,,2026-02-10 19:11:27,,,,rose flower lego,,,,
,Amazon,AMZ_ROS_009_0005,rose flower lego Amazon Product 9-5,1293.0,1457.39,4.5,49017,Amazon Store,Home,,,2026-02-10 19:11:27,,,,rose flower lego,,,,
,Amazon,AMZ_ROS_009_0006,rose flower lego Amazon Product 9-6,1339.0,1515.94,3.2,47414,Amazon Store,Sports,,,2026-02-10 19:11:27,,,,rose flower lego,,,,
,Amazon,AMZ_ROS_009_0007,rose flower lego Amazon Product 9-7,347.0,395.62,4.3,7766,Amazon Store,Books,,,2026-02-10 19:11:27,,,,rose flower lego,,,,
,Amazon,AMZ_ROS_009_0008,rose flower lego Amazon Product 9-8,1223.0,1400.85,4.3,24365,Amazon Store,Sports,,,2026-02-10 19:11:27,,,,rose flower lego,,,,
,Amazon,AMZ_ROS_009_0009,rose flower lego Amazon Product 9-9,324.0,383.35,4.8,21273,Amazon Store,Sports,,,2026-02-10 19:11:27,,,,rose flower lego,,,,
,Amazon,AMZ_ROS_009_0010,rose flower lego Amazon Product 9-10,328.0,376.86,3.5,28018,Amazon Store,Sports,,,2026-02-10 19:11:27,,,,rose flower lego,,,,
,Amazon,AMZ_ROS_009_0011,rose flower lego Amazon Product 9-11,1111.0,1372.84,4.7,47698,Amazon Store,Clothing,,,2026-02-10 19:11:27,,,,rose flower lego,,,,
,Amazon,AMZ_ROS_010_0000,rose flower lego Amazon Product 10-0,1235.0,1375.59,3.3,45880,Amazon Store,Electronics,,,2026-02-10 19:11:30,,,,rose flower lego,,,,
,Amazon,AMZ_ROS_010_0001,rose flower lego Amazon Product 10-1,968.0,1184.64,4.6,12882,Amazon Store,Clothing,,,2026-02-10 19:11:30,,,,rose flower lego,,,,
,Amazon,AMZ_ROS_010_0002,rose flower lego Amazon Product 10-2,402.0,490.35,3.4,37518,Amazon Store,Home,,,2026-02-10 19:11:30,,,,rose flower lego,,,,
,Amazon,AMZ_ROS_010_0003,rose flower lego Amazon Product 10-3,195.0,244.5,4.5,32525,Amazon Store,Home,,,2026-02-10 19:11:30,,,,rose flower lego,,,,
,Amazon,AMZ_ROS_010_0004,rose flower lego Amazon Product 10-4,848.0,1018.18,4.3,17331,Amazon Store,Home,,,2026-02-10 19:11:30,,,,rose flower lego,,,,
,Amazon,AMZ_ROS_010_0005,rose flower lego Amazon Product 10-5,1400.0,1645.08,4.9,37332,Amazon Store,Sports,,,2026-02-10 19:11:30,,,,rose flower lego,,,,
,Amazon,AMZ_ROS_010_0006,rose flower lego Amazon Product 10-6,1902.0,2284.74,4.4,11172,Amazon Store,Electronics,,,2026-02-10 19:11:30,,,,rose flower lego,,,,
,Amazon,AMZ_ROS_010_0007,rose flower lego Amazon Product 10-7,117.0,131.85,4.9,14342,Amazon Store,Electronics,,,2026-02-10 19:11:30,,,,rose flower lego,,,,
,Amazon,AMZ_ROS_010_0008,rose flower lego Amazon Product 10-8,229.0,262.67,3.2,37631,Amazon Store,Clothing,,,2026-02-10 19:11:30,,,,rose flower lego,,,,
,Amazon,AMZ_ROS_010_0009,rose flower lego Amazon Product 10-9,200.0,234.38,4.7,28002,Amazon Store,Electronics,,,2026-02-10 19:11:30,,,,rose flower lego,,,,
,Amazon,AMZ_ROS_010_0010,rose flower lego Amazon Product 10-10,949.0,1215.72,4.1,31669,Amazon Store,Books,,,2026-02-10 19:11:30,,,,rose flower lego,,,,
,Amazon,AMZ_ROS_010_0011,rose flower lego Amazon Product 10-11,1689.0,2013.98,4.7,13344,Amazon Store,Home,,,2026-02-10 19:11:30,,,,rose flower lego,,,,
,JD.com,JD_ROS_001_0000,rose flower lego JD商品 1-0,4115.0,4910.63,4.8,13395,JD自营,图书,,,2026-02-10 19:11:35,,,,rose flower lego,,,,
,JD.com,JD_ROS_001_0001,rose flower lego JD商品 1-1,3965.0,4400.56,4.7,7257,授权专卖店,电子产品,,,2026-02-10 19:11:35,,,,rose flower lego,,,,
,JD.com,JD_ROS_001_0002,rose flower lego JD商品 1-2,2401.0,2918.81,4.1,38995,JD自营,图书,,,2026-02-10 19:11:35,,,,rose flower lego,,,,
,JD.com,JD_ROS_001_0003,rose flower lego JD商品 1-3,535.0,687.0,3.9,69266,品牌旗舰店,电子产品,,,2026-02-10 19:11:35,,,,rose flower lego,,,,
,JD.com,JD_ROS_001_0004,rose flower lego JD商品 1-4,1901.0,2287.91,4.3,65832,品牌旗舰店,图书,,,2026-02-10 19:11:35,,,,rose flower lego,,,,
,JD.com,JD_ROS_001_0005,rose flower lego JD商品 1-5,4635.0,5765.98,4.3,10594,JD自营,运动户外,,,2026-02-10 19:11:35,,,,rose flower lego,,,,
,JD.com,JD_ROS_001_0006,rose flower lego JD商品 1-6,4230.0,5423.79,5.0,62928,品牌旗舰店,家居,,,2026-02-10 19:11:35,,,,rose flower lego,,,,
,JD.com,JD_ROS_002_0000,rose flower lego JD商品 2-0,4134.0,5140.54,3.8,61404,授权专卖店,图书,,,2026-02-10 19:11:40,,,,rose flower lego,,,,
,JD.com,JD_ROS_002_0001,rose flower lego JD商品 2-1,4422.0,5083.37,4.2,4506,品牌旗舰店,运动户外,,,2026-02-10 19:11:40,,,,rose flower lego,,,,
,JD.com,JD_ROS_002_0002,rose flower lego JD商品 2-2,3858.0,4842.3,4.0,65302,JD自营,服装,,,2026-02-10 19:11:40,,,,rose flower lego,,,,
,JD.com,JD_ROS_002_0003,rose flower lego JD商品 2-3,3315.0,4231.58,3.5,93910,品牌旗舰店,图书,,,2026-02-10 19:11:40,,,,rose flower lego,,,,
,JD.com,JD_ROS_002_0004,rose flower lego JD商品 2-4,1779.0,2162.67,4.5,94988,品牌旗舰店,服装,,,2026-02-10 19:11:40,,,,rose flower lego,,,,
,JD.com,JD_ROS_002_0005,rose flower lego JD商品 2-5,4169.0,4894.01,3.9,9435,JD自营,运动户外,,,2026-02-10 19:11:40,,,,rose flower lego,,,,
,JD.com,JD_ROS_002_0006,rose flower lego JD商品 2-6,4529.0,5502.53,3.9,6760,JD自营,电子产品,,,2026-02-10 19:11:40,,,,rose flower lego,,,,
,JD.com,JD_ROS_002_0007,rose flower lego JD商品 2-7,4061.0,4672.28,3.8,4746,授权专卖店,服装,,,2026-02-10 19:11:40,,,,rose flower lego,,,,
,JD.com,JD_ROS_002_0008,rose flower lego JD商品 2-8,1678.0,1913.14,4.8,75865,JD自营,运动户外,,,2026-02-10 19:11:40,,,,rose flower lego,,,,
,JD.com,JD_ROS_002_0009,rose flower lego JD商品 2-9,4234.0,4886.54,4.7,33325,授权专卖店,家居,,,2026-02-10 19:11:40,,,,rose flower lego,,,,
,JD.com,JD_ROS_003_0000,rose flower lego JD商品 3-0,4297.0,5360.59,3.5,52129,JD自营,图书,,,2026-02-10 19:11:45,,,,rose flower lego,,,,
,JD.com,JD_ROS_003_0001,rose flower lego JD商品 3-1,3811.0,4294.15,4.2,69429,JD自营,服装,,,2026-02-10 19:11:45,,,,rose flower lego,,,,
,JD.com,JD_ROS_003_0002,rose flower lego JD商品 3-2,4758.0,5358.14,4.9,55667,JD自营,运动户外,,,2026-02-10 19:11:45,,,,rose flower lego,,,,
,JD.com,JD_ROS_003_0003,rose flower lego JD商品 3-3,863.0,1088.74,4.6,47048,授权专卖店,电子产品,,,2026-02-10 19:11:45,,,,rose flower lego,,,,
,JD.com,JD_ROS_003_0004,rose flower lego JD商品 3-4,679.0,771.48,4.4,13159,JD自营,家居,,,2026-02-10 19:11:45,,,,rose flower lego,,,,
,JD.com,JD_ROS_003_0005,rose flower lego JD商品 3-5,1909.0,2200.83,4.5,16881,JD自营,服装,,,2026-02-10 19:11:45,,,,rose flower lego,,,,
,JD.com,JD_ROS_003_0006,rose flower lego JD商品 3-6,4119.0,4908.52,4.6,1641,品牌旗舰店,家居,,,2026-02-10 19:11:45,,,,rose flower lego,,,,
,JD.com,JD_ROS_003_0007,rose flower lego JD商品 3-7,4047.0,4655.97,3.5,8076,JD自营,图书,,,2026-02-10 19:11:45,,,,rose flower lego,,,,
,JD.com,JD_ROS_003_0008,rose flower lego JD商品 3-8,2053.0,2402.74,4.0,39926,JD自营,图书,,,2026-02-10 19:11:45,,,,rose flower lego,,,,
,JD.com,JD_ROS_003_0009,rose flower lego JD商品 3-9,3597.0,4058.48,4.7,79585,品牌旗舰店,家居,,,2026-02-10 19:11:45,,,,rose flower lego,,,,
,JD.com,JD_ROS_004_0000,rose flower lego JD商品 4-0,2419.0,2988.18,4.0,35869,授权专卖店,家居,,,2026-02-10 19:11:50,,,,rose flower lego,,,,
,JD.com,JD_ROS_004_0001,rose flower lego JD商品 4-1,1610.0,2002.53,4.8,82813,JD自营,家居,,,2026-02-10 19:11:50,,,,rose flower lego,,,,
,JD.com,JD_ROS_004_0002,rose flower lego JD商品 4-2,4088.0,4842.03,4.4,75912,JD自营,服装,,,2026-02-10 19:11:50,,,,rose flower lego,,,,
,JD.com,JD_ROS_004_0003,rose flower lego JD商品 4-3,3985.0,4772.74,5.0,28254,品牌旗舰店,电子产品,,,2026-02-10 19:11:50,,,,rose flower lego,,,,
,JD.com,JD_ROS_004_0004,rose flower lego JD商品 4-4,1369.0,1716.73,4.7,19996,授权专卖店,电子产品,,,2026-02-10 19:11:50,,,,rose flower lego,,,,
,JD.com,JD_ROS_004_0005,rose flower lego JD商品 4-5,1901.0,2131.26,4.9,6612,JD自营,电子产品,,,2026-02-10 19:11:50,,,,rose flower lego,,,,
,JD.com,JD_ROS_004_0006,rose flower lego JD商品 4-6,1284.0,1574.59,3.9,9792,品牌旗舰店,运动户外,,,2026-02-10 19:11:50,,,,rose flower lego,,,,
,JD.com,JD_ROS_005_0000,rose flower lego JD商品 5-0,4002.0,4705.99,4.0,84497,品牌旗舰店,电子产品,,,2026-02-10 19:11:55,,,,rose flower lego,,,,
,JD.com,JD_ROS_005_0001,rose flower lego JD商品 5-1,936.0,1068.2,4.8,45196,品牌旗舰店,运动户外,,,2026-02-10 19:11:55,,,,rose flower lego,,,,
,JD.com,JD_ROS_005_0002,rose flower lego JD商品 5-2,722.0,886.45,4.7,65436,授权专卖店,家居,,,2026-02-10 19:11:55,,,,rose flower lego,,,,
,JD.com,JD_ROS_005_0003,rose flower lego JD商品 5-3,2608.0,3082.39,4.1,73175,品牌旗舰店,服装,,,2026-02-10 19:11:55,,,,rose flower lego,,,,
,JD.com,JD_ROS_005_0004,rose flower lego JD商品 5-4,4765.0,5244.2,4.7,89276,品牌旗舰店,电子产品,,,2026-02-10 19:11:55,,,,rose flower lego,,,,
,JD.com,JD_ROS_005_0005,rose flower lego JD商品 5-5,4465.0,5550.36,4.2,4887,JD自营,电子产品,,,2026-02-10 19:11:55,,,,rose flower lego,,,,
,JD.com,JD_ROS_005_0006,rose flower lego JD商品 5-6,1900.0,2135.45,4.1,13826,授权专卖店,图书,,,2026-02-10 19:11:55,,,,rose flower lego,,,,
,JD.com,JD_ROS_005_0007,rose flower lego JD商品 5-7,1552.0,2017.47,4.6,43364,JD自营,家居,,,2026-02-10 19:11:55,,,,rose flower lego,,,,
,JD.com,JD_ROS_005_0008,rose flower lego JD商品 5-8,4961.0,6248.06,3.9,55476,授权专卖店,家居,,,2026-02-10 19:11:55,,,,rose flower lego,,,,
,JD.com,JD_ROS_006_0000,rose flower lego JD商品 6-0,3339.0,3728.07,4.9,72530,品牌旗舰店,服装,,,2026-02-10 19:12:00,,,,rose flower lego,,,,
,JD.com,JD_ROS_006_0001,rose flower lego JD商品 6-1,2650.0,3224.35,4.2,63485,品牌旗舰店,图书,,,2026-02-10 19:12:00,,,,rose flower lego,,,,
,JD.com,JD_ROS_006_0002,rose flower lego JD商品 6-2,4614.0,5796.67,4.8,90537,JD自营,家居,,,2026-02-10 19:12:00,,,,rose flower lego,,,,
,JD.com,JD_ROS_006_0003,rose flower lego JD商品 6-3,3999.0,5071.97,4.1,28505,JD自营,服装,,,2026-02-10 19:12:00,,,,rose flower lego,,,,
,JD.com,JD_ROS_006_0004,rose flower lego JD商品 6-4,2225.0,2638.01,4.9,73505,JD自营,家居,,,2026-02-10 19:12:00,,,,rose flower lego,,,,
,JD.com,JD_ROS_006_0005,rose flower lego JD商品 6-5,3412.0,4428.91,4.3,53210,品牌旗舰店,家居,,,2026-02-10 19:12:00,,,,rose flower lego,,,,
,JD.com,JD_ROS_006_0006,rose flower lego JD商品 6-6,820.0,1035.5,4.0,24285,品牌旗舰店,运动户外,,,2026-02-10 19:12:00,,,,rose flower lego,,,,
,JD.com,JD_ROS_006_0007,rose flower lego JD商品 6-7,2750.0,3036.1,5.0,90303,JD自营,图书,,,2026-02-10 19:12:00,,,,rose flower lego,,,,
,JD.com,JD_ROS_006_0008,rose flower lego JD商品 6-8,3001.0,3746.98,3.8,80437,品牌旗舰店,服装,,,2026-02-10 19:12:00,,,,rose flower lego,,,,
,JD.com,JD_ROS_007_0000,rose flower lego JD商品 7-0,1044.0,1346.0,5.0,51452,JD自营,电子产品,,,2026-02-10 19:12:05,,,,rose flower lego,,,,
,JD.com,JD_ROS_007_0001,rose flower lego JD商品 7-1,697.0,891.31,4.9,77793,授权专卖店,电子产品,,,2026-02-10 19:12:05,,,,rose flower lego,,,,
,JD.com,JD_ROS_007_0002,rose flower lego JD商品 7-2,4768.0,5319.11,4.3,89907,品牌旗舰店,图书,,,2026-02-10 19:12:05,,,,rose flower lego,,,,
,JD.com,JD_ROS_007_0003,rose flower lego JD商品 7-3,2323.0,2652.09,4.0,89259,授权专卖店,服装,,,2026-02-10 19:12:05,,,,rose flower lego,,,,
,JD.com,JD_ROS_007_0004,rose flower lego JD商品 7-4,1086.0,1404.88,4.9,72733,授权专卖店,服装,,,2026-02-10 19:12:05,,,,rose flower lego,,,,
,JD.com,JD_ROS_007_0005,rose flower lego JD商品 7-5,4293.0,5394.83,4.7,48340,JD自营,服装,,,2026-02-10 19:12:05,,,,rose flower lego,,,,
,JD.com,JD_ROS_007_0006,rose flower lego JD商品 7-6,1975.0,2333.97,4.2,63351,JD自营,运动户外,,,2026-02-10 19:12:05,,,,rose flower lego,,,,
,JD.com,JD_ROS_007_0007,rose flower lego JD商品 7-7,4838.0,5375.14,4.6,61801,品牌旗舰店,电子产品,,,2026-02-10 19:12:05,,,,rose flower lego,,,,
,JD.com,JD_ROS_008_0000,rose flower lego JD商品 8-0,3098.0,4001.87,4.9,85019,JD自营,服装,,,2026-02-10 19:12:10,,,,rose flower lego,,,,
,JD.com,JD_ROS_008_0001,rose flower lego JD商品 8-1,3780.0,4366.69,4.0,13478,JD自营,家居,,,2026-02-10 19:12:10,,,,rose flower lego,,,,
,JD.com,JD_ROS_008_0002,rose flower lego JD商品 8-2,2045.0,2271.93,4.9,68511,JD自营,图书,,,2026-02-10 19:12:10,,,,rose flower lego,,,,
,JD.com,JD_ROS_008_0003,rose flower lego JD商品 8-3,1502.0,1949.94,4.2,53305,品牌旗舰店,运动户外,,,2026-02-10 19:12:10,,,,rose flower lego,,,,
,JD.com,JD_ROS_008_0004,rose flower lego JD商品 8-4,2916.0,3719.21,5.0,76252,JD自营,家居,,,2026-02-10 19:12:10,,,,rose flower lego,,,,
,JD.com,JD_ROS_008_0005,rose flower lego JD商品 8-5,3731.0,4637.34,3.9,92109,品牌旗舰店,图书,,,2026-02-10 19:12:10,,,,rose flower lego,,,,
,JD.com,JD_ROS_008_0006,rose flower lego JD商品 8-6,2378.0,2717.18,4.8,1467,JD自营,运动户外,,,2026-02-10 19:12:10,,,,rose flower lego,,,,
,JD.com,JD_ROS_008_0007,rose flower lego JD商品 8-7,2680.0,3430.98,4.9,9949,品牌旗舰店,运动户外,,,2026-02-10 19:12:10,,,,rose flower lego,,,,
,JD.com,JD_ROS_008_0008,rose flower lego JD商品 8-8,1700.0,1981.54,4.3,18651,JD自营,运动户外,,,2026-02-10 19:12:10,,,,rose flower lego,,,,
,JD.com,JD_ROS_008_0009,rose flower lego JD商品 8-9,1701.0,2168.04,3.9,60699,授权专卖店,服装,,,2026-02-10 19:12:10,,,,rose flower lego,,,,
,JD.com,JD_ROS_009_0000,rose flower lego JD商品 9-0,644.0,777.13,4.9,37454,JD自营,图书,,,2026-02-10 19:12:15,,,,rose flower lego,,,,
,JD.com,JD_ROS_009_0001,rose flower lego JD商品 9-1,537.0,661.96,4.2,26702,品牌旗舰店,服装,,,2026-02-10 19:12:15,,,,rose flower lego,,,,
,JD.com,JD_ROS_009_0002,rose flower lego JD商品 9-2,1472.0,1872.81,3.5,77427,JD自营,家居,,,2026-02-10 19:12:15,,,,rose flower lego,,,,
,JD.com,JD_ROS_009_0003,rose flower lego JD商品 9-3,4754.0,5584.08,4.3,50076,品牌旗舰店,运动户外,,,2026-02-10 19:12:15,,,,rose flower lego,,,,
,JD.com,JD_ROS_009_0004,rose flower lego JD商品 9-4,1344.0,1709.3,5.0,3484,品牌旗舰店,运动户外,,,2026-02-10 19:12:15,,,,rose flower lego,,,,
,JD.com,JD_ROS_009_0005,rose flower lego JD商品 9-5,4065.0,5281.59,4.3,6945,品牌旗舰店,图书,,,2026-02-10 19:12:15,,,,rose flower lego,,,,
,JD.com,JD_ROS_009_0006,rose flower lego JD商品 9-6,1016.0,1178.77,4.6,65896,品牌旗舰店,服装,,,2026-02-10 19:12:15,,,,rose flower lego,,,,
,JD.com,JD_ROS_009_0007,rose flower lego JD商品 9-7,2492.0,3142.76,3.8,1108,品牌旗舰店,运动户外,,,2026-02-10 19:12:15,,,,rose flower lego,,,,
,JD.com,JD_ROS_009_0008,rose flower lego JD商品 9-8,4619.0,5836.39,3.7,67435,JD自营,图书,,,2026-02-10 19:12:15,,,,rose flower lego,,,,
,JD.com,JD_ROS_009_0009,rose flower lego JD商品 9-9,4393.0,5482.15,4.8,29607,品牌旗舰店,电子产品,,,2026-02-10 19:12:15,,,,rose flower lego,,,,
,JD.com,JD_ROS_010_0000,rose flower lego JD商品 10-0,2306.0,2695.42,4.5,97769,JD自营,运动户外,,,2026-02-10 19:12:20,,,,rose flower lego,,,,
,JD.com,JD_ROS_010_0001,rose flower lego JD商品 10-1,2164.0,2660.4,3.9,37729,JD自营,电子产品,,,2026-02-10 19:12:20,,,,rose flower lego,,,,
,JD.com,JD_ROS_010_0002,rose flower lego JD商品 10-2,1400.0,1772.75,4.6,38117,品牌旗舰店,家居,,,2026-02-10 19:12:20,,,,rose flower lego,,,,
,JD.com,JD_ROS_010_0003,rose flower lego JD商品 10-3,4940.0,5950.84,4.2,95826,品牌旗舰店,电子产品,,,2026-02-10 19:12:20,,,,rose flower lego,,,,
,JD.com,JD_ROS_010_0004,rose flower lego JD商品 10-4,2235.0,2764.29,4.6,34789,授权专卖店,运动户外,,,2026-02-10 19:12:20,,,,rose flower lego,,,,
,JD.com,JD_ROS_010_0005,rose flower lego JD商品 10-5,4673.0,5660.58,4.3,20569,授权专卖店,家居,,,2026-02-10 19:12:20,,,,rose flower lego,,,,
,JD.com,JD_ROS_010_0006,rose flower lego JD商品 10-6,3120.0,4026.04,3.7,40920,授权专卖店,电子产品,,,2026-02-10 19:12:20,,,,rose flower lego,,,,
,JD.com,JD_ROS_010_0007,rose flower lego JD商品 10-7,858.0,976.65,4.0,19815,品牌旗舰店,家居,,,2026-02-10 19:12:20,,,,rose flower lego,,,,
,Amazon,AMZ_FLO_001_0008,flower vase Amazon Product 1-8,416.0,517.28,4.3,13079,Amazon Store,Books,,,2026-02-10 19:30:57,,,,flower vase,,,,
,Amazon,AMZ_FLO_001_0009,flower vase Amazon Product 1-9,1788.0,2101.02,3.7,18418,Amazon Store,Sports,,,2026-02-10 19:30:57,,,,flower vase,,,,
,Amazon,AMZ_FLO_001_0010,flower vase Amazon Product 1-10,603.0,733.7,4.9,23997,Amazon Store,Books,,,2026-02-10 19:30:57,,,,flower vase,,,,
,Amazon,AMZ_FLO_008_0011,flower vase Amazon Product 8-11,1790.0,2140.85,4.7,39723,Amazon Store,Books,,,2026-02-10 19:31:18,,,,flower vase,,,,
,Amazon,AMZ_FLO_009_0008,flower vase Amazon Product 9-8,1454.0,1808.7,4.3,2847,Amazon Store,Clothing,,,2026-02-10 19:31:21,,,,flower vase,,,,
,Amazon,AMZ_FLO_009_0009,flower vase Amazon Product 9-9,1129.0,1416.3,3.1,7322,Amazon Store,Electronics,,,2026-02-10 19:31:21,,,,flower vase,,,,
,JD.com,JD_FLO_001_0007,flower vase JD商品 1-7,3593.0,4506.98,4.3,37562,品牌旗舰店,服装,,,2026-02-10 19:31:30,,,,flower vase,,,,
,JD.com,JD_FLO_001_0008,flower vase JD商品 1-8,1834.0,2253.91,4.5,73308,JD自营,家居,,,2026-02-10 19:31:30,,,,flower vase,,,,
,JD.com,JD_FLO_001_0009,flower vase JD商品 1-9,579.0,661.52,3.5,94398,品牌旗舰店,服装,,,2026-02-10 19:31:30,,,,flower vase,,,,
,JD.com,JD_FLO_005_0008,flower vase JD商品 5-8,1246.0,1609.97,4.4,3048,品牌旗舰店,运动户外,,,2026-02-10 19:31:50,,,,flower vase,,,,
,JD.com,JD_FLO_005_0009,flower vase JD商品 5-9,1576.0,1812.78,4.0,91146,品牌旗舰店,电子产品,,,2026-02-10 19:31:50,,,,flower vase,,,,
,JD.com,JD_FLO_009_0008,flower vase JD商品 9-8,2085.0,2470.18,4.7,24915,品牌旗舰店,电子产品,,,2026-02-10 19:32:10,,,,flower vase,,,,
,Amazon,AMZ_FLO_001_0000,flower vase Amazon Product 1-0,1294.0,1622.99,3.5,16935,Amazon Store,Books,,,2026-02-10 19:39:15,,,,flower vase,,,,
,Amazon,AMZ_FLO_001_0001,flower vase Amazon Product 1-1,1302.0,1659.68,4.8,759,Amazon Store,Sports,,,2026-02-10 19:39:15,,,,flower vase,,,,
,Amazon,AMZ_FLO_001_0002,flower vase Amazon Product 1-2,1842.0,2218.53,4.6,5084,Amazon Store,Clothing,,,2026-02-10 19:39:15,,,,flower vase,,,,
,Amazon,AMZ_FLO_001_0003,flower vase Amazon Product 1-3,1975.0,2203.17,3.1,42913,Amazon Store,Sports,,,2026-02-10 19:39:15,,,,flower vase,,,,
,Amazon,AMZ_FLO_001_0004,flower vase Amazon Product 1-4,802.0,912.73,4.9,42406,Amazon Store,Electronics,,,2026-02-10 19:39:15,,,,flower vase,,,,
,Amazon,AMZ_FLO_001_0005,flower vase Amazon Product 1-5,539.0,606.54,3.3,22180,Amazon Store,Electronics,,,2026-02-10 19:39:15,,,,flower vase,,,,
,Amazon,AMZ_FLO_001_0006,flower vase Amazon Product 1-6,1370.0,1593.72,4.8,46989,Amazon Store,Sports,,,2026-02-10 19:39:15,,,,flower vase,,,,
,Amazon,AMZ_FLO_001_0007,flower vase Amazon Product 1-7,1287.0,1642.43,4.4,2803,Amazon Store,Books,,,2026-02-10 19:39:15,,,,flower vase,,,,
,Amazon,AMZ_FLO_002_0000,flower vase Amazon Product 2-0,1494.0,1746.0,3.8,21915,Amazon Store,Clothing,,,2026-02-10 19:39:18,,,,flower vase,,,,
,Amazon,AMZ_FLO_002_0001,flower vase Amazon Product 2-1,377.0,416.21,3.1,4321,Amazon Store,Sports,,,2026-02-10 19:39:18,,,,flower vase,,,,
,Amazon,AMZ_FLO_002_0002,flower vase Amazon Product 2-2,1414.0,1690.16,3.0,11790,Amazon Store,Home,,,2026-02-10 19:39:18,,,,flower vase,,,,
,Amazon,AMZ_FLO_002_0003,flower vase Amazon Product 2-3,774.0,1001.24,4.1,29000,Amazon Store,Books,,,2026-02-10 19:39:18,,,,flower vase,,,,
,Amazon,AMZ_FLO_002_0004,flower vase Amazon Product 2-4,1631.0,2119.22,4.1,7536,Amazon Store,Sports,,,2026-02-10 19:39:18,,,,flower vase,,,,
,Amazon,AMZ_FLO_002_0005,flower vase Amazon Product 2-5,1822.0,2359.6,4.5,16703,Amazon Store,Books,,,2026-02-10 19:39:18,,,,flower vase,,,,
,Amazon,AMZ_FLO_002_0006,flower vase Amazon Product 2-6,1464.0,1826.55,3.6,16776,Amazon Store,Books,,,2026-02-10 19:39:18,,,,flower vase,,,,
,Amazon,AMZ_FLO_002_0007,flower vase Amazon Product 2-7,221.0,245.36,3.6,10683,Amazon Store,Sports,,,2026-02-10 19:39:18,,,,flower vase,,,,
,Amazon,AMZ_FLO_002_0008,flower vase Amazon Product 2-8,805.0,971.93,4.0,21476,Amazon Store,Electronics,,,2026-02-10 19:39:18,,,,flower vase,,,,
,Amazon,AMZ_FLO_002_0009,flower vase Amazon Product 2-9,1507.0,1699.72,3.4,5089,Amazon Store,Books,,,2026-02-10 19:39:18,,,,flower vase,,,,
,Amazon,AMZ_FLO_003_0000,flower vase Amazon Product 3-0,674.0,809.39,4.7,25445,Amazon Store,Home,,,2026-02-10 19:39:21,,,,flower vase,,,,
,Amazon,AMZ_FLO_003_0001,flower vase Amazon Product 3-1,1071.0,1344.64,3.8,45639,Amazon Store,Electronics,,,2026-02-10 19:39:21,,,,flower vase,,,,
,Amazon,AMZ_FLO_003_0002,flower vase Amazon Product 3-2,1513.0,1797.04,4.7,3289,Amazon Store,Home,,,2026-02-10 19:39:21,,,,flower vase,,,,
,Amazon,AMZ_FLO_003_0003,flower vase Amazon Product 3-3,218.0,279.69,3.6,13042,Amazon Store,Sports,,,2026-02-10 19:39:21,,,,flower vase,,,,
,Amazon,AMZ_FLO_003_0004,flower vase Amazon Product 3-4,1916.0,2111.84,4.0,1783,Amazon Store,Home,,,2026-02-10 19:39:21,,,,flower vase,,,,
,Amazon,AMZ_FLO_003_0005,flower vase Amazon Product 3-5,1737.0,2109.21,3.7,21424,Amazon Store,Sports,,,2026-02-10 19:39:21,,,,flower vase,,,,
,Amazon,AMZ_FLO_003_0006,flower vase Amazon Product 3-6,1990.0,2363.36,4.7,49147,Amazon Store,Sports,,,2026-02-10 19:39:21,,,,flower vase,,,,
,Amazon,AMZ_FLO_003_0007,flower vase Amazon Product 3-7,1982.0,2221.99,4.3,42005,Amazon Store,Clothing,,,2026-02-10 19:39:21,,,,flower vase,,,,
,Amazon,AMZ_FLO_003_0008,flower vase Amazon Product 3-8,1378.0,1622.71,4.3,49292,Amazon Store,Books,,,2026-02-10 19:39:21,,,,flower vase,,,,
,Amazon,AMZ_FLO_003_0009,flower vase Amazon Product 3-9,562.0,690.42,3.9,8711,Amazon Store,Clothing,,,2026-02-10 19:39:21,,,,flower vase,,,,
,Amazon,AMZ_FLO_003_0010,flower vase Amazon Product 3-10,191.0,222.15,4.5,19332,Amazon Store,Sports,,,2026-02-10 19:39:21,,,,flower vase,,,,
,Amazon,AMZ_FLO_004_0000,flower vase Amazon Product 4-0,1332.0,1525.62,3.1,36074,Amazon Store,Books,,,2026-02-10 19:39:24,,,,flower vase,,,,
,Amazon,AMZ_FLO_004_0001,flower vase Amazon Product 4-1,138.0,152.38,4.9,11758,Amazon Store,Home,,,2026-02-10 19:39:24,,,,flower vase,,,,
,Amazon,AMZ_FLO_004_0002,flower vase Amazon Product 4-2,1446.0,1710.43,4.4,42728,Amazon Store,Books,,,2026-02-10 19:39:24,,,,flower vase,,,,
,Amazon,AMZ_FLO_004_0003,flower vase Amazon Product 4-3,620.0,791.48,3.7,3176,Amazon Store,Clothing,,,2026-02-10 19:39:24,,,,flower vase,,,,
,Amazon,AMZ_FLO_004_0004,flower vase Amazon Product 4-4,1089.0,1254.9,4.3,10890,Amazon Store,Clothing,,,2026-02-10 19:39:24,,,,flower vase,,,,
,Amazon,AMZ_FLO_004_0005,flower vase Amazon Product 4-5,1246.0,1427.31,3.9,1306,Amazon Store,Books,,,2026-02-10 19:39:24,,,,flower vase,,,,
,Amazon,AMZ_FLO_004_0006,flower vase Amazon Product 4-6,1670.0,1848.86,3.8,40443,Amazon Store,Books,,,2026-02-10 19:39:24,,,,flower vase,,,,
,Amazon,AMZ_FLO_004_0007,flower vase Amazon Product 4-7,914.0,1053.63,4.6,24889,Amazon Store,Electronics,,,2026-02-10 19:39:24,,,,flower vase,,,,
,Amazon,AMZ_FLO_004_0008,flower vase Amazon Product 4-8,1414.0,1682.09,3.8,33680,Amazon Store,Books,,,2026-02-10 19:39:24,,,,flower vase,,,,
,Amazon,AMZ_FLO_004_0009,flower vase Amazon Product 4-9,112.0,130.03,3.5,16360,Amazon Store,Sports,,,2026-02-10 19:39:24,,,,flower vase,,,,
,Amazon,AMZ_FLO_005_0000,flower vase Amazon Product 5-0,1449.0,1677.21,4.2,15985,Amazon Store,Home,,,2026-02-10 19:39:27,,,,flower vase,,,,
,Amazon,AMZ_FLO_005_0001,flower vase Amazon Product 5-1,945.0,1134.67,4.5,40979,Amazon Store,Books,,,2026-02-10 19:39:27,,,,flower vase,,,,
,Amazon,AMZ_FLO_005_0002,flower vase Amazon Product 5-2,1635.0,2091.5,5.0,45120,Amazon Store,Home,,,2026-02-10 19:39:27,,,,flower vase,,,,
,Amazon,AMZ_FLO_005_0003,flower vase Amazon Product 5-3,1365.0,1743.34,4.5,31710,Amazon Store,Sports,,,2026-02-10 19:39:27,,,,flower vase,,,,
,Amazon,AMZ_FLO_005_0004,flower vase Amazon Product 5-4,1058.0,1174.78,4.7,30929,Amazon Store,Books,,,2026-02-10 19:39:27,,,,flower vase,,,,
,Amazon,AMZ_FLO_005_0005,flower vase Amazon Product 5-5,845.0,1013.92,4.7,30892,Amazon Store,Clothing,,,2026-02-10 19:39:27,,,,flower vase,,,,
,Amazon,AMZ_FLO_005_0006,flower vase Amazon Product 5-6,1985.0,2421.52,4.8,18146,Amazon Store,Home,,,2026-02-10 19:39:27,,,,flower vase,,,,
,Amazon,AMZ_FLO_005_0007,flower vase Amazon Product 5-7,1492.0,1755.99,4.0,11138,Amazon Store,Electronics,,,2026-02-10 19:39:27,,,,flower vase,,,,
,Amazon,AMZ_FLO_005_0008,flower vase Amazon Product 5-8,745.0,907.98,4.5,21854,Amazon Store,Sports,,,2026-02-10 19:39:27,,,,flower vase,,,,
,Amazon,AMZ_FLO_005_0009,flower vase Amazon Product 5-9,391.0,502.99,3.3,41328,Amazon Store,Electronics,,,2026-02-10 19:39:27,,,,flower vase,,,,
,Amazon,AMZ_FLO_005_0010,flower vase Amazon Product 5-10,454.0,581.57,4.0,40109,Amazon Store,Electronics,,,2026-02-10 19:39:27,,,,flower vase,,,,
,Amazon,AMZ_FLO_006_0000,flower vase Amazon Product 6-0,1361.0,1594.67,4.4,11272,Amazon Store,Home,,,2026-02-10 19:39:31,,,,flower vase,,,,
,Amazon,AMZ_FLO_006_0001,flower vase Amazon Product 6-1,183.0,217.01,4.9,19585,Amazon Store,Clothing,,,2026-02-10 19:39:31,,,,flower vase,,,,
,Amazon,AMZ_FLO_006_0002,flower vase Amazon Product 6-2,765.0,982.19,3.2,47811,Amazon Store,Home,,,2026-02-10 19:39:31,,,,flower vase,,,,
,Amazon,AMZ_FLO_006_0003,flower vase Amazon Product 6-3,1268.0,1446.3,4.5,38358,Amazon Store,Clothing,,,2026-02-10 19:39:31,,,,flower vase,,,,
,Amazon,AMZ_FLO_006_0004,flower vase Amazon Product 6-4,1402.0,1792.46,4.8,2092,Amazon Store,Sports,,,2026-02-10 19:39:31,,,,flower vase,,,,
,Amazon,AMZ_FLO_006_0005,flower vase Amazon Product 6-5,1178.0,1442.42,4.4,7132,Amazon Store,Clothing,,,2026-02-10 19:39:31,,,,flower vase,,,,
,Amazon,AMZ_FLO_006_0006,flower vase Amazon Product 6-6,1647.0,2056.89,4.5,4031,Amazon Store,Home,,,2026-02-10 19:39:31,,,,flower vase,,,,
,Amazon,AMZ_FLO_006_0007,flower vase Amazon Product 6-7,1295.0,1531.35,3.2,49694,Amazon Store,Electronics,,,2026-02-10 19:39:31,,,,flower vase,,,,
,Amazon,AMZ_FLO_006_0008,flower vase Amazon Product 6-8,1430.0,1732.52,3.5,22443,Amazon Store,Electronics,,,2026-02-10 19:39:31,,,,flower vase,,,,
,Amazon,AMZ_FLO_006_0009,flower vase Amazon Product 6-9,1491.0,1925.73,3.9,772,Amazon Store,Home,,,2026-02-10 19:39:31,,,,flower vase,,,,
,Amazon,AMZ_FLO_006_0010,flower vase Amazon Product 6-10,772.0,965.49,4.4,23236,Amazon Store,Clothing,,,2026-02-10 19:39:31,,,,flower vase,,,,
,Amazon,AMZ_FLO_007_0000,flower vase Amazon Product 7-0,1272.0,1539.6,4.9,27493,Amazon Store,Home,,,2026-02-10 19:39:34,,,,flower vase,,,,
,Amazon,AMZ_FLO_007_0001,flower vase Amazon Product 7-1,232.0,268.53,3.1,44388,Amazon Store,Clothing,,,2026-02-10 19:39:34,,,,flower vase,,,,
,Amazon,AMZ_FLO_007_0002,flower vase Amazon Product 7-2,742.0,830.58,3.8,13286,Amazon Store,Books,,,2026-02-10 19:39:34,,,,flower vase,,,,
,Amazon,AMZ_FLO_007_0003,flower vase Amazon Product 7-3,429.0,497.2,3.8,44109,Amazon Store,Home,,,2026-02-10 19:39:34,,,,flower vase,,,,
,Amazon,AMZ_FLO_007_0004,flower vase Amazon Product 7-4,520.0,668.79,4.0,11635,Amazon Store,Sports,,,2026-02-10 19:39:34,,,,flower vase,,,,
,Amazon,AMZ_FLO_007_0005,flower vase Amazon Product 7-5,1632.0,1809.39,3.9,10155,Amazon Store,Clothing,,,2026-02-10 19:39:34,,,,flower vase,,,,
,Amazon,AMZ_FLO_007_0006,flower vase Amazon Product 7-6,1947.0,2186.53,4.7,30167,Amazon Store,Home,,,2026-02-10 19:39:34,,,,flower vase,,,,
,Amazon,AMZ_FLO_007_0007,flower vase Amazon Product 7-7,1836.0,2040.86,3.3,29061,Amazon Store,Clothing,,,2026-02-10 19:39:34,,,,flower vase,,,,
,Amazon,AMZ_FLO_007_0008,flower vase Amazon Product 7-8,784.0,923.92,4.8,10583,Amazon Store,Clothing,,,2026-02-10 19:39:34,,,,flower vase,,,,
,Amazon,AMZ_FLO_007_0009,flower vase Amazon Product 7-9,940.0,1069.11,4.3,19506,Amazon Store,Sports,,,2026-02-10 19:39:34,,,,flower vase,,,,
,Amazon,AMZ_FLO_007_0010,flower vase Amazon Product 7-10,1832.0,2276.76,3.9,20997,Amazon Store,Sports,,,2026-02-10 19:39:34,,,,flower vase,,,,
,Amazon,AMZ_FLO_008_0000,flower vase Amazon Product 8-0,1311.0,1621.06,3.5,6407,Amazon Store,Books,,,2026-02-10 19:39:37,,,,flower vase,,,,
,Amazon,AMZ_FLO_008_0001,flower vase Amazon Product 8-1,1881.0,2146.78,3.6,19399,Amazon Store,Home,,,2026-02-10 19:39:37,,,,flower vase,,,,
,Amazon,AMZ_FLO_008_0002,flower vase Amazon Product 8-2,409.0,519.86,3.9,8922,Amazon Store,Sports,,,2026-02-10 19:39:37,,,,flower vase,,,,
,Amazon,AMZ_FLO_008_0003,flower vase Amazon Product 8-3,1621.0,2014.96,3.8,4741,Amazon Store,Clothing,,,2026-02-10 19:39:37,,,,flower vase,,,,
,Amazon,AMZ_FLO_008_0004,flower vase Amazon Product 8-4,1222.0,1557.7,3.2,31860,Amazon Store,Electronics,,,2026-02-10 19:39:37,,,,flower vase,,,,
,Amazon,AMZ_FLO_008_0005,flower vase Amazon Product 8-5,600.0,772.54,3.3,21040,Amazon Store,Clothing,,,2026-02-10 19:39:37,,,,flower vase,,,,
,Amazon,AMZ_FLO_008_0006,flower vase Amazon Product 8-6,1762.0,2258.75,3.3,31504,Amazon Store,Sports,,,2026-02-10 19:39:37,,,,flower vase,,,,
,Amazon,AMZ_FLO_008_0007,flower vase Amazon Product 8-7,469.0,516.51,4.0,11931,Amazon Store,Electronics,,,2026-02-10 19:39:37,,,,flower vase,,,,
,Amazon,AMZ_FLO_008_0008,flower vase Amazon Product 8-8,1263.0,1546.87,3.9,7023,Amazon Store,Books,,,2026-02-10 19:39:37,,,,flower vase,,,,
,Amazon,AMZ_FLO_008_0009,flower vase Amazon Product 8-9,1023.0,1249.95,3.9,47756,Amazon Store,Books,,,2026-02-10 19:39:37,,,,flower vase,,,,
,Amazon,AMZ_FLO_008_0010,flower vase Amazon Product 8-10,1554.0,1784.05,3.8,41852,Amazon Store,Books,,,2026-02-10 19:39:37,,,,flower vase,,,,
,Amazon,AMZ_FLO_009_0000,flower vase Amazon Product 9-0,1609.0,1948.64,4.3,46040,Amazon Store,Electronics,,,2026-02-10 19:39:40,,,,flower vase,,,,
,Amazon,AMZ_FLO_009_0001,flower vase Amazon Product 9-1,1049.0,1265.68,3.1,7180,Amazon Store,Electronics,,,2026-02-10 19:39:40,,,,flower vase,,,,
,Amazon,AMZ_FLO_009_0002,flower vase Amazon Product 9-2,1917.0,2258.38,4.0,11397,Amazon Store,Clothing,,,2026-02-10 19:39:40,,,,flower vase,,,,
,Amazon,AMZ_FLO_009_0003,flower vase Amazon Product 9-3,393.0,443.52,3.3,42575,Amazon Store,Books,,,2026-02-10 19:39:40,,,,flower vase,,,,
,Amazon,AMZ_FLO_009_0004,flower vase Amazon Product 9-4,1887.0,2451.14,3.7,21766,Amazon Store,Home,,,2026-02-10 19:39:40,,,,flower vase,,,,
,Amazon,AMZ_FLO_009_0005,flower vase Amazon Product 9-5,1142.0,1467.74,3.2,41412,Amazon Store,Clothing,,,2026-02-10 19:39:40,,,,flower vase,,,,
,Amazon,AMZ_FLO_009_0006,flower vase Amazon Product 9-6,345.0,410.83,4.7,47247,Amazon Store,Electronics,,,2026-02-10 19:39:40,,,,flower vase,,,,
,Amazon,AMZ_FLO_009_0007,flower vase Amazon Product 9-7,1430.0,1830.94,3.2,27283,Amazon Store,Home,,,2026-02-10 19:39:40,,,,flower vase,,,,
,Amazon,AMZ_FLO_010_0000,flower vase Amazon Product 10-0,1290.0,1651.16,4.9,34904,Amazon Store,Electronics,,,2026-02-10 19:39:43,,,,flower vase,,,,
,Amazon,AMZ_FLO_010_0001,flower vase Amazon Product 10-1,1611.0,1811.6,4.9,48833,Amazon Store,Home,,,2026-02-10 19:39:43,,,,flower vase,,,,
,Amazon,AMZ_FLO_010_0002,flower vase Amazon Product 10-2,323.0,415.38,4.9,16603,Amazon Store,Books,,,2026-02-10 19:39:43,,,,flower vase,,,,
,Amazon,AMZ_FLO_010_0003,flower vase Amazon Product 10-3,760.0,860.72,3.8,24674,Amazon Store,Sports,,,2026-02-10 19:39:43,,,,flower vase,,,,
,Amazon,AMZ_FLO_010_0004,flower vase Amazon Product 10-4,1125.0,1265.57,4.1,33863,Amazon Store,Books,,,2026-02-10 19:39:43,,,,flower vase,,,,
,Amazon,AMZ_FLO_010_0005,flower vase Amazon Product 10-5,1488.0,1927.78,3.4,33458,Amazon Store,Home,,,2026-02-10 19:39:43,,,,flower vase,,,,
,Amazon,AMZ_FLO_010_0006,flower vase Amazon Product 10-6,981.0,1182.59,4.6,8400,Amazon Store,Books,,,2026-02-10 19:39:43,,,,flower vase,,,,
,Amazon,AMZ_FLO_010_0007,flower vase Amazon Product 10-7,1478.0,1908.69,4.8,33865,Amazon Store,Sports,,,2026-02-10 19:39:43,,,,flower vase,,,,
,Amazon,AMZ_FLO_010_0008,flower vase Amazon Product 10-8,203.0,229.03,3.5,14775,Amazon Store,Electronics,,,2026-02-10 19:39:43,,,,flower vase,,,,
,JD.com,JD_FLO_001_0000,flower vase JD商品 1-0,1244.0,1563.28,4.8,72000,品牌旗舰店,运动户外,,,2026-02-10 19:39:48,,,,flower vase,,,,
,JD.com,JD_FLO_001_0001,flower vase JD商品 1-1,3423.0,4286.85,4.0,60329,授权专卖店,家居,,,2026-02-10 19:39:48,,,,flower vase,,,,
,JD.com,JD_FLO_001_0002,flower vase JD商品 1-2,4917.0,6267.04,4.2,21366,授权专卖店,电子产品,,,2026-02-10 19:39:48,,,,flower vase,,,,
,JD.com,JD_FLO_001_0003,flower vase JD商品 1-3,3409.0,3766.11,4.2,39349,授权专卖店,家居,,,2026-02-10 19:39:48,,,,flower vase,,,,
,JD.com,JD_FLO_001_0004,flower vase JD商品 1-4,1863.0,2120.68,3.8,63429,授权专卖店,家居,,,2026-02-10 19:39:48,,,,flower vase,,,,
,JD.com,JD_FLO_001_0005,flower vase JD商品 1-5,3484.0,3966.51,4.7,61683,JD自营,服装,,,2026-02-10 19:39:48,,,,flower vase,,,,
,JD.com,JD_FLO_001_0006,flower vase JD商品 1-6,4660.0,5161.94,4.9,96704,JD自营,电子产品,,,2026-02-10 19:39:48,,,,flower vase,,,,
,JD.com,JD_FLO_002_0000,flower vase JD商品 2-0,532.0,680.98,3.9,26687,品牌旗舰店,图书,,,2026-02-10 19:39:53,,,,flower vase,,,,
,JD.com,JD_FLO_002_0001,flower vase JD商品 2-1,637.0,758.5,4.1,63086,JD自营,运动户外,,,2026-02-10 19:39:53,,,,flower vase,,,,
,JD.com,JD_FLO_002_0002,flower vase JD商品 2-2,3002.0,3369.86,4.1,81171,品牌旗舰店,运动户外,,,2026-02-10 19:39:53,,,,flower vase,,,,
,JD.com,JD_FLO_002_0003,flower vase JD商品 2-3,3222.0,4059.06,3.6,6798,品牌旗舰店,电子产品,,,2026-02-10 19:39:53,,,,flower vase,,,,
,JD.com,JD_FLO_002_0004,flower vase JD商品 2-4,2050.0,2483.56,4.9,55127,授权专卖店,图书,,,2026-02-10 19:39:53,,,,flower vase,,,,
,JD.com,JD_FLO_002_0005,flower vase JD商品 2-5,2004.0,2227.23,3.5,16466,JD自营,家居,,,2026-02-10 19:39:53,,,,flower vase,,,,
,JD.com,JD_FLO_003_0000,flower vase JD商品 3-0,3558.0,4143.26,3.8,27921,授权专卖店,家居,,,2026-02-10 19:39:58,,,,flower vase,,,,
,JD.com,JD_FLO_003_0001,flower vase JD商品 3-1,967.0,1174.82,4.9,67510,授权专卖店,运动户外,,,2026-02-10 19:39:58,,,,flower vase,,,,
,JD.com,JD_FLO_003_0002,flower vase JD商品 3-2,1847.0,2137.46,5.0,93335,JD自营,电子产品,,,2026-02-10 19:39:58,,,,flower vase,,,,
,JD.com,JD_FLO_003_0003,flower vase JD商品 3-3,792.0,998.81,3.9,8044,JD自营,电子产品,,,2026-02-10 19:39:58,,,,flower vase,,,,
,JD.com,JD_FLO_003_0004,flower vase JD商品 3-4,3153.0,3644.31,4.2,23584,品牌旗舰店,运动户外,,,2026-02-10 19:39:58,,,,flower vase,,,,
,JD.com,JD_FLO_003_0005,flower vase JD商品 3-5,2781.0,3473.63,3.9,99420,JD自营,运动户外,,,2026-02-10 19:39:58,,,,flower vase,,,,
,JD.com,JD_FLO_003_0006,flower vase JD商品 3-6,3060.0,3560.39,4.4,64075,品牌旗舰店,运动户外,,,2026-02-10 19:39:58,,,,flower vase,,,,
,JD.com,JD_FLO_004_0000,flower vase JD商品 4-0,651.0,724.11,4.9,93361,授权专卖店,图书,,,2026-02-10 19:40:03,,,,flower vase,,,,
,JD.com,JD_FLO_004_0001,flower vase JD商品 4-1,1403.0,1714.37,3.8,95107,JD自营,电子产品,,,2026-02-10 19:40:03,,,,flower vase,,,,
,JD.com,JD_FLO_004_0002,flower vase JD商品 4-2,1576.0,1860.71,3.8,26688,JD自营,家居,,,2026-02-10 19:40:03,,,,flower vase,,,,
,JD.com,JD_FLO_004_0003,flower vase JD商品 4-3,1605.0,1975.0,3.6,93613,授权专卖店,服装,,,2026-02-10 19:40:03,,,,flower vase,,,,
,JD.com,JD_FLO_004_0004,flower vase JD商品 4-4,2811.0,3499.63,4.3,2262,JD自营,服装,,,2026-02-10 19:40:03,,,,flower vase,,,,
,JD.com,JD_FLO_004_0005,flower vase JD商品 4-5,1731.0,1971.51,4.8,78308,授权专卖店,家居,,,2026-02-10 19:40:03,,,,flower vase,,,,
,JD.com,JD_FLO_004_0006,flower vase JD商品 4-6,4933.0,6275.28,4.6,98065,品牌旗舰店,电子产品,,,2026-02-10 19:40:03,,,,flower vase,,,,
,JD.com,JD_FLO_004_0007,flower vase JD商品 4-7,1127.0,1388.58,3.9,35535,品牌旗舰店,图书,,,2026-02-10 19:40:03,,,,flower vase,,,,
,JD.com,JD_FLO_004_0008,flower vase JD商品 4-8,4670.0,5776.13,3.8,66078,JD自营,运动户外,,,2026-02-10 19:40:03,,,,flower vase,,,,
,JD.com,JD_FLO_005_0000,flower vase JD商品 5-0,2116.0,2349.31,3.9,41854,JD自营,图书,,,2026-02-10 19:40:08,,,,flower vase,,,,
,JD.com,JD_FLO_005_0001,flower vase JD商品 5-1,3606.0,4481.62,3.9,71301,JD自营,家居,,,2026-02-10 19:40:08,,,,flower vase,,,,
,JD.com,JD_FLO_005_0002,flower vase JD商品 5-2,1760.0,2198.9,4.7,86938,JD自营,电子产品,,,2026-02-10 19:40:08,,,,flower vase,,,,
,JD.com,JD_FLO_005_0003,flower vase JD商品 5-3,3752.0,4533.1,3.6,61651,授权专卖店,服装,,,2026-02-10 19:40:08,,,,flower vase,,,,
,JD.com,JD_FLO_005_0004,flower vase JD商品 5-4,4711.0,5361.94,3.9,35820,授权专卖店,运动户外,,,2026-02-10 19:40:08,,,,flower vase,,,,
,JD.com,JD_FLO_005_0005,flower vase JD商品 5-5,2160.0,2383.71,4.9,37983,JD自营,运动户外,,,2026-02-10 19:40:08,,,,flower vase,,,,
,JD.com,JD_FLO_005_0006,flower vase JD商品 5-6,2826.0,3378.64,4.7,22351,JD自营,图书,,,2026-02-10 19:40:08,,,,flower vase,,,,
,JD.com,JD_FLO_005_0007,flower vase JD商品 5-7,3863.0,4254.16,3.8,46557,授权专卖店,电子产品,,,2026-02-10 19:40:08,,,,flower vase,,,,
,JD.com,JD_FLO_006_0000,flower vase JD商品 6-0,3385.0,3903.32,3.6,92240,JD自营,运动户外,,,2026-02-10 19:40:13,,,,flower vase,,,,
,JD.com,JD_FLO_006_0001,flower vase JD商品 6-1,1806.0,2312.59,3.9,51044,品牌旗舰店,图书,,,2026-02-10 19:40:13,,,,flower vase,,,,
,JD.com,JD_FLO_006_0002,flower vase JD商品 6-2,4377.0,5016.59,4.5,3583,JD自营,家居,,,2026-02-10 19:40:13,,,,flower vase,,,,
,JD.com,JD_FLO_006_0003,flower vase JD商品 6-3,4246.0,4848.0,4.7,64600,品牌旗舰店,家居,,,2026-02-10 19:40:13,,,,flower vase,,,,
,JD.com,JD_FLO_006_0004,flower vase JD商品 6-4,682.0,820.29,4.0,5421,授权专卖店,家居,,,2026-02-10 19:40:13,,,,flower vase,,,,
,JD.com,JD_FLO_006_0005,flower vase JD商品 6-5,564.0,654.77,4.4,1850,品牌旗舰店,运动户外,,,2026-02-10 19:40:13,,,,flower vase,,,,
,JD.com,JD_FLO_006_0006,flower vase JD商品 6-6,871.0,1116.61,4.9,52039,品牌旗舰店,服装,,,2026-02-10 19:40:13,,,,flower vase,,,,
,JD.com,JD_FLO_006_0007,flower vase JD商品 6-7,1589.0,1960.36,4.0,63055,授权专卖店,运动户外,,,2026-02-10 19:40:13,,,,flower vase,,,,
,JD.com,JD_FLO_007_0000,flower vase JD商品 7-0,2015.0,2377.38,5.0,23012,授权专卖店,图书,,,2026-02-10 19:40:18,,,,flower vase,,,,
,JD.com,JD_FLO_007_0001,flower vase JD商品 7-1,3897.0,4820.92,4.1,51526,JD自营,家居,,,2026-02-10 19:40:18,,,,flower vase,,,,
,JD.com,JD_FLO_007_0002,flower vase JD商品 7-2,3390.0,4265.18,4.3,73390,JD自营,图书,,,2026-02-10 19:40:18,,,,flower vase,,,,
,JD.com,JD_FLO_007_0003,flower vase JD商品 7-3,4810.0,5542.45,3.5,89867,JD自营,运动户外,,,2026-02-10 19:40:18,,,,flower vase,,,,
,JD.com,JD_FLO_007_0004,flower vase JD商品 7-4,4082.0,4780.21,4.0,38415,授权专卖店,服装,,,2026-02-10 19:40:18,,,,flower vase,,,,
,JD.com,JD_FLO_007_0005,flower vase JD商品 7-5,2674.0,3015.49,4.8,20119,JD自营,运动户外,,,2026-02-10 19:40:18,,,,flower vase,,,,
,JD.com,JD_FLO_007_0006,flower vase JD商品 7-6,3808.0,4557.98,3.8,18545,授权专卖店,运动户外,,,2026-02-10 19:40:18,,,,flower vase,,,,
,JD.com,JD_FLO_007_0007,flower vase JD商品 7-7,3458.0,4455.72,4.7,95442,品牌旗舰店,家居,,,2026-02-10 19:40:18,,,,flower vase,,,,
,JD.com,JD_FLO_008_0000,flower vase JD商品 8-0,4662.0,5902.44,3.8,66849,JD自营,电子产品,,,2026-02-10 19:40:23,,,,flower vase,,,,
,JD.com,JD_FLO_008_0001,flower vase JD商品 8-1,3533.0,4101.16,4.0,99429,品牌旗舰店,电子产品,,,2026-02-10 19:40:23,,,,flower vase,,,,
,JD.com,JD_FLO_008_0002,flower vase JD商品 8-2,3802.0,4481.56,4.2,27416,授权专卖店,电子产品,,,2026-02-10 19:40:23,,,,flower vase,,,,
,JD.com,JD_FLO_008_0003,flower vase JD商品 8-3,4179.0,5198.71,4.2,32399,JD自营,家居,,,2026-02-10 19:40:23,,,,flower vase,,,,
,JD.com,JD_FLO_008_0004,flower vase JD商品 8-4,1426.0,1650.56,3.9,71217,品牌旗舰店,服装,,,2026-02-10 19:40:23,,,,flower vase,,,,
,JD.com,JD_FLO_008_0005,flower vase JD商品 8-5,2849.0,3578.89,3.7,29458,JD自营,服装,,,2026-02-10 19:40:23,,,,flower vase,,,,
,JD.com,JD_FLO_008_0006,flower vase JD商品 8-6,892.0,1005.87,3.5,70440,授权专卖店,运动户外,,,2026-02-10 19:40:23,,,,flower vase,,,,
,JD.com,JD_FLO_008_0007,flower vase JD商品 8-7,2791.0,3341.79,3.7,58398,JD自营,家居,,,2026-02-10 19:40:23,,,,flower vase,,,,
,JD.com,JD_FLO_008_0008,flower vase JD商品 8-8,4595.0,5378.63,4.0,35969,品牌旗舰店,电子产品,,,2026-02-10 19:40:23,,,,flower vase,,,,
,JD.com,JD_FLO_008_0009,flower vase JD商品 8-9,4954.0,6064.31,4.3,18404,品牌旗舰店,服装,,,2026-02-10 19:40:23,,,,flower vase,,,,
,JD.com,JD_FLO_009_0000,flower vase JD商品 9-0,2150.0,2753.34,5.0,55563,品牌旗舰店,服装,,,2026-02-10 19:40:28,,,,flower vase,,,,
,JD.com,JD_FLO_009_0001,flower vase JD商品 9-1,2217.0,2524.85,3.9,89967,品牌旗舰店,图书,,,2026-02-10 19:40:28,,,,flower vase,,,,
,JD.com,JD_FLO_009_0002,flower vase JD商品 9-2,801.0,972.05,3.7,23908,品牌旗舰店,家居,,,2026-02-10 19:40:28,,,,flower vase,,,,
,JD.com,JD_FLO_009_0003,flower vase JD商品 9-3,2050.0,2547.51,4.1,92246,JD自营,服装,,,2026-02-10 19:40:28,,,,flower vase,,,,
,JD.com,JD_FLO_009_0004,flower vase JD商品 9-4,1256.0,1477.06,4.4,33210,授权专卖店,家居,,,2026-02-10 19:40:28,,,,flower vase,,,,
,JD.com,JD_FLO_009_0005,flower vase JD商品 9-5,3664.0,4061.63,3.8,44844,JD自营,运动户外,,,2026-02-10 19:40:28,,,,flower vase,,,,
,JD.com,JD_FLO_009_0006,flower vase JD商品 9-6,2104.0,2537.79,4.3,9436,JD自营,运动户外,,,2026-02-10 19:40:28,,,,flower vase,,,,
,JD.com,JD_FLO_009_0007,flower vase JD商品 9-7,554.0,620.71,4.9,3294,JD自营,运动户外,,,2026-02-10 19:40:28,,,,flower vase,,,,
,JD.com,JD_FLO_010_0000,flower vase JD商品 10-0,2329.0,2944.14,4.9,54749,品牌旗舰店,电子产品,,,2026-02-10 19:40:33,,,,flower vase,,,,
,JD.com,JD_FLO_010_0001,flower vase JD商品 10-1,3716.0,4205.79,4.7,81052,JD自营,图书,,,2026-02-10 19:40:33,,,,flower vase,,,,
,JD.com,JD_FLO_010_0002,flower vase JD商品 10-2,2852.0,3605.83,3.6,39165,JD自营,运动户外,,,2026-02-10 19:40:33,,,,flower vase,,,,
,JD.com,JD_FLO_010_0003,flower vase JD商品 10-3,2869.0,3507.36,4.2,93285,JD自营,运动户外,,,2026-02-10 19:40:33,,,,flower vase,,,,
,JD.com,JD_FLO_010_0004,flower vase JD商品 10-4,598.0,738.47,4.8,56381,品牌旗舰店,服装,,,2026-02-10 19:40:33,,,,flower vase,,,,
,JD.com,JD_FLO_010_0005,flower vase JD商品 10-5,668.0,739.07,4.4,67262,品牌旗舰店,图书,,,2026-02-10 19:40:33,,,,flower vase,,,,
,JD.com,JD_FLO_010_0006,flower vase JD商品 10-6,3217.0,3863.64,4.2,50598,品牌旗舰店,电子产品,,,2026-02-10 19:40:33,,,,flower vase,,,,
,JD.com,JD_FLO_010_0007,flower vase JD商品 10-7,1707.0,1885.35,5.0,99898,JD自营,服装,,,2026-02-10 19:40:33,,,,flower vase,,,,
,Amazon,AMZ_MET_003_0009,metal table Amazon Product 3-9,228.0,296.39,4.0,17019,Amazon Store,Sports,,,2026-02-10 19:42:04,,,,metal table,,,,
,Amazon,AMZ_MET_003_0010,metal table Amazon Product 3-10,225.0,281.28,4.1,20409,Amazon Store,Electronics,,,2026-02-10 19:42:04,,,,metal table,,,,
,Amazon,AMZ_MET_003_0011,metal table Amazon Product 3-11,370.0,447.2,3.6,45605,Amazon Store,Home,,,2026-02-10 19:42:04,,,,metal table,,,,
,Amazon,AMZ_MET_005_0009,metal table Amazon Product 5-9,313.0,355.64,3.2,137,Amazon Store,Home,,,2026-02-10 19:42:10,,,,metal table,,,,
,Amazon,AMZ_MET_005_0010,metal table Amazon Product 5-10,1204.0,1547.45,4.8,31691,Amazon Store,Home,,,2026-02-10 19:42:10,,,,metal table,,,,
,Amazon,AMZ_MET_007_0009,metal table Amazon Product 7-9,930.0,1111.5,4.0,17012,Amazon Store,Home,,,2026-02-10 19:42:16,,,,metal table,,,,
,Amazon,AMZ_MET_007_0010,metal table Amazon Product 7-10,1921.0,2332.8,3.4,42758,Amazon Store,Sports,,,2026-02-10 19:42:16,,,,metal table,,,,
,Amazon,AMZ_MET_007_0011,metal table Amazon Product 7-11,1222.0,1420.41,4.7,39422,Amazon Store,Clothing,,,2026-02-10 19:42:16,,,,metal table,,,,
,Amazon,AMZ_MET_009_0008,metal table Amazon Product 9-8,953.0,1192.34,4.2,8106,Amazon Store,Electronics,,,2026-02-10 19:42:22,,,,metal table,,,,
,Amazon,AMZ_MET_009_0009,metal table Amazon Product 9-9,1002.0,1258.26,5.0,21748,Amazon Store,Home,,,2026-02-10 19:42:22,,,,metal table,,,,
,Amazon,AMZ_MET_009_0010,metal table Amazon Product 9-10,757.0,906.28,4.6,18271,Amazon Store,Books,,,2026-02-10 19:42:22,,,,metal table,,,,
,JD.com,JD_MET_003_0009,metal table JD商品 3-9,1074.0,1268.24,4.8,83494,品牌旗舰店,家居,,,2026-02-10 19:42:40,,,,metal table,,,,
,JD.com,JD_MET_005_0009,metal table JD商品 5-9,2223.0,2459.78,4.0,3009,品牌旗舰店,电子产品,,,2026-02-10 19:42:50,,,,metal table,,,,
,JD.com,JD_MET_007_0008,metal table JD商品 7-8,4022.0,4657.27,4.4,81025,品牌旗舰店,家居,,,2026-02-10 19:43:00,,,,metal table,,,,
,JD.com,JD_MET_007_0009,metal table JD商品 7-9,2138.0,2413.74,3.8,76813,品牌旗舰店,图书,,,2026-02-10 19:43:00,,,,metal table,,,,
,JD.com,JD_MET_008_0006,metal table JD商品 8-6,3562.0,4538.61,4.5,21649,JD自营,服装,,,2026-02-10 19:43:05,,,,metal table,,,,
,JD.com,JD_MET_008_0007,metal table JD商品 8-7,507.0,559.75,4.2,61308,品牌旗舰店,家居,,,2026-02-10 19:43:05,,,,metal table,,,,
,JD.com,JD_MET_008_0008,metal table JD商品 8-8,2032.0,2335.41,4.8,33649,JD自营,图书,,,2026-02-10 19:43:05,,,,metal table,,,,
,JD.com,JD_MET_008_0009,metal table JD商品 8-9,2178.0,2606.81,4.9,72721,JD自营,运动户外,,,2026-02-10 19:43:05,,,,metal table,,,,
,Amazon,AMZ_MET_001_0000,metal table Amazon Product 1-0,848.0,995.58,3.6,8123,Amazon Store,Home,,,2026-02-10 19:43:01,,,,metal table,,,,
,Amazon,AMZ_MET_001_0001,metal table Amazon Product 1-1,799.0,1021.68,3.2,35429,Amazon Store,Electronics,,,2026-02-10 19:43:01,,,,metal table,,,,
,Amazon,AMZ_MET_001_0002,metal table Amazon Product 1-2,1552.0,1857.49,3.4,45826,Amazon Store,Books,,,2026-02-10 19:43:01,,,,metal table,,,,
,Amazon,AMZ_MET_001_0003,metal table Amazon Product 1-3,1941.0,2185.64,4.3,42130,Amazon Store,Electronics,,,2026-02-10 19:43:01,,,,metal table,,,,
,Amazon,AMZ_MET_001_0004,metal table Amazon Product 1-4,134.0,150.54,3.3,32059,Amazon Store,Electronics,,,2026-02-10 19:43:01,,,,metal table,,,,
,Amazon,AMZ_MET_001_0005,metal table Amazon Product 1-5,936.0,1055.83,4.5,26438,Amazon Store,Books,,,2026-02-10 19:43:01,,,,metal table,,,,
,Amazon,AMZ_MET_001_0006,metal table Amazon Product 1-6,1825.0,2010.63,4.6,4352,Amazon Store,Books,,,2026-02-10 19:43:01,,,,metal table,,,,
,Amazon,AMZ_MET_001_0007,metal table Amazon Product 1-7,1901.0,2414.46,4.9,40444,Amazon Store,Clothing,,,2026-02-10 19:43:01,,,,metal table,,,,
,Amazon,AMZ_MET_001_0008,metal table Amazon Product 1-8,1722.0,1894.98,4.4,41044,Amazon Store,Books,,,2026-02-10 19:43:01,,,,metal table,,,,
,Amazon,AMZ_MET_001_0009,metal table Amazon Product 1-9,1218.0,1400.77,3.2,25010,Amazon Store,Clothing,,,2026-02-10 19:43:01,,,,metal table,,,,
,Amazon,AMZ_MET_001_0010,metal table Amazon Product 1-10,1472.0,1847.42,3.3,18908,Amazon Store,Home,,,2026-02-10 19:43:01,,,,metal table,,,,
,Amazon,AMZ_MET_001_0011,metal table Amazon Product 1-11,291.0,376.36,3.2,6466,Amazon Store,Home,,,2026-02-10 19:43:01,,,,metal table,,,,
,Amazon,AMZ_MET_002_0000,metal table Amazon Product 2-0,356.0,405.59,3.5,24577,Amazon Store,Electronics,,,2026-02-10 19:43:04,,,,metal table,,,,
,Amazon,AMZ_MET_002_0001,metal table Amazon Product 2-1,897.0,1155.64,4.3,6645,Amazon Store,Clothing,,,2026-02-10 19:43:04,,,,metal table,,,,
,Amazon,AMZ_MET_002_0002,metal table Amazon Product 2-2,1459.0,1877.54,4.3,21983,Amazon Store,Books,,,2026-02-10 19:43:04,,,,metal table,,,,
,Amazon,AMZ_MET_002_0003,metal table Amazon Product 2-3,1827.0,2208.23,3.3,4687,Amazon Store,Home,,,2026-02-10 19:43:04,,,,metal table,,,,
,Amazon,AMZ_MET_002_0004,metal table Amazon Product 2-4,1689.0,2011.21,3.9,40772,Amazon Store,Electronics,,,2026-02-10 19:43:04,,,,metal table,,,,
,Amazon,AMZ_MET_002_0005,metal table Amazon Product 2-5,523.0,620.32,4.1,6521,Amazon Store,Sports,,,2026-02-10 19:43:04,,,,metal table,,,,
,Amazon,AMZ_MET_002_0006,metal table Amazon Product 2-6,1617.0,1881.49,3.3,22040,Amazon Store,Clothing,,,2026-02-10 19:43:04,,,,metal table,,,,
,Amazon,AMZ_MET_002_0007,metal table Amazon Product 2-7,1557.0,1988.74,4.0,39204,Amazon Store,Home,,,2026-02-10 19:43:04,,,,metal table,,,,
,Amazon,AMZ_MET_003_0000,metal table Amazon Product 3-0,1333.0,1593.26,4.3,28253,Amazon Store,Books,,,2026-02-10 19:43:07,,,,metal table,,,,
,Amazon,AMZ_MET_003_0001,metal table Amazon Product 3-1,1330.0,1526.69,3.9,1077,Amazon Store,Sports,,,2026-02-10 19:43:07,,,,metal table,,,,
,Amazon,AMZ_MET_003_0002,metal table Amazon Product 3-2,862.0,1099.79,4.6,6395,Amazon Store,Sports,,,2026-02-10 19:43:07,,,,metal table,,,,
,Amazon,AMZ_MET_003_0003,metal table Amazon Product 3-3,1749.0,1924.56,4.4,15640,Amazon Store,Clothing,,,2026-02-10 19:43:07,,,,metal table,,,,
,Amazon,AMZ_MET_003_0004,metal table Amazon Product 3-4,958.0,1066.65,3.9,14835,Amazon Store,Clothing,,,2026-02-10 19:43:07,,,,metal table,,,,
,Amazon,AMZ_MET_003_0005,metal table Amazon Product 3-5,1290.0,1544.02,3.8,35678,Amazon Store,Sports,,,2026-02-10 19:43:07,,,,metal table,,,,
,Amazon,AMZ_MET_003_0006,metal table Amazon Product 3-6,1829.0,2291.5,3.4,32036,Amazon Store,Clothing,,,2026-02-10 19:43:07,,,,metal table,,,,
,Amazon,AMZ_MET_003_0007,metal table Amazon Product 3-7,1696.0,2140.65,4.8,13048,Amazon Store,Home,,,2026-02-10 19:43:07,,,,metal table,,,,
,Amazon,AMZ_MET_003_0008,metal table Amazon Product 3-8,992.0,1095.22,3.2,31834,Amazon Store,Clothing,,,2026-02-10 19:43:07,,,,metal table,,,,
,Amazon,AMZ_MET_004_0000,metal table Amazon Product 4-0,1969.0,2549.12,3.8,6990,Amazon Store,Electronics,,,2026-02-10 19:43:10,,,,metal table,,,,
,Amazon,AMZ_MET_004_0001,metal table Amazon Product 4-1,722.0,794.78,4.8,38752,Amazon Store,Sports,,,2026-02-10 19:43:10,,,,metal table,,,,
,Amazon,AMZ_MET_004_0002,metal table Amazon Product 4-2,1578.0,1853.63,4.9,4350,Amazon Store,Clothing,,,2026-02-10 19:43:10,,,,metal table,,,,
,Amazon,AMZ_MET_004_0003,metal table Amazon Product 4-3,1850.0,2196.72,3.9,21024,Amazon Store,Home,,,2026-02-10 19:43:10,,,,metal table,,,,
,Amazon,AMZ_MET_004_0004,metal table Amazon Product 4-4,1672.0,1948.23,3.9,22755,Amazon Store,Clothing,,,2026-02-10 19:43:10,,,,metal table,,,,
,Amazon,AMZ_MET_004_0005,metal table Amazon Product 4-5,759.0,945.42,4.1,4318,Amazon Store,Clothing,,,2026-02-10 19:43:10,,,,metal table,,,,
,Amazon,AMZ_MET_004_0006,metal table Amazon Product 4-6,1029.0,1182.59,4.9,3169,Amazon Store,Electronics,,,2026-02-10 19:43:10,,,,metal table,,,,
,Amazon,AMZ_MET_004_0007,metal table Amazon Product 4-7,918.0,1078.1,3.6,10730,Amazon Store,Home,,,2026-02-10 19:43:10,,,,metal table,,,,
,Amazon,AMZ_MET_004_0008,metal table Amazon Product 4-8,1601.0,1809.44,3.6,22226,Amazon Store,Sports,,,2026-02-10 19:43:10,,,,metal table,,,,
,Amazon,AMZ_MET_005_0000,metal table Amazon Product 5-0,1984.0,2561.33,4.5,10544,Amazon Store,Books,,,2026-02-10 19:43:13,,,,metal table,,,,
,Amazon,AMZ_MET_005_0001,metal table Amazon Product 5-1,383.0,422.22,4.1,42361,Amazon Store,Home,,,2026-02-10 19:43:13,,,,metal table,,,,
,Amazon,AMZ_MET_005_0002,metal table Amazon Product 5-2,1449.0,1862.84,3.7,14880,Amazon Store,Books,,,2026-02-10 19:43:13,,,,metal table,,,,
,Amazon,AMZ_MET_005_0003,metal table Amazon Product 5-3,1898.0,2444.46,4.4,31065,Amazon Store,Home,,,2026-02-10 19:43:13,,,,metal table,,,,
,Amazon,AMZ_MET_005_0004,metal table Amazon Product 5-4,1594.0,1980.73,3.6,11692,Amazon Store,Home,,,2026-02-10 19:43:13,,,,metal table,,,,
,Amazon,AMZ_MET_005_0005,metal table Amazon Product 5-5,493.0,639.23,4.1,38512,Amazon Store,Sports,,,2026-02-10 19:43:13,,,,metal table,,,,
,Amazon,AMZ_MET_005_0006,metal table Amazon Product 5-6,1002.0,1203.98,3.6,4325,Amazon Store,Clothing,,,2026-02-10 19:43:13,,,,metal table,,,,
,Amazon,AMZ_MET_005_0007,metal table Amazon Product 5-7,779.0,882.29,3.4,48770,Amazon Store,Books,,,2026-02-10 19:43:13,,,,metal table,,,,
,Amazon,AMZ_MET_005_0008,metal table Amazon Product 5-8,1572.0,1962.1,3.0,26522,Amazon Store,Electronics,,,2026-02-10 19:43:13,,,,metal table,,,,
,Amazon,AMZ_MET_006_0000,metal table Amazon Product 6-0,654.0,744.15,4.7,29622,Amazon Store,Sports,,,2026-02-10 19:43:16,,,,metal table,,,,
,Amazon,AMZ_MET_006_0001,metal table Amazon Product 6-1,1915.0,2400.28,3.9,35752,Amazon Store,Sports,,,2026-02-10 19:43:16,,,,metal table,,,,
,Amazon,AMZ_MET_006_0002,metal table Amazon Product 6-2,135.0,156.8,3.4,14860,Amazon Store,Home,,,2026-02-10 19:43:16,,,,metal table,,,,
,Amazon,AMZ_MET_006_0003,metal table Amazon Product 6-3,1736.0,2060.66,3.2,45441,Amazon Store,Home,,,2026-02-10 19:43:16,,,,metal table,,,,
,Amazon,AMZ_MET_006_0004,metal table Amazon Product 6-4,185.0,225.3,3.4,11476,Amazon Store,Electronics,,,2026-02-10 19:43:16,,,,metal table,,,,
,Amazon,AMZ_MET_006_0005,metal table Amazon Product 6-5,1017.0,1290.4,3.7,3681,Amazon Store,Sports,,,2026-02-10 19:43:16,,,,metal table,,,,
,Amazon,AMZ_MET_006_0006,metal table Amazon Product 6-6,408.0,510.51,4.9,26575,Amazon Store,Home,,,2026-02-10 19:43:16,,,,metal table,,,,
,Amazon,AMZ_MET_006_0007,metal table Amazon Product 6-7,451.0,562.21,4.2,20384,Amazon Store,Electronics,,,2026-02-10 19:43:16,,,,metal table,,,,
,Amazon,AMZ_MET_006_0008,metal table Amazon Product 6-8,1726.0,2044.6,4.2,22267,Amazon Store,Clothing,,,2026-02-10 19:43:16,,,,metal table,,,,
,Amazon,AMZ_MET_006_0009,metal table Amazon Product 6-9,262.0,297.91,3.3,23618,Amazon Store,Electronics,,,2026-02-10 19:43:16,,,,metal table,,,,
,Amazon,AMZ_MET_006_0010,metal table Amazon Product 6-10,342.0,415.58,3.1,17162,Amazon Store,Sports,,,2026-02-10 19:43:16,,,,metal table,,,,
,Amazon,AMZ_MET_007_0000,metal table Amazon Product 7-0,126.0,160.5,3.0,207,Amazon Store,Electronics,,,2026-02-10 19:43:19,,,,metal table,,,,
,Amazon,AMZ_MET_007_0001,metal table Amazon Product 7-1,1749.0,2103.58,3.2,394,Amazon Store,Books,,,2026-02-10 19:43:19,,,,metal table,,,,
,Amazon,AMZ_MET_007_0002,metal table Amazon Product 7-2,282.0,336.71,3.5,29131,Amazon Store,Home,,,2026-02-10 19:43:19,,,,metal table,,,,
,Amazon,AMZ_MET_007_0003,metal table Amazon Product 7-3,250.0,282.49,4.8,45893,Amazon Store,Home,,,2026-02-10 19:43:19,,,,metal table,,,,
,Amazon,AMZ_MET_007_0004,metal table Amazon Product 7-4,1669.0,1920.8,3.6,4666,Amazon Store,Sports,,,2026-02-10 19:43:19,,,,metal table,,,,
,Amazon,AMZ_MET_007_0005,metal table Amazon Product 7-5,1887.0,2208.55,4.5,19597,Amazon Store,Home,,,2026-02-10 19:43:19,,,,metal table,,,,
,Amazon,AMZ_MET_007_0006,metal table Amazon Product 7-6,165.0,196.76,3.4,6314,Amazon Store,Home,,,2026-02-10 19:43:19,,,,metal table,,,,
,Amazon,AMZ_MET_007_0007,metal table Amazon Product 7-7,1608.0,1808.54,3.6,42338,Amazon Store,Home,,,2026-02-10 19:43:19,,,,metal table,,,,
,Amazon,AMZ_MET_007_0008,metal table Amazon Product 7-8,475.0,534.3,3.9,40479,Amazon Store,Sports,,,2026-02-10 19:43:19,,,,metal table,,,,
,Amazon,AMZ_MET_008_0000,metal table Amazon Product 8-0,584.0,655.86,3.8,25805,Amazon Store,Clothing,,,2026-02-10 19:43:22,,,,metal table,,,,
,Amazon,AMZ_MET_008_0001,metal table Amazon Product 8-1,354.0,435.75,4.9,39261,Amazon Store,Sports,,,2026-02-10 19:43:22,,,,metal table,,,,
,Amazon,AMZ_MET_008_0002,metal table Amazon Product 8-2,383.0,450.35,4.7,4258,Amazon Store,Books,,,2026-02-10 19:43:22,,,,metal table,,,,
,Amazon,AMZ_MET_008_0003,metal table Amazon Product 8-3,1202.0,1371.7,3.5,48451,Amazon Store,Clothing,,,2026-02-10 19:43:22,,,,metal table,,,,
,Amazon,AMZ_MET_008_0004,metal table Amazon Product 8-4,1763.0,2029.78,3.7,33582,Amazon Store,Clothing,,,2026-02-10 19:43:22,,,,metal table,,,,
,Amazon,AMZ_MET_008_0005,metal table Amazon Product 8-5,1902.0,2350.44,3.5,45935,Amazon Store,Books,,,2026-02-10 19:43:22,,,,metal table,,,,
,Amazon,AMZ_MET_008_0006,metal table Amazon Product 8-6,779.0,972.79,4.4,6664,Amazon Store,Clothing,,,2026-02-10 19:43:22,,,,metal table,,,,
,Amazon,AMZ_MET_008_0007,metal table Amazon Product 8-7,784.0,970.43,3.1,45280,Amazon Store,Home,,,2026-02-10 19:43:22,,,,metal table,,,,
,Amazon,AMZ_MET_008_0008,metal table Amazon Product 8-8,405.0,508.22,3.2,4739,Amazon Store,Home,,,2026-02-10 19:43:22,,,,metal table,,,,
,Amazon,AMZ_MET_008_0009,metal table Amazon Product 8-9,279.0,322.3,3.5,8178,Amazon Store,Home,,,2026-02-10 19:43:22,,,,metal table,,,,
,Amazon,AMZ_MET_008_0010,metal table Amazon Product 8-10,239.0,292.41,3.1,16948,Amazon Store,Electronics,,,2026-02-10 19:43:22,,,,metal table,,,,
,Amazon,AMZ_MET_009_0000,metal table Amazon Product 9-0,1003.0,1128.8,3.4,22512,Amazon Store,Electronics,,,2026-02-10 19:43:25,,,,metal table,,,,
,Amazon,AMZ_MET_009_0001,metal table Amazon Product 9-1,855.0,957.66,4.7,381,Amazon Store,Books,,,2026-02-10 19:43:25,,,,metal table,,,,
,Amazon,AMZ_MET_009_0002,metal table Amazon Product 9-2,1275.0,1411.16,4.0,15023,Amazon Store,Home,,,2026-02-10 19:43:25,,,,metal table,,,,
,Amazon,AMZ_MET_009_0003,metal table Amazon Product 9-3,734.0,811.46,4.3,41757,Amazon Store,Sports,,,2026-02-10 19:43:25,,,,metal table,,,,
,Amazon,AMZ_MET_009_0004,metal table Amazon Product 9-4,896.0,1129.47,4.3,17121,Amazon Store,Sports,,,2026-02-10 19:43:25,,,,metal table,,,,
,Amazon,AMZ_MET_009_0005,metal table Amazon Product 9-5,1388.0,1565.99,3.1,10537,Amazon Store,Sports,,,2026-02-10 19:43:25,,,,metal table,,,,
,Amazon,AMZ_MET_009_0006,metal table Amazon Product 9-6,1112.0,1304.01,4.7,43684,Amazon Store,Sports,,,2026-02-10 19:43:25,,,,metal table,,,,
,Amazon,AMZ_MET_009_0007,metal table Amazon Product 9-7,698.0,905.5,3.7,31325,Amazon Store,Sports,,,2026-02-10 19:43:25,,,,metal table,,,,
,Amazon,AMZ_MET_010_0000,metal table Amazon Product 10-0,1142.0,1427.5,4.8,25549,Amazon Store,Clothing,,,2026-02-10 19:43:28,,,,metal table,,,,
,Amazon,AMZ_MET_010_0001,metal table Amazon Product 10-1,1953.0,2241.03,3.6,23896,Amazon Store,Books,,,2026-02-10 19:43:28,,,,metal table,,,,
,Amazon,AMZ_MET_010_0002,metal table Amazon Product 10-2,526.0,582.86,4.4,36809,Amazon Store,Home,,,2026-02-10 19:43:28,,,,metal table,,,,
,Amazon,AMZ_MET_010_0003,metal table Amazon Product 10-3,1687.0,2040.57,4.7,11349,Amazon Store,Sports,,,2026-02-10 19:43:28,,,,metal table,,,,
,Amazon,AMZ_MET_010_0004,metal table Amazon Product 10-4,1698.0,2045.68,4.5,22014,Amazon Store,Sports,,,2026-02-10 19:43:28,,,,metal table,,,,
,Amazon,AMZ_MET_010_0005,metal table Amazon Product 10-5,206.0,243.54,4.9,48983,Amazon Store,Home,,,2026-02-10 19:43:28,,,,metal table,,,,
,Amazon,AMZ_MET_010_0006,metal table Amazon Product 10-6,1299.0,1459.34,4.7,49652,Amazon Store,Sports,,,2026-02-10 19:43:28,,,,metal table,,,,
,Amazon,AMZ_MET_010_0007,metal table Amazon Product 10-7,370.0,407.04,4.5,10055,Amazon Store,Home,,,2026-02-10 19:43:28,,,,metal table,,,,
,Amazon,AMZ_MET_010_0008,metal table Amazon Product 10-8,553.0,612.24,4.2,33548,Amazon Store,Books,,,2026-02-10 19:43:28,,,,metal table,,,,
,Amazon,AMZ_MET_010_0009,metal table Amazon Product 10-9,238.0,289.24,3.9,14689,Amazon Store,Sports,,,2026-02-10 19:43:28,,,,metal table,,,,
,Amazon,AMZ_MET_010_0010,metal table Amazon Product 10-10,719.0,830.46,4.8,18993,Amazon Store,Home,,,2026-02-10 19:43:28,,,,metal table,,,,
,Amazon,AMZ_MET_010_0011,metal table Amazon Product 10-11,295.0,331.3,4.8,48166,Amazon Store,Sports,,,2026-02-10 19:43:28,,,,metal table,,,,
,JD.com,JD_MET_001_0000,metal table JD商品 1-0,2983.0,3287.62,4.8,72123,JD自营,电子产品,,,2026-02-10 19:43:33,,,,metal table,,,,
,JD.com,JD_MET_001_0001,metal table JD商品 1-1,4634.0,5213.03,4.6,38538,授权专卖店,服装,,,2026-02-10 19:43:33,,,,metal table,,,,
,JD.com,JD_MET_001_0002,metal table JD商品 1-2,2721.0,3408.71,4.5,25508,品牌旗舰店,运动户外,,,2026-02-10 19:43:33,,,,metal table,,,,
,JD.com,JD_MET_001_0003,metal table JD商品 1-3,874.0,1099.44,4.6,85323,品牌旗舰店,图书,,,2026-02-10 19:43:33,,,,metal table,,,,
,JD.com,JD_MET_001_0004,metal table JD商品 1-4,3167.0,4009.72,3.5,16637,授权专卖店,运动户外,,,2026-02-10 19:43:33,,,,metal table,,,,
,JD.com,JD_MET_001_0005,metal table JD商品 1-5,4402.0,5223.01,3.6,72305,JD自营,运动户外,,,2026-02-10 19:43:33,,,,metal table,,,,
,JD.com,JD_MET_002_0000,metal table JD商品 2-0,2110.0,2644.66,4.7,91112,品牌旗舰店,运动户外,,,2026-02-10 19:43:38,,,,metal table,,,,
,JD.com,JD_MET_002_0001,metal table JD商品 2-1,3537.0,3973.68,4.6,35330,品牌旗舰店,家居,,,2026-02-10 19:43:38,,,,metal table,,,,
,JD.com,JD_MET_002_0002,metal table JD商品 2-2,4521.0,5362.06,4.7,6002,品牌旗舰店,电子产品,,,2026-02-10 19:43:38,,,,metal table,,,,
,JD.com,JD_MET_002_0003,metal table JD商品 2-3,635.0,782.47,4.9,34720,JD自营,家居,,,2026-02-10 19:43:38,,,,metal table,,,,
,JD.com,JD_MET_002_0004,metal table JD商品 2-4,515.0,571.08,4.4,2082,品牌旗舰店,运动户外,,,2026-02-10 19:43:38,,,,metal table,,,,
,JD.com,JD_MET_002_0005,metal table JD商品 2-5,1592.0,1906.41,4.4,65497,授权专卖店,服装,,,2026-02-10 19:43:38,,,,metal table,,,,
,JD.com,JD_MET_002_0006,metal table JD商品 2-6,850.0,1035.01,3.7,58917,品牌旗舰店,电子产品,,,2026-02-10 19:43:38,,,,metal table,,,,
,JD.com,JD_MET_002_0007,metal table JD商品 2-7,4123.0,5258.54,4.0,77808,JD自营,服装,,,2026-02-10 19:43:38,,,,metal table,,,,
,JD.com,JD_MET_003_0000,metal table JD商品 3-0,1138.0,1277.26,4.6,92870,JD自营,服装,,,2026-02-10 19:43:43,,,,metal table,,,,
,JD.com,JD_MET_003_0001,metal table JD商品 3-1,2783.0,3069.03,4.6,11683,JD自营,运动户外,,,2026-02-10 19:43:43,,,,metal table,,,,
,JD.com,JD_MET_003_0002,metal table JD商品 3-2,2548.0,3224.9,4.5,52697,品牌旗舰店,电子产品,,,2026-02-10 19:43:43,,,,metal table,,,,
,JD.com,JD_MET_003_0003,metal table JD商品 3-3,2294.0,2914.46,4.3,91749,授权专卖店,图书,,,2026-02-10 19:43:43,,,,metal table,,,,
,JD.com,JD_MET_003_0004,metal table JD商品 3-4,2087.0,2399.93,4.1,22455,JD自营,电子产品,,,2026-02-10 19:43:43,,,,metal table,,,,
,JD.com,JD_MET_003_0005,metal table JD商品 3-5,1884.0,2436.9,4.9,1726,授权专卖店,图书,,,2026-02-10 19:43:43,,,,metal table,,,,
,JD.com,JD_MET_003_0006,metal table JD商品 3-6,2873.0,3578.12,4.5,17619,授权专卖店,电子产品,,,2026-02-10 19:43:43,,,,metal table,,,,
,JD.com,JD_MET_003_0007,metal table JD商品 3-7,3289.0,3847.08,5.0,50210,JD自营,图书,,,2026-02-10 19:43:43,,,,metal table,,,,
,JD.com,JD_MET_003_0008,metal table JD商品 3-8,3510.0,4495.35,4.9,52757,JD自营,电子产品,,,2026-02-10 19:43:43,,,,metal table,,,,
,JD.com,JD_MET_004_0000,metal table JD商品 4-0,1893.0,2245.68,4.3,80908,品牌旗舰店,电子产品,,,2026-02-10 19:43:48,,,,metal table,,,,
,JD.com,JD_MET_004_0001,metal table JD商品 4-1,2604.0,3048.55,4.0,97285,JD自营,运动户外,,,2026-02-10 19:43:48,,,,metal table,,,,
,JD.com,JD_MET_004_0002,metal table JD商品 4-2,4434.0,5299.41,4.6,96535,品牌旗舰店,电子产品,,,2026-02-10 19:43:48,,,,metal table,,,,
,JD.com,JD_MET_004_0003,metal table JD商品 4-3,3291.0,4199.89,3.7,79066,授权专卖店,服装,,,2026-02-10 19:43:48,,,,metal table,,,,
,JD.com,JD_MET_004_0004,metal table JD商品 4-4,2523.0,2990.35,4.7,24737,JD自营,运动户外,,,2026-02-10 19:43:48,,,,metal table,,,,
,JD.com,JD_MET_004_0005,metal table JD商品 4-5,1929.0,2270.54,3.5,69529,品牌旗舰店,服装,,,2026-02-10 19:43:48,,,,metal table,,,,
,JD.com,JD_MET_004_0006,metal table JD商品 4-6,4459.0,5586.3,4.0,65079,品牌旗舰店,运动户外,,,2026-02-10 19:43:48,,,,metal table,,,,
,JD.com,JD_MET_005_0000,metal table JD商品 5-0,3937.0,4801.43,3.9,34168,JD自营,电子产品,,,2026-02-10 19:43:53,,,,metal table,,,,
,JD.com,JD_MET_005_0001,metal table JD商品 5-1,4097.0,4880.31,4.7,67180,品牌旗舰店,运动户外,,,2026-02-10 19:43:53,,,,metal table,,,,
,JD.com,JD_MET_005_0002,metal table JD商品 5-2,2623.0,3248.7,4.8,7481,品牌旗舰店,家居,,,2026-02-10 19:43:53,,,,metal table,,,,
,JD.com,JD_MET_005_0003,metal table JD商品 5-3,3696.0,4556.64,4.8,7762,JD自营,家居,,,2026-02-10 19:43:53,,,,metal table,,,,
,JD.com,JD_MET_005_0004,metal table JD商品 5-4,1192.0,1353.9,3.9,53974,品牌旗舰店,图书,,,2026-02-10 19:43:53,,,,metal table,,,,
,JD.com,JD_MET_005_0005,metal table JD商品 5-5,2733.0,3506.64,3.8,92051,授权专卖店,运动户外,,,2026-02-10 19:43:53,,,,metal table,,,,
,JD.com,JD_MET_005_0006,metal table JD商品 5-6,1107.0,1368.56,4.5,53385,授权专卖店,电子产品,,,2026-02-10 19:43:53,,,,metal table,,,,
,JD.com,JD_MET_005_0007,metal table JD商品 5-7,3957.0,4736.21,4.0,18830,JD自营,电子产品,,,2026-02-10 19:43:53,,,,metal table,,,,
,JD.com,JD_MET_005_0008,metal table JD商品 5-8,4629.0,5539.35,4.0,73917,品牌旗舰店,家居,,,2026-02-10 19:43:53,,,,metal table,,,,
,JD.com,JD_MET_006_0000,metal table JD商品 6-0,3365.0,4207.03,4.4,6761,授权专卖店,家居,,,2026-02-10 19:43:58,,,,metal table,,,,
,JD.com,JD_MET_006_0001,metal table JD商品 6-1,3269.0,3867.11,4.2,19202,品牌旗舰店,运动户外,,,2026-02-10 19:43:58,,,,metal table,,,,
,JD.com,JD_MET_006_0002,metal table JD商品 6-2,4259.0,5187.76,4.1,39243,授权专卖店,运动户外,,,2026-02-10 19:43:58,,,,metal table,,,,
,JD.com,JD_MET_006_0003,metal table JD商品 6-3,730.0,870.21,4.3,17390,JD自营,运动户外,,,2026-02-10 19:43:58,,,,metal table,,,,
,JD.com,JD_MET_006_0004,metal table JD商品 6-4,3097.0,3907.59,3.6,56649,JD自营,家居,,,2026-02-10 19:43:58,,,,metal table,,,,
,JD.com,JD_MET_006_0005,metal table JD商品 6-5,876.0,969.94,4.0,5588,授权专卖店,运动户外,,,2026-02-10 19:43:58,,,,metal table,,,,
,JD.com,JD_MET_006_0006,metal table JD商品 6-6,2964.0,3573.54,4.5,86420,JD自营,家居,,,2026-02-10 19:43:58,,,,metal table,,,,
,JD.com,JD_MET_006_0007,metal table JD商品 6-7,2050.0,2510.54,5.0,92093,品牌旗舰店,电子产品,,,2026-02-10 19:43:58,,,,metal table,,,,
,JD.com,JD_MET_006_0008,metal table JD商品 6-8,4705.0,5241.96,4.3,61708,JD自营,电子产品,,,2026-02-10 19:43:58,,,,metal table,,,,
,JD.com,JD_MET_006_0009,metal table JD商品 6-9,3920.0,4584.49,4.9,16575,JD自营,家居,,,2026-02-10 19:43:58,,,,metal table,,,,
,JD.com,JD_MET_007_0000,metal table JD商品 7-0,2954.0,3607.67,4.0,4456,JD自营,图书,,,2026-02-10 19:44:03,,,,metal table,,,,
,JD.com,JD_MET_007_0001,metal table JD商品 7-1,2032.0,2507.85,4.3,18874,JD自营,服装,,,2026-02-10 19:44:03,,,,metal table,,,,
,JD.com,JD_MET_007_0002,metal table JD商品 7-2,1978.0,2416.55,3.6,89296,JD自营,服装,,,2026-02-10 19:44:03,,,,metal table,,,,
,JD.com,JD_MET_007_0003,metal table JD商品 7-3,3511.0,4444.4,4.6,24280,品牌旗舰店,家居,,,2026-02-10 19:44:03,,,,metal table,,,,
,JD.com,JD_MET_007_0004,metal table JD商品 7-4,2113.0,2570.72,3.6,79183,JD自营,运动户外,,,2026-02-10 19:44:03,,,,metal table,,,,
,JD.com,JD_MET_007_0005,metal table JD商品 7-5,1024.0,1217.29,4.3,78515,授权专卖店,电子产品,,,2026-02-10 19:44:03,,,,metal table,,,,
,JD.com,JD_MET_007_0006,metal table JD商品 7-6,4270.0,5266.68,4.7,81738,品牌旗舰店,运动户外,,,2026-02-10 19:44:03,,,,metal table,,,,
,JD.com,JD_MET_007_0007,metal table JD商品 7-7,4157.0,5070.19,4.3,41860,品牌旗舰店,电子产品,,,2026-02-10 19:44:03,,,,metal table,,,,
,JD.com,JD_MET_008_0000,metal table JD商品 8-0,3992.0,4608.09,3.6,11247,授权专卖店,电子产品,,,2026-02-10 19:44:08,,,,metal table,,,,
,JD.com,JD_MET_008_0001,metal table JD商品 8-1,1609.0,1792.96,3.7,86679,授权专卖店,图书,,,2026-02-10 19:44:08,,,,metal table,,,,
,JD.com,JD_MET_008_0002,metal table JD商品 8-2,3948.0,4360.71,3.8,59425,品牌旗舰店,图书,,,2026-02-10 19:44:08,,,,metal table,,,,
,JD.com,JD_MET_008_0003,metal table JD商品 8-3,1780.0,2240.94,4.3,38998,品牌旗舰店,服装,,,2026-02-10 19:44:08,,,,metal table,,,,
,JD.com,JD_MET_008_0004,metal table JD商品 8-4,3755.0,4376.37,4.2,94767,授权专卖店,电子产品,,,2026-02-10 19:44:08,,,,metal table,,,,
,JD.com,JD_MET_008_0005,metal table JD商品 8-5,2076.0,2288.35,4.5,43592,JD自营,服装,,,2026-02-10 19:44:08,,,,metal table,,,,
,JD.com,JD_MET_009_0000,metal table JD商品 9-0,4144.0,4711.49,3.6,38497,品牌旗舰店,图书,,,2026-02-10 19:44:13,,,,metal table,,,,
,JD.com,JD_MET_009_0001,metal table JD商品 9-1,3771.0,4719.54,4.4,93700,JD自营,家居,,,2026-02-10 19:44:13,,,,metal table,,,,
,JD.com,JD_MET_009_0002,metal table JD商品 9-2,4625.0,5450.5,3.6,4015,授权专卖店,电子产品,,,2026-02-10 19:44:13,,,,metal table,,,,
,JD.com,JD_MET_009_0003,metal table JD商品 9-3,2316.0,2595.19,4.1,28105,品牌旗舰店,图书,,,2026-02-10 19:44:13,,,,metal table,,,,
,JD.com,JD_MET_009_0004,metal table JD商品 9-4,3951.0,5113.91,3.6,9677,品牌旗舰店,电子产品,,,2026-02-10 19:44:13,,,,metal table,,,,
,JD.com,JD_MET_009_0005,metal table JD商品 9-5,2899.0,3421.33,4.1,41436,授权专卖店,运动户外,,,2026-02-10 19:44:13,,,,metal table,,,,
,JD.com,JD_MET_009_0006,metal table JD商品 9-6,2604.0,3184.73,4.6,94422,授权专卖店,服装,,,2026-02-10 19:44:13,,,,metal table,,,,
,JD.com,JD_MET_009_0007,metal table JD商品 9-7,1845.0,2182.3,3.7,61612,授权专卖店,运动户外,,,2026-02-10 19:44:13,,,,metal table,,,,
,JD.com,JD_MET_010_0000,metal table JD商品 10-0,679.0,818.26,4.1,88349,JD自营,图书,,,2026-02-10 19:44:18,,,,metal table,,,,
,JD.com,JD_MET_010_0001,metal table JD商品 10-1,3615.0,4153.75,4.7,79486,JD自营,运动户外,,,2026-02-10 19:44:18,,,,metal table,,,,
,JD.com,JD_MET_010_0002,metal table JD商品 10-2,2112.0,2486.48,4.2,75331,JD自营,家居,,,2026-02-10 19:44:18,,,,metal table,,,,
,JD.com,JD_MET_010_0003,metal table JD商品 10-3,1191.0,1339.47,4.4,93864,JD自营,服装,,,2026-02-10 19:44:18,,,,metal table,,,,
,JD.com,JD_MET_010_0004,metal table JD商品 10-4,4056.0,4773.67,4.1,50907,授权专卖店,家居,,,2026-02-10 19:44:18,,,,metal table,,,,
,JD.com,JD_MET_010_0005,metal table JD商品 10-5,802.0,1000.13,4.9,70956,授权专卖店,家居,,,2026-02-10 19:44:18,,,,metal table,,,,
,JD.com,JD_MET_010_0006,metal table JD商品 10-6,3118.0,3451.24,4.1,90961,JD自营,服装,,,2026-02-10 19:44:18,,,,metal table,,,,
,JD.com,JD_MET_010_0007,metal table JD商品 10-7,1085.0,1352.93,5.0,98724,授权专卖店,运动户外,,,2026-02-10 19:44:18,,,,metal table,,,,
,JD.com,JD_MET_010_0008,metal table JD商品 10-8,4263.0,4771.57,3.5,6751,品牌旗舰店,运动户外,,,2026-02-10 19:44:18,,,,metal table,,,,
,JD.com,JD_MET_010_0009,metal table JD商品 10-9,3415.0,4368.87,4.3,83517,JD自营,家居,,,2026-02-10 19:44:18,,,,metal table,,,,
,Amazon,AMZ_ERA_001_0000,eraser Amazon Product 1-0,879.0,996.09,3.0,3285,Amazon Store,Home,,,2026-02-10 19:46:18,,,,eraser,,,,
,Amazon,AMZ_ERA_001_0001,eraser Amazon Product 1-1,1854.0,2375.85,3.8,3360,Amazon Store,Home,,,2026-02-10 19:46:18,,,,eraser,,,,
,Amazon,AMZ_ERA_001_0002,eraser Amazon Product 1-2,769.0,878.35,3.7,9552,Amazon Store,Books,,,2026-02-10 19:46:18,,,,eraser,,,,
,Amazon,AMZ_ERA_001_0003,eraser Amazon Product 1-3,951.0,1059.39,3.3,40287,Amazon Store,Clothing,,,2026-02-10 19:46:18,,,,eraser,,,,
,Amazon,AMZ_ERA_001_0004,eraser Amazon Product 1-4,620.0,777.03,3.3,13048,Amazon Store,Sports,,,2026-02-10 19:46:18,,,,eraser,,,,
,Amazon,AMZ_ERA_001_0005,eraser Amazon Product 1-5,362.0,462.98,3.7,3871,Amazon Store,Home,,,2026-02-10 19:46:18,,,,eraser,,,,
,Amazon,AMZ_ERA_001_0006,eraser Amazon Product 1-6,1395.0,1545.34,3.6,25505,Amazon Store,Sports,,,2026-02-10 19:46:18,,,,eraser,,,,
,Amazon,AMZ_ERA_001_0007,eraser Amazon Product 1-7,216.0,264.19,3.9,13637,Amazon Store,Electronics,,,2026-02-10 19:46:18,,,,eraser,,,,
,Amazon,AMZ_ERA_001_0008,eraser Amazon Product 1-8,836.0,992.42,3.2,30242,Amazon Store,Books,,,2026-02-10 19:46:18,,,,eraser,,,,
,Amazon,AMZ_ERA_001_0009,eraser Amazon Product 1-9,794.0,945.28,4.7,6450,Amazon Store,Sports,,,2026-02-10 19:46:18,,,,eraser,,,,
,Amazon,AMZ_ERA_001_0010,eraser Amazon Product 1-10,1412.0,1625.0,3.4,9517,Amazon Store,Clothing,,,2026-02-10 19:46:18,,,,eraser,,,,
,Amazon,AMZ_ERA_001_0011,eraser Amazon Product 1-11,1595.0,1883.47,4.2,24851,Amazon Store,Home,,,2026-02-10 19:46:18,,,,eraser,,,,
,Amazon,AMZ_ERA_002_0000,eraser Amazon Product 2-0,853.0,986.6,4.3,3653,Amazon Store,Clothing,,,2026-02-10 19:46:21,,,,eraser,,,,
,Amazon,AMZ_ERA_002_0001,eraser Amazon Product 2-1,460.0,554.61,3.2,49682,Amazon Store,Electronics,,,2026-02-10 19:46:21,,,,eraser,,,,
,Amazon,AMZ_ERA_002_0002,eraser Amazon Product 2-2,201.0,260.75,3.9,24302,Amazon Store,Books,,,2026-02-10 19:46:21,,,,eraser,,,,
,Amazon,AMZ_ERA_002_0003,eraser Amazon Product 2-3,1949.0,2524.93,3.2,47689,Amazon Store,Sports,,,2026-02-10 19:46:21,,,,eraser,,,,
,Amazon,AMZ_ERA_002_0004,eraser Amazon Product 2-4,1782.0,2296.96,3.9,36918,Amazon Store,Books,,,2026-02-10 19:46:21,,,,eraser,,,,
,Amazon,AMZ_ERA_002_0005,eraser Amazon Product 2-5,1015.0,1263.75,4.3,43612,Amazon Store,Books,,,2026-02-10 19:46:21,,,,eraser,,,,
,Amazon,AMZ_ERA_002_0006,eraser Amazon Product 2-6,1340.0,1607.13,4.0,7592,Amazon Store,Home,,,2026-02-10 19:46:21,,,,eraser,,,,
,Amazon,AMZ_ERA_002_0007,eraser Amazon Product 2-7,1565.0,1914.26,4.2,47589,Amazon Store,Books,,,2026-02-10 19:46:21,,,,eraser,,,,
,Amazon,AMZ_ERA_002_0008,eraser Amazon Product 2-8,1345.0,1535.1,4.6,15851,Amazon Store,Home,,,2026-02-10 19:46:21,,,,eraser,,,,
,Amazon,AMZ_ERA_003_0000,eraser Amazon Product 3-0,423.0,479.55,4.3,1571,Amazon Store,Books,,,2026-02-10 19:46:24,,,,eraser,,,,
,Amazon,AMZ_ERA_003_0001,eraser Amazon Product 3-1,363.0,406.5,4.0,29219,Amazon Store,Sports,,,2026-02-10 19:46:24,,,,eraser,,,,
,Amazon,AMZ_ERA_003_0002,eraser Amazon Product 3-2,319.0,355.12,4.8,3820,Amazon Store,Books,,,2026-02-10 19:46:24,,,,eraser,,,,
,Amazon,AMZ_ERA_003_0003,eraser Amazon Product 3-3,156.0,184.85,4.9,29528,Amazon Store,Electronics,,,2026-02-10 19:46:24,,,,eraser,,,,
,Amazon,AMZ_ERA_003_0004,eraser Amazon Product 3-4,1230.0,1410.25,4.2,38064,Amazon Store,Clothing,,,2026-02-10 19:46:24,,,,eraser,,,,
,Amazon,AMZ_ERA_003_0005,eraser Amazon Product 3-5,1553.0,1831.9,3.6,24932,Amazon Store,Electronics,,,2026-02-10 19:46:24,,,,eraser,,,,
,Amazon,AMZ_ERA_003_0006,eraser Amazon Product 3-6,1606.0,2073.1,3.1,19209,Amazon Store,Home,,,2026-02-10 19:46:24,,,,eraser,,,,
,Amazon,AMZ_ERA_003_0007,eraser Amazon Product 3-7,533.0,661.06,3.4,49462,Amazon Store,Books,,,2026-02-10 19:46:24,,,,eraser,,,,
,Amazon,AMZ_ERA_003_0008,eraser Amazon Product 3-8,319.0,395.07,4.7,17162,Amazon Store,Books,,,2026-02-10 19:46:24,,,,eraser,,,,
,Amazon,AMZ_ERA_003_0009,eraser Amazon Product 3-9,1497.0,1716.58,4.0,26369,Amazon Store,Books,,,2026-02-10 19:46:24,,,,eraser,,,,
,Amazon,AMZ_ERA_003_0010,eraser Amazon Product 3-10,1962.0,2189.78,3.6,15933,Amazon Store,Sports,,,2026-02-10 19:46:24,,,,eraser,,,,
,Amazon,AMZ_ERA_004_0000,eraser Amazon Product 4-0,1763.0,2024.0,3.3,15674,Amazon Store,Books,,,2026-02-10 19:46:27,,,,eraser,,,,
,Amazon,AMZ_ERA_004_0001,eraser Amazon Product 4-1,1442.0,1819.19,4.4,5655,Amazon Store,Books,,,2026-02-10 19:46:27,,,,eraser,,,,
,Amazon,AMZ_ERA_004_0002,eraser Amazon Product 4-2,775.0,858.26,3.5,39855,Amazon Store,Electronics,,,2026-02-10 19:46:27,,,,eraser,,,,
,Amazon,AMZ_ERA_004_0003,eraser Amazon Product 4-3,737.0,900.83,4.2,10774,Amazon Store,Clothing,,,2026-02-10 19:46:27,,,,eraser,,,,
,Amazon,AMZ_ERA_004_0004,eraser Amazon Product 4-4,1074.0,1247.34,3.2,42788,Amazon Store,Clothing,,,2026-02-10 19:46:27,,,,eraser,,,,
,Amazon,AMZ_ERA_004_0005,eraser Amazon Product 4-5,1692.0,2164.19,3.0,18604,Amazon Store,Books,,,2026-02-10 19:46:27,,,,eraser,,,,
,Amazon,AMZ_ERA_004_0006,eraser Amazon Product 4-6,1164.0,1468.43,4.2,34193,Amazon Store,Electronics,,,2026-02-10 19:46:27,,,,eraser,,,,
,Amazon,AMZ_ERA_004_0007,eraser Amazon Product 4-7,1485.0,1893.86,3.0,48721,Amazon Store,Electronics,,,2026-02-10 19:46:27,,,,eraser,,,,
,Amazon,AMZ_ERA_004_0008,eraser Amazon Product 4-8,1655.0,1859.77,4.6,24510,Amazon Store,Electronics,,,2026-02-10 19:46:27,,,,eraser,,,,
,Amazon,AMZ_ERA_004_0009,eraser Amazon Product 4-9,227.0,293.18,3.3,28022,Amazon Store,Books,,,2026-02-10 19:46:27,,,,eraser,,,,
,Amazon,AMZ_ERA_004_0010,eraser Amazon Product 4-10,1865.0,2311.53,3.4,18114,Amazon Store,Electronics,,,2026-02-10 19:46:27,,,,eraser,,,,
,Amazon,AMZ_ERA_005_0000,eraser Amazon Product 5-0,1399.0,1700.61,4.8,9079,Amazon Store,Electronics,,,2026-02-10 19:46:30,,,,eraser,,,,
,Amazon,AMZ_ERA_005_0001,eraser Amazon Product 5-1,800.0,998.07,5.0,2978,Amazon Store,Electronics,,,2026-02-10 19:46:30,,,,eraser,,,,
,Amazon,AMZ_ERA_005_0002,eraser Amazon Product 5-2,279.0,315.7,3.6,35377,Amazon Store,Home,,,2026-02-10 19:46:30,,,,eraser,,,,
,Amazon,AMZ_ERA_005_0003,eraser Amazon Product 5-3,1233.0,1462.69,3.9,49467,Amazon Store,Sports,,,2026-02-10 19:46:30,,,,eraser,,,,
,Amazon,AMZ_ERA_005_0004,eraser Amazon Product 5-4,658.0,825.91,4.7,5242,Amazon Store,Clothing,,,2026-02-10 19:46:30,,,,eraser,,,,
,Amazon,AMZ_ERA_005_0005,eraser Amazon Product 5-5,1395.0,1664.48,4.8,27455,Amazon Store,Clothing,,,2026-02-10 19:46:30,,,,eraser,,,,
,Amazon,AMZ_ERA_005_0006,eraser Amazon Product 5-6,1208.0,1489.22,4.5,9807,Amazon Store,Books,,,2026-02-10 19:46:30,,,,eraser,,,,
,Amazon,AMZ_ERA_005_0007,eraser Amazon Product 5-7,883.0,1122.17,4.8,3281,Amazon Store,Home,,,2026-02-10 19:46:30,,,,eraser,,,,
,Amazon,AMZ_ERA_005_0008,eraser Amazon Product 5-8,189.0,241.87,3.3,3487,Amazon Store,Books,,,2026-02-10 19:46:30,,,,eraser,,,,
,Amazon,AMZ_ERA_006_0000,eraser Amazon Product 6-0,135.0,169.88,3.7,979,Amazon Store,Home,,,2026-02-10 19:46:33,,,,eraser,,,,
,Amazon,AMZ_ERA_006_0001,eraser Amazon Product 6-1,1221.0,1563.75,3.3,24145,Amazon Store,Clothing,,,2026-02-10 19:46:33,,,,eraser,,,,
,Amazon,AMZ_ERA_006_0002,eraser Amazon Product 6-2,1067.0,1295.35,4.3,2345,Amazon Store,Books,,,2026-02-10 19:46:33,,,,eraser,,,,
,Amazon,AMZ_ERA_006_0003,eraser Amazon Product 6-3,748.0,895.01,3.3,45722,Amazon Store,Electronics,,,2026-02-10 19:46:33,,,,eraser,,,,
,Amazon,AMZ_ERA_006_0004,eraser Amazon Product 6-4,1268.0,1639.99,4.5,38123,Amazon Store,Books,,,2026-02-10 19:46:33,,,,eraser,,,,
,Amazon,AMZ_ERA_006_0005,eraser Amazon Product 6-5,1321.0,1477.75,3.9,11847,Amazon Store,Books,,,2026-02-10 19:46:33,,,,eraser,,,,
,Amazon,AMZ_ERA_006_0006,eraser Amazon Product 6-6,1756.0,2076.78,4.0,8605,Amazon Store,Clothing,,,2026-02-10 19:46:33,,,,eraser,,,,
,Amazon,AMZ_ERA_006_0007,eraser Amazon Product 6-7,441.0,523.11,4.9,18234,Amazon Store,Electronics,,,2026-02-10 19:46:33,,,,eraser,,,,
,Amazon,AMZ_ERA_006_0008,eraser Amazon Product 6-8,616.0,769.23,3.1,19795,Amazon Store,Clothing,,,2026-02-10 19:46:33,,,,eraser,,,,
,Amazon,AMZ_ERA_006_0009,eraser Amazon Product 6-9,1331.0,1560.94,3.4,41306,Amazon Store,Clothing,,,2026-02-10 19:46:33,,,,eraser,,,,
,Amazon,AMZ_ERA_006_0010,eraser Amazon Product 6-10,193.0,212.71,4.9,23164,Amazon Store,Books,,,2026-02-10 19:46:33,,,,eraser,,,,
,Amazon,AMZ_ERA_007_0000,eraser Amazon Product 7-0,761.0,915.94,3.1,5540,Amazon Store,Home,,,2026-02-10 19:46:36,,,,eraser,,,,
,Amazon,AMZ_ERA_007_0001,eraser Amazon Product 7-1,385.0,429.06,5.0,30311,Amazon Store,Home,,,2026-02-10 19:46:36,,,,eraser,,,,
,Amazon,AMZ_ERA_007_0002,eraser Amazon Product 7-2,1025.0,1230.88,3.1,39100,Amazon Store,Sports,,,2026-02-10 19:46:36,,,,eraser,,,,
,Amazon,AMZ_ERA_007_0003,eraser Amazon Product 7-3,557.0,654.44,4.0,17619,Amazon Store,Clothing,,,2026-02-10 19:46:36,,,,eraser,,,,
,Amazon,AMZ_ERA_007_0004,eraser Amazon Product 7-4,1399.0,1748.63,4.7,36441,Amazon Store,Electronics,,,2026-02-10 19:46:36,,,,eraser,,,,
,Amazon,AMZ_ERA_007_0005,eraser Amazon Product 7-5,1948.0,2404.33,4.1,36601,Amazon Store,Books,,,2026-02-10 19:46:36,,,,eraser,,,,
,Amazon,AMZ_ERA_007_0006,eraser Amazon Product 7-6,189.0,245.27,4.4,25618,Amazon Store,Clothing,,,2026-02-10 19:46:36,,,,eraser,,,,
,Amazon,AMZ_ERA_007_0007,eraser Amazon Product 7-7,1151.0,1411.59,4.3,38604,Amazon Store,Sports,,,2026-02-10 19:46:36,,,,eraser,,,,
,Amazon,AMZ_ERA_007_0008,eraser Amazon Product 7-8,1374.0,1782.06,4.3,12302,Amazon Store,Sports,,,2026-02-10 19:46:36,,,,eraser,,,,
,Amazon,AMZ_ERA_008_0000,eraser Amazon Product 8-0,1063.0,1248.79,4.2,11862,Amazon Store,Electronics,,,2026-02-10 19:46:39,,,,eraser,,,,
,Amazon,AMZ_ERA_008_0001,eraser Amazon Product 8-1,1393.0,1701.48,4.3,11788,Amazon Store,Electronics,,,2026-02-10 19:46:39,,,,eraser,,,,
,Amazon,AMZ_ERA_008_0002,eraser Amazon Product 8-2,1914.0,2259.78,4.7,32236,Amazon Store,Electronics,,,2026-02-10 19:46:39,,,,eraser,,,,
,Amazon,AMZ_ERA_008_0003,eraser Amazon Product 8-3,1247.0,1507.37,3.8,9485,Amazon Store,Home,,,2026-02-10 19:46:39,,,,eraser,,,,
,Amazon,AMZ_ERA_008_0004,eraser Amazon Product 8-4,1116.0,1282.04,4.7,23170,Amazon Store,Electronics,,,2026-02-10 19:46:39,,,,eraser,,,,
,Amazon,AMZ_ERA_008_0005,eraser Amazon Product 8-5,151.0,181.34,4.6,28184,Amazon Store,Clothing,,,2026-02-10 19:46:39,,,,eraser,,,,
,Amazon,AMZ_ERA_008_0006,eraser Amazon Product 8-6,300.0,359.79,4.7,34352,Amazon Store,Books,,,2026-02-10 19:46:39,,,,eraser,,,,
,Amazon,AMZ_ERA_008_0007,eraser Amazon Product 8-7,1177.0,1527.35,4.5,4132,Amazon Store,Electronics,,,2026-02-10 19:46:39,,,,eraser,,,,
,Amazon,AMZ_ERA_008_0008,eraser Amazon Product 8-8,1538.0,1838.66,4.4,38926,Amazon Store,Home,,,2026-02-10 19:46:39,,,,eraser,,,,
,Amazon,AMZ_ERA_008_0009,eraser Amazon Product 8-9,1037.0,1186.38,3.6,29655,Amazon Store,Clothing,,,2026-02-10 19:46:39,,,,eraser,,,,
,Amazon,AMZ_ERA_009_0000,eraser Amazon Product 9-0,778.0,990.18,4.6,22721,Amazon Store,Books,,,2026-02-10 19:46:42,,,,eraser,,,,
,Amazon,AMZ_ERA_009_0001,eraser Amazon Product 9-1,415.0,464.03,4.1,14294,Amazon Store,Electronics,,,2026-02-10 19:46:42,,,,eraser,,,,
,Amazon,AMZ_ERA_009_0002,eraser Amazon Product 9-2,875.0,967.11,4.3,16051,Amazon Store,Books,,,2026-02-10 19:46:42,,,,eraser,,,,
,Amazon,AMZ_ERA_009_0003,eraser Amazon Product 9-3,810.0,900.25,4.7,11654,Amazon Store,Books,,,2026-02-10 19:46:42,,,,eraser,,,,
,Amazon,AMZ_ERA_009_0004,eraser Amazon Product 9-4,882.0,1000.63,3.6,22782,Amazon Store,Clothing,,,2026-02-10 19:46:42,,,,eraser,,,,
,Amazon,AMZ_ERA_009_0005,eraser Amazon Product 9-5,1973.0,2290.13,3.8,45133,Amazon Store,Clothing,,,2026-02-10 19:46:42,,,,eraser,,,,
,Amazon,AMZ_ERA_009_0006,eraser Amazon Product 9-6,645.0,804.5,4.5,3470,Amazon Store,Electronics,,,2026-02-10 19:46:42,,,,eraser,,,,
,Amazon,AMZ_ERA_009_0007,eraser Amazon Product 9-7,1265.0,1575.64,4.9,8869,Amazon Store,Home,,,2026-02-10 19:46:42,,,,eraser,,,,
,Amazon,AMZ_ERA_009_0008,eraser Amazon Product 9-8,891.0,981.52,3.3,30382,Amazon Store,Clothing,,,2026-02-10 19:46:42,,,,eraser,,,,
,Amazon,AMZ_ERA_010_0000,eraser Amazon Product 10-0,1070.0,1188.78,3.2,304,Amazon Store,Sports,,,2026-02-10 19:46:45,,,,eraser,,,,
,Amazon,AMZ_ERA_010_0001,eraser Amazon Product 10-1,1344.0,1569.12,3.7,7266,Amazon Store,Sports,,,2026-02-10 19:46:45,,,,eraser,,,,
,Amazon,AMZ_ERA_010_0002,eraser Amazon Product 10-2,1139.0,1336.35,4.8,43989,Amazon Store,Electronics,,,2026-02-10 19:46:45,,,,eraser,,,,
,Amazon,AMZ_ERA_010_0003,eraser Amazon Product 10-3,1788.0,2076.92,4.3,35333,Amazon Store,Sports,,,2026-02-10 19:46:45,,,,eraser,,,,
,Amazon,AMZ_ERA_010_0004,eraser Amazon Product 10-4,553.0,630.05,3.2,2240,Amazon Store,Books,,,2026-02-10 19:46:45,,,,eraser,,,,
,Amazon,AMZ_ERA_010_0005,eraser Amazon Product 10-5,814.0,959.34,3.7,35810,Amazon Store,Sports,,,2026-02-10 19:46:45,,,,eraser,,,,
,Amazon,AMZ_ERA_010_0006,eraser Amazon Product 10-6,1116.0,1423.81,3.1,5534,Amazon Store,Books,,,2026-02-10 19:46:45,,,,eraser,,,,
,Amazon,AMZ_ERA_010_0007,eraser Amazon Product 10-7,638.0,774.77,3.5,25808,Amazon Store,Electronics,,,2026-02-10 19:46:45,,,,eraser,,,,
,Amazon,AMZ_ERA_010_0008,eraser Amazon Product 10-8,962.0,1112.69,4.7,31601,Amazon Store,Books,,,2026-02-10 19:46:45,,,,eraser,,,,
,Amazon,AMZ_ERA_010_0009,eraser Amazon Product 10-9,728.0,864.91,3.5,41868,Amazon Store,Electronics,,,2026-02-10 19:46:45,,,,eraser,,,,
,Amazon,AMZ_ERA_010_0010,eraser Amazon Product 10-10,1495.0,1754.53,3.3,32016,Amazon Store,Clothing,,,2026-02-10 19:46:45,,,,eraser,,,,
,JD.com,JD_ERA_001_0000,eraser JD商品 1-0,3313.0,4195.62,3.9,66323,品牌旗舰店,图书,,,2026-02-10 19:46:50,,,,eraser,,,,
,JD.com,JD_ERA_001_0001,eraser JD商品 1-1,3590.0,4353.35,4.7,52471,JD自营,运动户外,,,2026-02-10 19:46:50,,,,eraser,,,,
,JD.com,JD_ERA_001_0002,eraser JD商品 1-2,3550.0,4254.7,3.8,13579,JD自营,家居,,,2026-02-10 19:46:50,,,,eraser,,,,
,JD.com,JD_ERA_001_0003,eraser JD商品 1-3,1044.0,1257.82,3.8,10514,JD自营,运动户外,,,2026-02-10 19:46:50,,,,eraser,,,,
,JD.com,JD_ERA_001_0004,eraser JD商品 1-4,1245.0,1557.14,3.8,17210,JD自营,电子产品,,,2026-02-10 19:46:50,,,,eraser,,,,
,JD.com,JD_ERA_001_0005,eraser JD商品 1-5,3471.0,4485.36,4.3,44036,品牌旗舰店,运动户外,,,2026-02-10 19:46:50,,,,eraser,,,,
,JD.com,JD_ERA_001_0006,eraser JD商品 1-6,959.0,1121.74,4.0,76473,授权专卖店,电子产品,,,2026-02-10 19:46:50,,,,eraser,,,,
,JD.com,JD_ERA_001_0007,eraser JD商品 1-7,1698.0,1895.47,4.2,7684,JD自营,图书,,,2026-02-10 19:46:50,,,,eraser,,,,
,JD.com,JD_ERA_001_0008,eraser JD商品 1-8,909.0,1074.41,4.4,46427,JD自营,运动户外,,,2026-02-10 19:46:50,,,,eraser,,,,
,JD.com,JD_ERA_001_0009,eraser JD商品 1-9,2682.0,3131.29,4.1,69693,授权专卖店,家居,,,2026-02-10 19:46:50,,,,eraser,,,,
,JD.com,JD_ERA_002_0000,eraser JD商品 2-0,1092.0,1367.28,4.5,27428,授权专卖店,家居,,,2026-02-10 19:46:55,,,,eraser,,,,
,JD.com,JD_ERA_002_0001,eraser JD商品 2-1,1576.0,1762.42,4.6,35606,JD自营,家居,,,2026-02-10 19:46:55,,,,eraser,,,,
,JD.com,JD_ERA_002_0002,eraser JD商品 2-2,1770.0,1992.56,4.5,24264,JD自营,图书,,,2026-02-10 19:46:55,,,,eraser,,,,
,JD.com,JD_ERA_002_0003,eraser JD商品 2-3,4109.0,4691.84,4.3,39771,JD自营,运动户外,,,2026-02-10 19:46:55,,,,eraser,,,,
,JD.com,JD_ERA_002_0004,eraser JD商品 2-4,4901.0,5745.05,5.0,42870,授权专卖店,服装,,,2026-02-10 19:46:55,,,,eraser,,,,
,JD.com,JD_ERA_002_0005,eraser JD商品 2-5,4804.0,6132.9,4.5,16383,品牌旗舰店,家居,,,2026-02-10 19:46:55,,,,eraser,,,,
,JD.com,JD_ERA_003_0000,eraser JD商品 3-0,2109.0,2466.69,4.4,30366,品牌旗舰店,图书,,,2026-02-10 19:47:00,,,,eraser,,,,
,JD.com,JD_ERA_003_0001,eraser JD商品 3-1,982.0,1252.69,3.7,84305,品牌旗舰店,运动户外,,,2026-02-10 19:47:00,,,,eraser,,,,
,JD.com,JD_ERA_003_0002,eraser JD商品 3-2,3693.0,4614.33,4.6,70907,JD自营,服装,,,2026-02-10 19:47:00,,,,eraser,,,,
,JD.com,JD_ERA_003_0003,eraser JD商品 3-3,2006.0,2511.89,4.1,94960,JD自营,家居,,,2026-02-10 19:47:00,,,,eraser,,,,
,JD.com,JD_ERA_003_0004,eraser JD商品 3-4,3051.0,3579.18,4.9,50147,授权专卖店,电子产品,,,2026-02-10 19:47:00,,,,eraser,,,,
,JD.com,JD_ERA_003_0005,eraser JD商品 3-5,1847.0,2272.2,4.4,80995,JD自营,图书,,,2026-02-10 19:47:00,,,,eraser,,,,
,JD.com,JD_ERA_003_0006,eraser JD商品 3-6,1906.0,2360.38,4.3,70527,授权专卖店,运动户外,,,2026-02-10 19:47:00,,,,eraser,,,,
,JD.com,JD_ERA_004_0000,eraser JD商品 4-0,4854.0,5983.23,4.5,6027,JD自营,服装,,,2026-02-10 19:47:05,,,,eraser,,,,
,JD.com,JD_ERA_004_0001,eraser JD商品 4-1,1421.0,1699.32,3.7,94450,JD自营,电子产品,,,2026-02-10 19:47:05,,,,eraser,,,,
,JD.com,JD_ERA_004_0002,eraser JD商品 4-2,4557.0,5491.06,4.6,4267,品牌旗舰店,图书,,,2026-02-10 19:47:05,,,,eraser,,,,
,JD.com,JD_ERA_004_0003,eraser JD商品 4-3,4163.0,5157.2,4.7,2665,品牌旗舰店,图书,,,2026-02-10 19:47:05,,,,eraser,,,,
,JD.com,JD_ERA_004_0004,eraser JD商品 4-4,1798.0,2243.35,4.6,58346,授权专卖店,电子产品,,,2026-02-10 19:47:05,,,,eraser,,,,
,JD.com,JD_ERA_004_0005,eraser JD商品 4-5,1666.0,1990.14,4.3,84009,授权专卖店,服装,,,2026-02-10 19:47:05,,,,eraser,,,,
,JD.com,JD_ERA_004_0006,eraser JD商品 4-6,2448.0,2714.8,4.9,11952,授权专卖店,运动户外,,,2026-02-10 19:47:05,,,,eraser,,,,
,JD.com,JD_ERA_004_0007,eraser JD商品 4-7,2793.0,3283.48,4.8,21373,品牌旗舰店,图书,,,2026-02-10 19:47:05,,,,eraser,,,,
,JD.com,JD_ERA_005_0000,eraser JD商品 5-0,2207.0,2718.42,3.6,16307,JD自营,家居,,,2026-02-10 19:47:10,,,,eraser,,,,
,JD.com,JD_ERA_005_0001,eraser JD商品 5-1,1412.0,1827.28,4.8,72774,品牌旗舰店,图书,,,2026-02-10 19:47:10,,,,eraser,,,,
,JD.com,JD_ERA_005_0002,eraser JD商品 5-2,1675.0,1870.34,4.9,48997,品牌旗舰店,图书,,,2026-02-10 19:47:10,,,,eraser,,,,
,JD.com,JD_ERA_005_0003,eraser JD商品 5-3,4109.0,5078.02,3.7,71149,JD自营,图书,,,2026-02-10 19:47:10,,,,eraser,,,,
,JD.com,JD_ERA_005_0004,eraser JD商品 5-4,1594.0,2021.11,5.0,2000,JD自营,服装,,,2026-02-10 19:47:10,,,,eraser,,,,
,JD.com,JD_ERA_005_0005,eraser JD商品 5-5,1605.0,1862.74,4.0,89940,JD自营,服装,,,2026-02-10 19:47:10,,,,eraser,,,,
,JD.com,JD_ERA_005_0006,eraser JD商品 5-6,2237.0,2714.44,4.9,5081,JD自营,服装,,,2026-02-10 19:47:10,,,,eraser,,,,
,JD.com,JD_ERA_005_0007,eraser JD商品 5-7,1151.0,1344.37,4.2,22119,品牌旗舰店,电子产品,,,2026-02-10 19:47:10,,,,eraser,,,,
,JD.com,JD_ERA_005_0008,eraser JD商品 5-8,4699.0,5735.8,3.7,20901,JD自营,电子产品,,,2026-02-10 19:47:10,,,,eraser,,,,
,JD.com,JD_ERA_005_0009,eraser JD商品 5-9,4414.0,5374.21,4.2,27434,品牌旗舰店,家居,,,2026-02-10 19:47:10,,,,eraser,,,,
,JD.com,JD_ERA_006_0000,eraser JD商品 6-0,1018.0,1145.52,4.6,1009,品牌旗舰店,电子产品,,,2026-02-10 19:47:15,,,,eraser,,,,
,JD.com,JD_ERA_006_0001,eraser JD商品 6-1,4119.0,4578.6,3.9,22295,JD自营,服装,,,2026-02-10 19:47:15,,,,eraser,,,,
,JD.com,JD_ERA_006_0002,eraser JD商品 6-2,2692.0,3428.92,3.6,28598,JD自营,电子产品,,,2026-02-10 19:47:15,,,,eraser,,,,
,JD.com,JD_ERA_006_0003,eraser JD商品 6-3,3700.0,4671.0,4.5,58738,授权专卖店,图书,,,2026-02-10 19:47:15,,,,eraser,,,,
,JD.com,JD_ERA_006_0004,eraser JD商品 6-4,1713.0,2074.06,3.5,60756,授权专卖店,图书,,,2026-02-10 19:47:15,,,,eraser,,,,
,JD.com,JD_ERA_006_0005,eraser JD商品 6-5,2299.0,2669.92,3.8,81339,授权专卖店,家居,,,2026-02-10 19:47:15,,,,eraser,,,,
,JD.com,JD_ERA_006_0006,eraser JD商品 6-6,4582.0,5310.86,4.5,23040,品牌旗舰店,家居,,,2026-02-10 19:47:15,,,,eraser,,,,
,JD.com,JD_ERA_006_0007,eraser JD商品 6-7,1128.0,1388.01,4.2,96197,品牌旗舰店,服装,,,2026-02-10 19:47:15,,,,eraser,,,,
,JD.com,JD_ERA_006_0008,eraser JD商品 6-8,4376.0,5540.46,4.8,79511,品牌旗舰店,图书,,,2026-02-10 19:47:15,,,,eraser,,,,
,JD.com,JD_ERA_006_0009,eraser JD商品 6-9,3544.0,4432.18,4.7,97522,JD自营,运动户外,,,2026-02-10 19:47:15,,,,eraser,,,,
,JD.com,JD_ERA_007_0000,eraser JD商品 7-0,3248.0,3824.66,3.9,88972,JD自营,服装,,,2026-02-10 19:47:20,,,,eraser,,,,
,JD.com,JD_ERA_007_0001,eraser JD商品 7-1,2077.0,2396.09,4.7,83360,JD自营,图书,,,2026-02-10 19:47:20,,,,eraser,,,,
,JD.com,JD_ERA_007_0002,eraser JD商品 7-2,848.0,940.55,5.0,31592,授权专卖店,家居,,,2026-02-10 19:47:20,,,,eraser,,,,
,JD.com,JD_ERA_007_0003,eraser JD商品 7-3,1642.0,2030.93,4.1,76125,授权专卖店,电子产品,,,2026-02-10 19:47:20,,,,eraser,,,,
,JD.com,JD_ERA_007_0004,eraser JD商品 7-4,1809.0,2203.41,4.3,17529,品牌旗舰店,电子产品,,,2026-02-10 19:47:20,,,,eraser,,,,
,JD.com,JD_ERA_007_0005,eraser JD商品 7-5,3564.0,3949.48,3.6,13885,JD自营,服装,,,2026-02-10 19:47:20,,,,eraser,,,,
,JD.com,JD_ERA_007_0006,eraser JD商品 7-6,2077.0,2417.26,3.6,73180,授权专卖店,电子产品,,,2026-02-10 19:47:20,,,,eraser,,,,
,JD.com,JD_ERA_007_0007,eraser JD商品 7-7,3227.0,3696.25,4.8,16953,JD自营,服装,,,2026-02-10 19:47:20,,,,eraser,,,,
,JD.com,JD_ERA_007_0008,eraser JD商品 7-8,2231.0,2460.17,5.0,73253,JD自营,家居,,,2026-02-10 19:47:20,,,,eraser,,,,
,JD.com,JD_ERA_008_0000,eraser JD商品 8-0,4499.0,5479.52,3.8,18126,JD自营,家居,,,2026-02-10 19:47:25,,,,eraser,,,,
,JD.com,JD_ERA_008_0001,eraser JD商品 8-1,4803.0,5442.5,4.8,31936,品牌旗舰店,运动户外,,,2026-02-10 19:47:25,,,,eraser,,,,
,JD.com,JD_ERA_008_0002,eraser JD商品 8-2,1292.0,1600.45,4.8,17718,品牌旗舰店,家居,,,2026-02-10 19:47:25,,,,eraser,,,,
,JD.com,JD_ERA_008_0003,eraser JD商品 8-3,2228.0,2543.84,4.1,14638,JD自营,家居,,,2026-02-10 19:47:25,,,,eraser,,,,
,JD.com,JD_ERA_008_0004,eraser JD商品 8-4,2081.0,2646.06,3.7,54314,品牌旗舰店,运动户外,,,2026-02-10 19:47:25,,,,eraser,,,,
,JD.com,JD_ERA_008_0005,eraser JD商品 8-5,3798.0,4672.18,4.3,80785,品牌旗舰店,电子产品,,,2026-02-10 19:47:25,,,,eraser,,,,
,JD.com,JD_ERA_008_0006,eraser JD商品 8-6,2216.0,2605.32,4.1,69709,JD自营,图书,,,2026-02-10 19:47:25,,,,eraser,,,,
,JD.com,JD_ERA_008_0007,eraser JD商品 8-7,1981.0,2301.81,4.2,99490,授权专卖店,运动户外,,,2026-02-10 19:47:25,,,,eraser,,,,
,JD.com,JD_ERA_008_0008,eraser JD商品 8-8,3396.0,3925.29,3.7,42362,授权专卖店,电子产品,,,2026-02-10 19:47:25,,,,eraser,,,,
,JD.com,JD_ERA_008_0009,eraser JD商品 8-9,2175.0,2607.68,4.1,85219,JD自营,电子产品,,,2026-02-10 19:47:25,,,,eraser,,,,
,JD.com,JD_ERA_009_0000,eraser JD商品 9-0,694.0,880.23,3.5,81910,JD自营,图书,,,2026-02-10 19:47:30,,,,eraser,,,,
,JD.com,JD_ERA_009_0001,eraser JD商品 9-1,685.0,874.29,4.2,56517,JD自营,服装,,,2026-02-10 19:47:30,,,,eraser,,,,
,JD.com,JD_ERA_009_0002,eraser JD商品 9-2,3699.0,4103.5,4.3,43339,品牌旗舰店,家居,,,2026-02-10 19:47:30,,,,eraser,,,,
,JD.com,JD_ERA_009_0003,eraser JD商品 9-3,1973.0,2529.23,3.8,49404,JD自营,运动户外,,,2026-02-10 19:47:30,,,,eraser,,,,
,JD.com,JD_ERA_009_0004,eraser JD商品 9-4,1408.0,1684.93,4.3,74993,JD自营,服装,,,2026-02-10 19:47:30,,,,eraser,,,,
,JD.com,JD_ERA_009_0005,eraser JD商品 9-5,558.0,633.15,4.8,73475,授权专卖店,电子产品,,,2026-02-10 19:47:30,,,,eraser,,,,
,JD.com,JD_ERA_009_0006,eraser JD商品 9-6,2581.0,3185.14,4.7,25279,品牌旗舰店,运动户外,,,2026-02-10 19:47:30,,,,eraser,,,,
,JD.com,JD_ERA_009_0007,eraser JD商品 9-7,2217.0,2542.3,4.1,94249,品牌旗舰店,电子产品,,,2026-02-10 19:47:30,,,,eraser,,,,
,JD.com,JD_ERA_009_0008,eraser JD商品 9-8,1593.0,1767.28,4.0,30466,授权专卖店,服装,,,2026-02-10 19:47:30,,,,eraser,,,,
,JD.com,JD_ERA_010_0000,eraser JD商品 10-0,4114.0,4525.99,4.9,50424,品牌旗舰店,家居,,,2026-02-10 19:47:35,,,,eraser,,,,
,JD.com,JD_ERA_010_0001,eraser JD商品 10-1,3241.0,3585.11,4.5,41642,授权专卖店,图书,,,2026-02-10 19:47:35,,,,eraser,,,,
,JD.com,JD_ERA_010_0002,eraser JD商品 10-2,1340.0,1735.05,4.2,22068,品牌旗舰店,图书,,,2026-02-10 19:47:35,,,,eraser,,,,
,JD.com,JD_ERA_010_0003,eraser JD商品 10-3,4588.0,5755.07,3.6,15333,授权专卖店,运动户外,,,2026-02-10 19:47:35,,,,eraser,,,,
,JD.com,JD_ERA_010_0004,eraser JD商品 10-4,2639.0,3265.12,4.6,21265,JD自营,服装,,,2026-02-10 19:47:35,,,,eraser,,,,
,JD.com,JD_ERA_010_0005,eraser JD商品 10-5,1873.0,2217.58,3.9,47838,品牌旗舰店,图书,,,2026-02-10 19:47:35,,,,eraser,,,,
,JD.com,JD_ERA_010_0006,eraser JD商品 10-6,4609.0,5157.79,4.8,25883,JD自营,电子产品,,,2026-02-10 19:47:35,,,,eraser,,,,
,JD.com,JD_ERA_010_0007,eraser JD商品 10-7,1511.0,1734.55,4.4,72813,品牌旗舰店,图书,,,2026-02-10 19:47:35,,,,eraser,,,,
,JD.com,JD_ERA_010_0008,eraser JD商品 10-8,2305.0,2562.33,3.8,18163,品牌旗舰店,图书,,,2026-02-10 19:47:35,,,,eraser,,,,
,JD.com,JD_ERA_010_0009,eraser JD商品 10-9,4989.0,5884.64,4.6,30420,授权专卖店,图书,,,2026-02-10 19:47:35,,,,eraser,,,,
,Amazon,AMZ_FB_CHI_1770729418_001_0000,chicken doll Amazon Product 1-0,803.0,970.42,4.0,26797,Amazon Store,Home,,,2026-02-10 20:16:58,,,,chicken doll,True,,,
,Amazon,AMZ_FB_CHI_1770729418_001_0001,chicken doll Amazon Product 1-1,720.0,892.8,3.1,7473,Amazon Store,Home,,,2026-02-10 20:16:58,,,,chicken doll,True,,,
,Amazon,AMZ_FB_CHI_1770729418_001_0002,chicken doll Amazon Product 1-2,761.0,894.98,4.5,4979,Amazon Store,Books,,,2026-02-10 20:16:58,,,,chicken doll,True,,,
,Amazon,AMZ_FB_CHI_1770729418_001_0003,chicken doll Amazon Product 1-3,1201.0,1469.59,4.2,18248,Amazon Store,Books,,,2026-02-10 20:16:58,,,,chicken doll,True,,,
,Amazon,AMZ_FB_CHI_1770729418_001_0004,chicken doll Amazon Product 1-4,1157.0,1468.23,3.1,26689,Amazon Store,Books,,,2026-02-10 20:16:58,,,,chicken doll,True,,,
,Amazon,AMZ_FB_CHI_1770729418_001_0005,chicken doll Amazon Product 1-5,463.0,582.18,4.3,27332,Amazon Store,Clothing,,,2026-02-10 20:16:58,,,,chicken doll,True,,,
,Amazon,AMZ_FB_CHI_1770729418_001_0006,chicken doll Amazon Product 1-6,1428.0,1634.03,4.5,221,Amazon Store,Electronics,,,2026-02-10 20:16:58,,,,chicken doll,True,,,
,Amazon,AMZ_FB_CHI_1770729418_002_0000,chicken doll Amazon Product 2-0,1144.0,1363.17,4.2,39655,Amazon Store,Home,,,2026-02-10 20:16:58,,,,chicken doll,True,,,
,Amazon,AMZ_FB_CHI_1770729418_002_0001,chicken doll Amazon Product 2-1,891.0,1080.91,4.3,18503,Amazon Store,Books,,,2026-02-10 20:16:58,,,,chicken doll,True,,,
,Amazon,AMZ_FB_CHI_1770729418_002_0002,chicken doll Amazon Product 2-2,1205.0,1362.71,3.8,32277,Amazon Store,Books,,,2026-02-10 20:16:58,,,,chicken doll,True,,,
,Amazon,AMZ_FB_CHI_1770729418_002_0003,chicken doll Amazon Product 2-3,1900.0,2091.12,3.7,41660,Amazon Store,Electronics,,,2026-02-10 20:16:58,,,,chicken doll,True,,,
,Amazon,AMZ_FB_CHI_1770729418_002_0004,chicken doll Amazon Product 2-4,768.0,869.83,4.7,38669,Amazon Store,Electronics,,,2026-02-10 20:16:58,,,,chicken doll,True,,,
,Amazon,AMZ_FB_CHI_1770729418_002_0005,chicken doll Amazon Product 2-5,468.0,606.69,3.0,6305,Amazon Store,Electronics,,,2026-02-10 20:16:58,,,,chicken doll,True,,,
,Amazon,AMZ_FB_CHI_1770729418_002_0006,chicken doll Amazon Product 2-6,198.0,231.03,4.4,49704,Amazon Store,Electronics,,,2026-02-10 20:16:58,,,,chicken doll,True,,,
,Amazon,AMZ_FB_CHI_1770729418_002_0007,chicken doll Amazon Product 2-7,762.0,956.37,4.2,12183,Amazon Store,Books,,,2026-02-10 20:16:58,,,,chicken doll,True,,,
,Amazon,AMZ_FB_CHI_1770729418_002_0008,chicken doll Amazon Product 2-8,1243.0,1386.26,4.6,18268,Amazon Store,Electronics,,,2026-02-10 20:16:58,,,,chicken doll,True,,,
,Amazon,AMZ_FB_CHI_1770729418_002_0009,chicken doll Amazon Product 2-9,1422.0,1644.12,5.0,21445,Amazon Store,Electronics,,,2026-02-10 20:16:58,,,,chicken doll,True,,,
,Amazon,AMZ_FB_CHI_1770729418_003_0000,chicken doll Amazon Product 3-0,903.0,1033.42,4.0,8203,Amazon Store,Home,,,2026-02-10 20:16:58,,,,chicken doll,True,,,
,Amazon,AMZ_FB_CHI_1770729418_003_0001,chicken doll Amazon Product 3-1,1219.0,1403.92,3.9,18498,Amazon Store,Sports,,,2026-02-10 20:16:58,,,,chicken doll,True,,,
,Amazon,AMZ_FB_CHI_1770729418_003_0002,chicken doll Amazon Product 3-2,1668.0,2026.59,3.0,24918,Amazon Store,Books,,,2026-02-10 20:16:58,,,,chicken doll,True,,,
,Amazon,AMZ_FB_CHI_1770729418_003_0003,chicken doll Amazon Product 3-3,761.0,891.83,4.0,419,Amazon Store,Electronics,,,2026-02-10 20:16:58,,,,chicken doll,True,,,
,Amazon,AMZ_FB_CHI_1770729418_003_0004,chicken doll Amazon Product 3-4,582.0,693.81,4.6,8266,Amazon Store,Clothing,,,2026-02-10 20:16:58,,,,chicken doll,True,,,
,Amazon,AMZ_FB_CHI_1770729418_003_0005,chicken doll Amazon Product 3-5,865.0,1006.42,3.3,40544,Amazon Store,Electronics,,,2026-02-10 20:16:58,,,,chicken doll,True,,,
,Amazon,AMZ_FB_CHI_1770729418_003_0006,chicken doll Amazon Product 3-6,843.0,976.93,5.0,26721,Amazon Store,Home,,,2026-02-10 20:16:58,,,,chicken doll,True,,,
,Amazon,AMZ_FB_CHI_1770729418_003_0007,chicken doll Amazon Product 3-7,1370.0,1624.04,4.7,8608,Amazon Store,Books,,,2026-02-10 20:16:58,,,,chicken doll,True,,,
,Amazon,AMZ_FB_CHI_1770729418_004_0000,chicken doll Amazon Product 4-0,1676.0,1967.37,4.1,49164,Amazon Store,Home,,,2026-02-10 20:16:58,,,,chicken doll,True,,,
,Amazon,AMZ_FB_CHI_1770729418_004_0001,chicken doll Amazon Product 4-1,1100.0,1212.88,4.0,7975,Amazon Store,Electronics,,,2026-02-10 20:16:58,,,,chicken doll,True,,,
,Amazon,AMZ_FB_CHI_1770729418_004_0002,chicken doll Amazon Product 4-2,578.0,738.29,4.6,44357,Amazon Store,Clothing,,,2026-02-10 20:16:58,,,,chicken doll,True,,,
,Amazon,AMZ_FB_CHI_1770729418_004_0003,chicken doll Amazon Product 4-3,1230.0,1558.56,4.0,44129,Amazon Store,Home,,,2026-02-10 20:16:58,,,,chicken doll,True,,,
,Amazon,AMZ_FB_CHI_1770729418_004_0004,chicken doll Amazon Product 4-4,1529.0,1871.56,4.1,26553,Amazon Store,Sports,,,2026-02-10 20:16:58,,,,chicken doll,True,,,
,Amazon,AMZ_FB_CHI_1770729418_004_0005,chicken doll Amazon Product 4-5,1853.0,2384.81,3.7,38748,Amazon Store,Sports,,,2026-02-10 20:16:58,,,,chicken doll,True,,,
,Amazon,AMZ_FB_CHI_1770729418_004_0006,chicken doll Amazon Product 4-6,919.0,1121.4,4.3,6739,Amazon Store,Clothing,,,2026-02-10 20:16:58,,,,chicken doll,True,,,
,Amazon,AMZ_FB_CHI_1770729418_004_0007,chicken doll Amazon Product 4-7,337.0,416.14,3.0,24078,Amazon Store,Home,,,2026-02-10 20:16:58,,,,chicken doll,True,,,
,Amazon,AMZ_FB_CHI_1770729418_004_0008,chicken doll Amazon Product 4-8,1079.0,1370.5,4.2,34560,Amazon Store,Books,,,2026-02-10 20:16:58,,,,chicken doll,True,,,
,Amazon,AMZ_FB_CHI_1770729418_005_0000,chicken doll Amazon Product 5-0,1933.0,2384.79,4.4,48328,Amazon Store,Sports,,,2026-02-10 20:16:58,,,,chicken doll,True,,,
,Amazon,AMZ_FB_CHI_1770729418_005_0001,chicken doll Amazon Product 5-1,378.0,459.25,3.9,34730,Amazon Store,Electronics,,,2026-02-10 20:16:58,,,,chicken doll,True,,,
,Amazon,AMZ_FB_CHI_1770729418_005_0002,chicken doll Amazon Product 5-2,302.0,379.0,3.9,37994,Amazon Store,Electronics,,,2026-02-10 20:16:58,,,,chicken doll,True,,,
,Amazon,AMZ_FB_CHI_1770729418_005_0003,chicken doll Amazon Product 5-3,1483.0,1827.59,4.4,29618,Amazon Store,Home,,,2026-02-10 20:16:58,,,,chicken doll,True,,,
,Amazon,AMZ_FB_CHI_1770729418_005_0004,chicken doll Amazon Product 5-4,1498.0,1716.55,3.1,18533,Amazon Store,Clothing,,,2026-02-10 20:16:58,,,,chicken doll,True,,,
,Amazon,AMZ_FB_CHI_1770729418_005_0005,chicken doll Amazon Product 5-5,694.0,795.25,4.1,37296,Amazon Store,Electronics,,,2026-02-10 20:16:58,,,,chicken doll,True,,,
,Amazon,AMZ_FB_CHI_1770729418_005_0006,chicken doll Amazon Product 5-6,934.0,1117.69,4.5,6076,Amazon Store,Books,,,2026-02-10 20:16:58,,,,chicken doll,True,,,
,Amazon,AMZ_FB_CHI_1770729418_005_0007,chicken doll Amazon Product 5-7,1895.0,2438.25,4.0,3903,Amazon Store,Sports,,,2026-02-10 20:16:58,,,,chicken doll,True,,,
,JD.com,JD_FB_CHI_1770729418_001_0000,chicken doll JD商品 1-0,2257.0,2654.84,4.6,23995,JD自营,家居,,,2026-02-10 20:16:58,,,,chicken doll,True,,,
,JD.com,JD_FB_CHI_1770729418_001_0001,chicken doll JD商品 1-1,1535.0,1735.2,3.7,52580,JD自营,图书,,,2026-02-10 20:16:58,,,,chicken doll,True,,,
,JD.com,JD_FB_CHI_1770729418_001_0002,chicken doll JD商品 1-2,2632.0,3009.8,4.4,19803,品牌旗舰店,运动户外,,,2026-02-10 20:16:58,,,,chicken doll,True,,,
,JD.com,JD_FB_CHI_1770729418_001_0003,chicken doll JD商品 1-3,3138.0,3829.63,4.8,65020,JD自营,家居,,,2026-02-10 20:16:58,,,,chicken doll,True,,,
,JD.com,JD_FB_CHI_1770729418_001_0004,chicken doll JD商品 1-4,4647.0,5577.73,4.8,72095,品牌旗舰店,家居,,,2026-02-10 20:16:58,,,,chicken doll,True,,,
,JD.com,JD_FB_CHI_1770729418_001_0005,chicken doll JD商品 1-5,4772.0,5842.71,3.8,19999,品牌旗舰店,家居,,,2026-02-10 20:16:58,,,,chicken doll,True,,,
,JD.com,JD_FB_CHI_1770729418_002_0000,chicken doll JD商品 2-0,3975.0,4645.09,4.8,90289,JD自营,运动户外,,,2026-02-10 20:16:58,,,,chicken doll,True,,,
,JD.com,JD_FB_CHI_1770729418_002_0001,chicken doll JD商品 2-1,1386.0,1695.68,3.8,20370,授权专卖店,图书,,,2026-02-10 20:16:58,,,,chicken doll,True,,,
,JD.com,JD_FB_CHI_1770729418_002_0002,chicken doll JD商品 2-2,2740.0,3547.27,5.0,83077,JD自营,图书,,,2026-02-10 20:16:58,,,,chicken doll,True,,,
,JD.com,JD_FB_CHI_1770729418_002_0003,chicken doll JD商品 2-3,4877.0,5991.75,4.7,78177,JD自营,电子产品,,,2026-02-10 20:16:58,,,,chicken doll,True,,,
,JD.com,JD_FB_CHI_1770729418_002_0004,chicken doll JD商品 2-4,3273.0,3762.58,3.8,32600,JD自营,家居,,,2026-02-10 20:16:58,,,,chicken doll,True,,,
,JD.com,JD_FB_CHI_1770729418_003_0000,chicken doll JD商品 3-0,1720.0,2024.65,4.2,16318,品牌旗舰店,家居,,,2026-02-10 20:16:58,,,,chicken doll,True,,,
,JD.com,JD_FB_CHI_1770729418_003_0001,chicken doll JD商品 3-1,2033.0,2422.98,3.7,93582,JD自营,图书,,,2026-02-10 20:16:58,,,,chicken doll,True,,,
,JD.com,JD_FB_CHI_1770729418_003_0002,chicken doll JD商品 3-2,3918.0,5047.69,3.6,33683,品牌旗舰店,家居,,,2026-02-10 20:16:58,,,,chicken doll,True,,,
,JD.com,JD_FB_CHI_1770729418_003_0003,chicken doll JD商品 3-3,2785.0,3366.32,4.5,4366,品牌旗舰店,图书,,,2026-02-10 20:16:58,,,,chicken doll,True,,,
,JD.com,JD_FB_CHI_1770729418_003_0004,chicken doll JD商品 3-4,1658.0,1945.31,4.4,85749,品牌旗舰店,电子产品,,,2026-02-10 20:16:58,,,,chicken doll,True,,,
,JD.com,JD_FB_CHI_1770729418_003_0005,chicken doll JD商品 3-5,708.0,835.36,4.3,39960,品牌旗舰店,运动户外,,,2026-02-10 20:16:58,,,,chicken doll,True,,,
,JD.com,JD_FB_CHI_1770729418_004_0000,chicken doll JD商品 4-0,978.0,1231.6,4.1,8224,授权专卖店,电子产品,,,2026-02-10 20:16:58,,,,chicken doll,True,,,
,JD.com,JD_FB_CHI_1770729418_004_0001,chicken doll JD商品 4-1,4268.0,5325.59,4.2,9857,授权专卖店,图书,,,2026-02-10 20:16:58,,,,chicken doll,True,,,
,JD.com,JD_FB_CHI_1770729418_004_0002,chicken doll JD商品 4-2,3694.0,4647.99,4.1,38698,JD自营,运动户外,,,2026-02-10 20:16:58,,,,chicken doll,True,,,
,JD.com,JD_FB_CHI_1770729418_004_0003,chicken doll JD商品 4-3,550.0,626.14,4.1,24678,授权专卖店,服装,,,2026-02-10 20:16:58,,,,chicken doll,True,,,
,JD.com,JD_FB_CHI_1770729418_005_0000,chicken doll JD商品 5-0,3968.0,4869.59,3.7,41538,授权专卖店,服装,,,2026-02-10 20:16:58,,,,chicken doll,True,,,
,JD.com,JD_FB_CHI_1770729418_005_0001,chicken doll JD商品 5-1,3857.0,4757.09,4.3,12135,授权专卖店,运动户外,,,2026-02-10 20:16:58,,,,chicken doll,True,,,
,JD.com,JD_FB_CHI_1770729418_005_0002,chicken doll JD商品 5-2,3715.0,4213.71,4.0,84820,品牌旗舰店,电子产品,,,2026-02-10 20:16:58,,,,chicken doll,True,,,
,JD.com,JD_FB_CHI_1770729418_005_0003,chicken doll JD商品 5-3,1264.0,1455.25,4.4,62632,JD自营,服装,,,2026-02-10 20:16:58,,,,chicken doll,True,,,
,Amazon,AMZ_FB_BAN_1770729448_001_0000,banana Amazon Product 1-0,981.0,1179.99,3.3,6130,Amazon Store,Electronics,,,2026-02-10 20:17:28,,,,banana,True,,,
,Amazon,AMZ_FB_BAN_1770729448_001_0001,banana Amazon Product 1-1,1427.0,1604.16,3.9,15208,Amazon Store,Sports,,,2026-02-10 20:17:28,,,,banana,True,,,
,Amazon,AMZ_FB_BAN_1770729448_001_0002,banana Amazon Product 1-2,881.0,1011.6,4.0,29845,Amazon Store,Home,,,2026-02-10 20:17:28,,,,banana,True,,,
,Amazon,AMZ_FB_BAN_1770729448_001_0003,banana Amazon Product 1-3,553.0,650.42,4.9,19717,Amazon Store,Electronics,,,2026-02-10 20:17:28,,,,banana,True,,,
,Amazon,AMZ_FB_BAN_1770729448_001_0004,banana Amazon Product 1-4,719.0,837.68,4.1,46831,Amazon Store,Electronics,,,2026-02-10 20:17:28,,,,banana,True,,,
,Amazon,AMZ_FB_BAN_1770729448_001_0005,banana Amazon Product 1-5,1002.0,1287.64,4.4,15514,Amazon Store,Clothing,,,2026-02-10 20:17:28,,,,banana,True,,,
,Amazon,AMZ_FB_BAN_1770729448_001_0006,banana Amazon Product 1-6,1706.0,2198.94,3.6,46151,Amazon Store,Electronics,,,2026-02-10 20:17:28,,,,banana,True,,,
,Amazon,AMZ_FB_BAN_1770729448_001_0007,banana Amazon Product 1-7,1078.0,1310.87,3.4,19651,Amazon Store,Home,,,2026-02-10 20:17:28,,,,banana,True,,,
,Amazon,AMZ_FB_BAN_1770729448_001_0008,banana Amazon Product 1-8,1112.0,1367.65,3.9,9937,Amazon Store,Sports,,,2026-02-10 20:17:28,,,,banana,True,,,
,Amazon,AMZ_FB_BAN_1770729448_001_0009,banana Amazon Product 1-9,1027.0,1242.59,3.5,24487,Amazon Store,Home,,,2026-02-10 20:17:28,,,,banana,True,,,
,Amazon,AMZ_FB_BAN_1770729448_002_0000,banana Amazon Product 2-0,759.0,860.09,3.6,47248,Amazon Store,Sports,,,2026-02-10 20:17:28,,,,banana,True,,,
,Amazon,AMZ_FB_BAN_1770729448_002_0001,banana Amazon Product 2-1,429.0,508.53,4.9,46938,Amazon Store,Clothing,,,2026-02-10 20:17:28,,,,banana,True,,,
,Amazon,AMZ_FB_BAN_1770729448_002_0002,banana Amazon Product 2-2,1600.0,2044.58,3.4,28937,Amazon Store,Sports,,,2026-02-10 20:17:28,,,,banana,True,,,
,Amazon,AMZ_FB_BAN_1770729448_002_0003,banana Amazon Product 2-3,1063.0,1328.35,3.0,49732,Amazon Store,Books,,,2026-02-10 20:17:28,,,,banana,True,,,
,Amazon,AMZ_FB_BAN_1770729448_002_0004,banana Amazon Product 2-4,225.0,275.11,3.8,23195,Amazon Store,Electronics,,,2026-02-10 20:17:28,,,,banana,True,,,
,Amazon,AMZ_FB_BAN_1770729448_002_0005,banana Amazon Product 2-5,1592.0,1910.73,3.5,34561,Amazon Store,Books,,,2026-02-10 20:17:28,,,,banana,True,,,
,Amazon,AMZ_FB_BAN_1770729448_002_0006,banana Amazon Product 2-6,1598.0,1886.25,4.7,26783,Amazon Store,Electronics,,,2026-02-10 20:17:28,,,,banana,True,,,
,Amazon,AMZ_FB_BAN_1770729448_002_0007,banana Amazon Product 2-7,430.0,519.14,3.0,31721,Amazon Store,Home,,,2026-02-10 20:17:28,,,,banana,True,,,
,Amazon,AMZ_FB_BAN_1770729448_002_0008,banana Amazon Product 2-8,1677.0,1892.6,4.9,38340,Amazon Store,Electronics,,,2026-02-10 20:17:28,,,,banana,True,,,
,Amazon,AMZ_FB_BAN_1770729448_002_0009,banana Amazon Product 2-9,1466.0,1856.78,3.2,12538,Amazon Store,Electronics,,,2026-02-10 20:17:28,,,,banana,True,,,
,Amazon,AMZ_FB_BAN_1770729448_003_0000,banana Amazon Product 3-0,1782.0,2129.02,4.5,47621,Amazon Store,Books,,,2026-02-10 20:17:28,,,,banana,True,,,
,Amazon,AMZ_FB_BAN_1770729448_003_0001,banana Amazon Product 3-1,1280.0,1549.25,4.9,6231,Amazon Store,Electronics,,,2026-02-10 20:17:28,,,,banana,True,,,
,Amazon,AMZ_FB_BAN_1770729448_003_0002,banana Amazon Product 3-2,550.0,606.93,3.8,32764,Amazon Store,Sports,,,2026-02-10 20:17:28,,,,banana,True,,,
,Amazon,AMZ_FB_BAN_1770729448_003_0003,banana Amazon Product 3-3,435.0,552.06,4.5,9816,Amazon Store,Electronics,,,2026-02-10 20:17:28,,,,banana,True,,,
,Amazon,AMZ_FB_BAN_1770729448_003_0004,banana Amazon Product 3-4,960.0,1246.86,4.0,15093,Amazon Store,Sports,,,2026-02-10 20:17:28,,,,banana,True,,,
,Amazon,AMZ_FB_BAN_1770729448_003_0005,banana Amazon Product 3-5,1176.0,1475.0,4.1,8279,Amazon Store,Electronics,,,2026-02-10 20:17:28,,,,banana,True,,,
,Amazon,AMZ_FB_BAN_1770729448_003_0006,banana Amazon Product 3-6,958.0,1214.27,4.9,18438,Amazon Store,Home,,,2026-02-10 20:17:28,,,,banana,True,,,
,Amazon,AMZ_FB_BAN_1770729448_003_0007,banana Amazon Product 3-7,632.0,779.43,3.4,48743,Amazon Store,Sports,,,2026-02-10 20:17:28,,,,banana,True,,,
,Amazon,AMZ_FB_BAN_1770729448_004_0000,banana Amazon Product 4-0,1347.0,1592.32,4.4,38374,Amazon Store,Sports,,,2026-02-10 20:17:28,,,,banana,True,,,
,Amazon,AMZ_FB_BAN_1770729448_004_0001,banana Amazon Product 4-1,631.0,816.45,4.4,2027,Amazon Store,Books,,,2026-02-10 20:17:28,,,,banana,True,,,
,Amazon,AMZ_FB_BAN_1770729448_004_0002,banana Amazon Product 4-2,1102.0,1215.64,4.0,39328,Amazon Store,Books,,,2026-02-10 20:17:28,,,,banana,True,,,
,Amazon,AMZ_FB_BAN_1770729448_004_0003,banana Amazon Product 4-3,1683.0,1974.5,4.4,29593,Amazon Store,Electronics,,,2026-02-10 20:17:28,,,,banana,True,,,
,Amazon,AMZ_FB_BAN_1770729448_004_0004,banana Amazon Product 4-4,727.0,828.07,3.0,34987,Amazon Store,Sports,,,2026-02-10 20:17:28,,,,banana,True,,,
,Amazon,AMZ_FB_BAN_1770729448_005_0000,banana Amazon Product 5-0,1880.0,2277.29,3.1,29914,Amazon Store,Home,,,2026-02-10 20:17:28,,,,banana,True,,,
,Amazon,AMZ_FB_BAN_1770729448_005_0001,banana Amazon Product 5-1,1999.0,2221.25,3.4,10231,Amazon Store,Home,,,2026-02-10 20:17:28,,,,banana,True,,,
,Amazon,AMZ_FB_BAN_1770729448_005_0002,banana Amazon Product 5-2,952.0,1115.26,3.6,42276,Amazon Store,Books,,,2026-02-10 20:17:28,,,,banana,True,,,
,Amazon,AMZ_FB_BAN_1770729448_005_0003,banana Amazon Product 5-3,1969.0,2435.41,4.5,5591,Amazon Store,Home,,,2026-02-10 20:17:28,,,,banana,True,,,
,Amazon,AMZ_FB_BAN_1770729448_005_0004,banana Amazon Product 5-4,1657.0,2024.43,4.9,28728,Amazon Store,Clothing,,,2026-02-10 20:17:28,,,,banana,True,,,
,Amazon,AMZ_FB_BAN_1770729448_005_0005,banana Amazon Product 5-5,1625.0,1986.33,4.6,24618,Amazon Store,Books,,,2026-02-10 20:17:28,,,,banana,True,,,
,Amazon,AMZ_FB_BAN_1770729448_005_0006,banana Amazon Product 5-6,1339.0,1599.2,3.7,6462,Amazon Store,Electronics,,,2026-02-10 20:17:28,,,,banana,True,,,
,Amazon,AMZ_FB_BAN_1770729448_005_0007,banana Amazon Product 5-7,179.0,198.61,4.7,20918,Amazon Store,Home,,,2026-02-10 20:17:28,,,,banana,True,,,
,Amazon,AMZ_FB_BAN_1770729448_005_0008,banana Amazon Product 5-8,659.0,797.05,3.0,21233,Amazon Store,Electronics,,,2026-02-10 20:17:28,,,,banana,True,,,
,JD.com,JD_FB_BAN_1770729448_001_0000,banana JD商品 1-0,1779.0,2156.47,4.4,79424,授权专卖店,运动户外,,,2026-02-10 20:17:28,,,,banana,True,,,
,JD.com,JD_FB_BAN_1770729448_001_0001,banana JD商品 1-1,3438.0,3999.19,4.7,57841,品牌旗舰店,家居,,,2026-02-10 20:17:28,,,,banana,True,,,
,JD.com,JD_FB_BAN_1770729448_001_0002,banana JD商品 1-2,3664.0,4588.66,4.8,48940,授权专卖店,运动户外,,,2026-02-10 20:17:28,,,,banana,True,,,
,JD.com,JD_FB_BAN_1770729448_001_0003,banana JD商品 1-3,1724.0,2218.97,4.1,95071,授权专卖店,运动户外,,,2026-02-10 20:17:28,,,,banana,True,,,
,JD.com,JD_FB_BAN_1770729448_001_0004,banana JD商品 1-4,2915.0,3419.42,4.8,16586,JD自营,图书,,,2026-02-10 20:17:28,,,,banana,True,,,
,JD.com,JD_FB_BAN_1770729448_002_0000,banana JD商品 2-0,3679.0,4260.21,4.6,96689,授权专卖店,服装,,,2026-02-10 20:17:28,,,,banana,True,,,
,JD.com,JD_FB_BAN_1770729448_002_0001,banana JD商品 2-1,3638.0,4205.72,3.6,5672,品牌旗舰店,电子产品,,,2026-02-10 20:17:28,,,,banana,True,,,
,JD.com,JD_FB_BAN_1770729448_002_0002,banana JD商品 2-2,3454.0,4217.62,4.7,77796,JD自营,运动户外,,,2026-02-10 20:17:28,,,,banana,True,,,
,JD.com,JD_FB_BAN_1770729448_002_0003,banana JD商品 2-3,3972.0,4725.11,4.7,12799,授权专卖店,服装,,,2026-02-10 20:17:28,,,,banana,True,,,
,JD.com,JD_FB_BAN_1770729448_003_0000,banana JD商品 3-0,2343.0,2699.01,4.8,45527,授权专卖店,运动户外,,,2026-02-10 20:17:28,,,,banana,True,,,
,JD.com,JD_FB_BAN_1770729448_003_0001,banana JD商品 3-1,3761.0,4888.92,4.1,9037,品牌旗舰店,电子产品,,,2026-02-10 20:17:28,,,,banana,True,,,
,JD.com,JD_FB_BAN_1770729448_003_0002,banana JD商品 3-2,3427.0,4294.23,4.4,62227,品牌旗舰店,服装,,,2026-02-10 20:17:28,,,,banana,True,,,
,JD.com,JD_FB_BAN_1770729448_003_0003,banana JD商品 3-3,3446.0,4130.27,4.6,92409,JD自营,电子产品,,,2026-02-10 20:17:28,,,,banana,True,,,
,JD.com,JD_FB_BAN_1770729448_003_0004,banana JD商品 3-4,4871.0,5511.47,4.5,38145,品牌旗舰店,电子产品,,,2026-02-10 20:17:28,,,,banana,True,,,
,JD.com,JD_FB_BAN_1770729448_004_0000,banana JD商品 4-0,2360.0,2964.28,3.7,93393,授权专卖店,图书,,,2026-02-10 20:17:28,,,,banana,True,,,
,JD.com,JD_FB_BAN_1770729448_004_0001,banana JD商品 4-1,4213.0,4811.91,4.9,80151,JD自营,图书,,,2026-02-10 20:17:28,,,,banana,True,,,
,JD.com,JD_FB_BAN_1770729448_004_0002,banana JD商品 4-2,2648.0,2991.05,4.3,50206,品牌旗舰店,图书,,,2026-02-10 20:17:28,,,,banana,True,,,
,JD.com,JD_FB_BAN_1770729448_004_0003,banana JD商品 4-3,4079.0,4749.05,4.7,57996,品牌旗舰店,电子产品,,,2026-02-10 20:17:28,,,,banana,True,,,
,JD.com,JD_FB_BAN_1770729448_004_0004,banana JD商品 4-4,630.0,756.28,4.9,58443,品牌旗舰店,服装,,,2026-02-10 20:17:28,,,,banana,True,,,
,JD.com,JD_FB_BAN_1770729448_004_0005,banana JD商品 4-5,1020.0,1268.85,4.7,6143,授权专卖店,电子产品,,,2026-02-10 20:17:28,,,,banana,True,,,
,JD.com,JD_FB_BAN_1770729448_004_0006,banana JD商品 4-6,2831.0,3518.5,4.8,96112,JD自营,图书,,,2026-02-10 20:17:28,,,,banana,True,,,
,JD.com,JD_FB_BAN_1770729448_005_0000,banana JD商品 5-0,1562.0,2029.75,3.6,97724,品牌旗舰店,家居,,,2026-02-10 20:17:28,,,,banana,True,,,
,JD.com,JD_FB_BAN_1770729448_005_0001,banana JD商品 5-1,2747.0,3311.55,4.7,32466,品牌旗舰店,运动户外,,,2026-02-10 20:17:28,,,,banana,True,,,
,JD.com,JD_FB_BAN_1770729448_005_0002,banana JD商品 5-2,4620.0,5515.07,3.8,14992,授权专卖店,电子产品,,,2026-02-10 20:17:28,,,,banana,True,,,
,JD.com,JD_FB_BAN_1770729448_005_0003,banana JD商品 5-3,760.0,920.88,4.8,45894,品牌旗舰店,运动户外,,,2026-02-10 20:17:28,,,,banana,True,,,
,Amazon,AMZ_FB_DON_1770731464_001_0000,donald duck Amazon Product 1-0,142.0,159.98,4.8,27332,Amazon Store,Home,,,2026-02-10 20:51:04,,,,donald duck,True,,,
,Amazon,AMZ_FB_DON_1770731464_001_0001,donald duck Amazon Product 1-1,405.0,511.51,3.6,24943,Amazon Store,Sports,,,2026-02-10 20:51:04,,,,donald duck,True,,,
,Amazon,AMZ_FB_DON_1770731464_001_0002,donald duck Amazon Product 1-2,1954.0,2424.27,3.6,15588,Amazon Store,Home,,,2026-02-10 20:51:04,,,,donald duck,True,,,
,Amazon,AMZ_FB_DON_1770731464_001_0003,donald duck Amazon Product 1-3,525.0,659.13,4.8,21559,Amazon Store,Home,,,2026-02-10 20:51:04,,,,donald duck,True,,,
,Amazon,AMZ_FB_DON_1770731464_001_0004,donald duck Amazon Product 1-4,1419.0,1620.28,3.1,2458,Amazon Store,Electronics,,,2026-02-10 20:51:04,,,,donald duck,True,,,
,Amazon,AMZ_FB_DON_1770731464_001_0005,donald duck Amazon Product 1-5,317.0,376.14,4.4,8049,Amazon Store,Electronics,,,2026-02-10 20:51:04,,,,donald duck,True,,,
,Amazon,AMZ_FB_DON_1770731464_001_0006,donald duck Amazon Product 1-6,390.0,505.92,4.7,20063,Amazon Store,Clothing,,,2026-02-10 20:51:04,,,,donald duck,True,,,
,Amazon,AMZ_FB_DON_1770731464_001_0007,donald duck Amazon Product 1-7,479.0,604.06,3.1,40354,Amazon Store,Clothing,,,2026-02-10 20:51:04,,,,donald duck,True,,,
,Amazon,AMZ_FB_DON_1770731464_002_0000,donald duck Amazon Product 2-0,157.0,202.96,4.3,16424,Amazon Store,Clothing,,,2026-02-10 20:51:04,,,,donald duck,True,,,
,Amazon,AMZ_FB_DON_1770731464_002_0001,donald duck Amazon Product 2-1,1016.0,1239.35,3.4,43617,Amazon Store,Clothing,,,2026-02-10 20:51:04,,,,donald duck,True,,,
,Amazon,AMZ_FB_DON_1770731464_002_0002,donald duck Amazon Product 2-2,262.0,321.76,4.7,1207,Amazon Store,Books,,,2026-02-10 20:51:04,,,,donald duck,True,,,
,Amazon,AMZ_FB_DON_1770731464_002_0003,donald duck Amazon Product 2-3,901.0,1148.84,3.7,23494,Amazon Store,Sports,,,2026-02-10 20:51:04,,,,donald duck,True,,,
,Amazon,AMZ_FB_DON_1770731464_002_0004,donald duck Amazon Product 2-4,770.0,934.13,4.9,38109,Amazon Store,Home,,,2026-02-10 20:51:04,,,,donald duck,True,,,
,Amazon,AMZ_FB_DON_1770731464_002_0005,donald duck Amazon Product 2-5,836.0,934.93,3.7,6785,Amazon Store,Home,,,2026-02-10 20:51:04,,,,donald duck,True,,,
,Amazon,AMZ_FB_DON_1770731464_002_0006,donald duck Amazon Product 2-6,1415.0,1626.42,3.7,22517,Amazon Store,Sports,,,2026-02-10 20:51:04,,,,donald duck,True,,,
,Amazon,AMZ_FB_DON_1770731464_002_0007,donald duck Amazon Product 2-7,298.0,373.18,4.6,3203,Amazon Store,Books,,,2026-02-10 20:51:04,,,,donald duck,True,,,
,Amazon,AMZ_FB_DON_1770731464_002_0008,donald duck Amazon Product 2-8,1362.0,1637.38,3.7,46653,Amazon Store,Books,,,2026-02-10 20:51:04,,,,donald duck,True,,,
,Amazon,AMZ_FB_DON_1770731464_002_0009,donald duck Amazon Product 2-9,1895.0,2175.49,3.5,31983,Amazon Store,Electronics,,,2026-02-10 20:51:04,,,,donald duck,True,,,
,Amazon,AMZ_FB_DON_1770731464_003_0000,donald duck Amazon Product 3-0,1226.0,1358.03,3.5,9593,Amazon Store,Home,,,2026-02-10 20:51:04,,,,donald duck,True,,,
,Amazon,AMZ_FB_DON_1770731464_003_0001,donald duck Amazon Product 3-1,161.0,198.75,3.3,42205,Amazon Store,Electronics,,,2026-02-10 20:51:04,,,,donald duck,True,,,
,Amazon,AMZ_FB_DON_1770731464_003_0002,donald duck Amazon Product 3-2,709.0,810.47,4.9,32851,Amazon Store,Electronics,,,2026-02-10 20:51:04,,,,donald duck,True,,,
,Amazon,AMZ_FB_DON_1770731464_003_0003,donald duck Amazon Product 3-3,1034.0,1153.28,4.0,34701,Amazon Store,Electronics,,,2026-02-10 20:51:04,,,,donald duck,True,,,
,Amazon,AMZ_FB_DON_1770731464_003_0004,donald duck Amazon Product 3-4,1010.0,1204.05,4.6,48842,Amazon Store,Books,,,2026-02-10 20:51:04,,,,donald duck,True,,,
,Amazon,AMZ_FB_DON_1770731464_003_0005,donald duck Amazon Product 3-5,866.0,1033.76,3.9,11439,Amazon Store,Sports,,,2026-02-10 20:51:04,,,,donald duck,True,,,
,Amazon,AMZ_FB_DON_1770731464_003_0006,donald duck Amazon Product 3-6,684.0,868.05,3.9,16748,Amazon Store,Electronics,,,2026-02-10 20:51:04,,,,donald duck,True,,,
,Amazon,AMZ_FB_DON_1770731464_003_0007,donald duck Amazon Product 3-7,1316.0,1590.18,3.6,4692,Amazon Store,Sports,,,2026-02-10 20:51:04,,,,donald duck,True,,,
,Amazon,AMZ_FB_DON_1770731464_003_0008,donald duck Amazon Product 3-8,1186.0,1341.9,4.2,38589,Amazon Store,Home,,,2026-02-10 20:51:04,,,,donald duck,True,,,
,Amazon,AMZ_FB_DON_1770731464_004_0000,donald duck Amazon Product 4-0,398.0,462.44,4.9,24912,Amazon Store,Clothing,,,2026-02-10 20:51:04,,,,donald duck,True,,,
,Amazon,AMZ_FB_DON_1770731464_004_0001,donald duck Amazon Product 4-1,642.0,726.23,4.8,29399,Amazon Store,Books,,,2026-02-10 20:51:04,,,,donald duck,True,,,
,Amazon,AMZ_FB_DON_1770731464_004_0002,donald duck Amazon Product 4-2,801.0,1034.77,4.9,14975,Amazon Store,Sports,,,2026-02-10 20:51:04,,,,donald duck,True,,,
,Amazon,AMZ_FB_DON_1770731464_004_0003,donald duck Amazon Product 4-3,1282.0,1652.02,3.2,46948,Amazon Store,Home,,,2026-02-10 20:51:04,,,,donald duck,True,,,
,Amazon,AMZ_FB_DON_1770731464_004_0004,donald duck Amazon Product 4-4,1232.0,1562.91,5.0,42041,Amazon Store,Home,,,2026-02-10 20:51:04,,,,donald duck,True,,,
,Amazon,AMZ_FB_DON_1770731464_004_0005,donald duck Amazon Product 4-5,1821.0,2080.15,4.6,44358,Amazon Store,Sports,,,2026-02-10 20:51:04,,,,donald duck,True,,,
,Amazon,AMZ_FB_DON_1770731464_004_0006,donald duck Amazon Product 4-6,603.0,747.87,4.4,40434,Amazon Store,Home,,,2026-02-10 20:51:04,,,,donald duck,True,,,
,Amazon,AMZ_FB_DON_1770731464_004_0007,donald duck Amazon Product 4-7,1659.0,1927.27,3.9,12723,Amazon Store,Home,,,2026-02-10 20:51:04,,,,donald duck,True,,,
,Amazon,AMZ_FB_DON_1770731464_004_0008,donald duck Amazon Product 4-8,1635.0,1944.86,4.6,7216,Amazon Store,Sports,,,2026-02-10 20:51:04,,,,donald duck,True,,,
,Amazon,AMZ_FB_DON_1770731464_005_0000,donald duck Amazon Product 5-0,360.0,460.96,4.6,26319,Amazon Store,Sports,,,2026-02-10 20:51:04,,,,donald duck,True,,,
,Amazon,AMZ_FB_DON_1770731464_005_0001,donald duck Amazon Product 5-1,853.0,958.38,4.6,44607,Amazon Store,Home,,,2026-02-10 20:51:04,,,,donald duck,True,,,
,Amazon,AMZ_FB_DON_1770731464_005_0002,donald duck Amazon Product 5-2,523.0,605.72,4.0,47022,Amazon Store,Clothing,,,2026-02-10 20:51:04,,,,donald duck,True,,,
,Amazon,AMZ_FB_DON_1770731464_005_0003,donald duck Amazon Product 5-3,1322.0,1480.1,3.0,1053,Amazon Store,Electronics,,,2026-02-10 20:51:04,,,,donald duck,True,,,
,Amazon,AMZ_FB_DON_1770731464_005_0004,donald duck Amazon Product 5-4,1870.0,2076.33,3.3,14770,Amazon Store,Home,,,2026-02-10 20:51:04,,,,donald duck,True,,,
,Amazon,AMZ_FB_DON_1770731464_005_0005,donald duck Amazon Product 5-5,1905.0,2244.82,4.9,32223,Amazon Store,Books,,,2026-02-10 20:51:04,,,,donald duck,True,,,
,Amazon,AMZ_FB_DON_1770731464_005_0006,donald duck Amazon Product 5-6,1622.0,1927.02,4.2,36822,Amazon Store,Home,,,2026-02-10 20:51:04,,,,donald duck,True,,,
,Amazon,AMZ_FB_DON_1770731464_005_0007,donald duck Amazon Product 5-7,1501.0,1765.45,4.2,20457,Amazon Store,Sports,,,2026-02-10 20:51:04,,,,donald duck,True,,,
,Amazon,AMZ_FB_DON_1770731464_005_0008,donald duck Amazon Product 5-8,432.0,495.52,3.5,49407,Amazon Store,Electronics,,,2026-02-10 20:51:04,,,,donald duck,True,,,
,JD.com,JD_FB_DON_1770731464_001_0000,donald duck JD商品 1-0,1525.0,1911.95,4.0,99807,授权专卖店,服装,,,2026-02-10 20:51:04,,,,donald duck,True,,,
,JD.com,JD_FB_DON_1770731464_001_0001,donald duck JD商品 1-1,3018.0,3421.32,4.3,68932,JD自营,图书,,,2026-02-10 20:51:04,,,,donald duck,True,,,
,JD.com,JD_FB_DON_1770731464_001_0002,donald duck JD商品 1-2,3295.0,3937.52,3.7,18307,品牌旗舰店,家居,,,2026-02-10 20:51:04,,,,donald duck,True,,,
,JD.com,JD_FB_DON_1770731464_001_0003,donald duck JD商品 1-3,3787.0,4429.94,4.0,89751,品牌旗舰店,电子产品,,,2026-02-10 20:51:04,,,,donald duck,True,,,
,JD.com,JD_FB_DON_1770731464_001_0004,donald duck JD商品 1-4,3363.0,3876.16,4.1,23452,品牌旗舰店,服装,,,2026-02-10 20:51:04,,,,donald duck,True,,,
,JD.com,JD_FB_DON_1770731464_002_0000,donald duck JD商品 2-0,4980.0,6304.96,3.8,20267,JD自营,图书,,,2026-02-10 20:51:04,,,,donald duck,True,,,
,JD.com,JD_FB_DON_1770731464_002_0001,donald duck JD商品 2-1,3622.0,4022.37,4.1,25179,授权专卖店,家居,,,2026-02-10 20:51:04,,,,donald duck,True,,,
,JD.com,JD_FB_DON_1770731464_002_0002,donald duck JD商品 2-2,4972.0,5871.38,3.5,78513,授权专卖店,电子产品,,,2026-02-10 20:51:04,,,,donald duck,True,,,
,JD.com,JD_FB_DON_1770731464_002_0003,donald duck JD商品 2-3,4118.0,4541.59,4.3,19416,JD自营,运动户外,,,2026-02-10 20:51:04,,,,donald duck,True,,,
,JD.com,JD_FB_DON_1770731464_002_0004,donald duck JD商品 2-4,3763.0,4155.6,3.8,3731,授权专卖店,运动户外,,,2026-02-10 20:51:04,,,,donald duck,True,,,
,JD.com,JD_FB_DON_1770731464_002_0005,donald duck JD商品 2-5,963.0,1161.87,4.0,86187,品牌旗舰店,家居,,,2026-02-10 20:51:04,,,,donald duck,True,,,
,JD.com,JD_FB_DON_1770731464_002_0006,donald duck JD商品 2-6,2532.0,3247.08,4.8,8458,品牌旗舰店,家居,,,2026-02-10 20:51:04,,,,donald duck,True,,,
,JD.com,JD_FB_DON_1770731464_002_0007,donald duck JD商品 2-7,2240.0,2564.13,4.6,38825,授权专卖店,图书,,,2026-02-10 20:51:04,,,,donald duck,True,,,
,JD.com,JD_FB_DON_1770731464_003_0000,donald duck JD商品 3-0,3994.0,4468.34,4.2,18868,品牌旗舰店,电子产品,,,2026-02-10 20:51:04,,,,donald duck,True,,,
,JD.com,JD_FB_DON_1770731464_003_0001,donald duck JD商品 3-1,3761.0,4657.8,4.4,14680,JD自营,运动户外,,,2026-02-10 20:51:04,,,,donald duck,True,,,
,JD.com,JD_FB_DON_1770731464_003_0002,donald duck JD商品 3-2,3269.0,3605.47,3.5,69945,授权专卖店,电子产品,,,2026-02-10 20:51:04,,,,donald duck,True,,,
,JD.com,JD_FB_DON_1770731464_003_0003,donald duck JD商品 3-3,1011.0,1156.6,4.6,8619,授权专卖店,服装,,,2026-02-10 20:51:04,,,,donald duck,True,,,
,JD.com,JD_FB_DON_1770731464_003_0004,donald duck JD商品 3-4,4411.0,5505.7,3.7,56391,授权专卖店,家居,,,2026-02-10 20:51:04,,,,donald duck,True,,,
,JD.com,JD_FB_DON_1770731464_003_0005,donald duck JD商品 3-5,2129.0,2359.83,4.9,20375,JD自营,家居,,,2026-02-10 20:51:04,,,,donald duck,True,,,
,JD.com,JD_FB_DON_1770731464_003_0006,donald duck JD商品 3-6,4802.0,5316.28,3.7,17541,JD自营,家居,,,2026-02-10 20:51:04,,,,donald duck,True,,,
,JD.com,JD_FB_DON_1770731464_003_0007,donald duck JD商品 3-7,744.0,824.91,3.6,91181,品牌旗舰店,电子产品,,,2026-02-10 20:51:04,,,,donald duck,True,,,
,JD.com,JD_FB_DON_1770731464_004_0000,donald duck JD商品 4-0,1676.0,2046.06,3.8,97381,JD自营,服装,,,2026-02-10 20:51:04,,,,donald duck,True,,,
,JD.com,JD_FB_DON_1770731464_004_0001,donald duck JD商品 4-1,3810.0,4356.41,4.2,65171,授权专卖店,电子产品,,,2026-02-10 20:51:04,,,,donald duck,True,,,
,JD.com,JD_FB_DON_1770731464_004_0002,donald duck JD商品 4-2,4179.0,5383.87,4.2,71464,授权专卖店,服装,,,2026-02-10 20:51:04,,,,donald duck,True,,,
,JD.com,JD_FB_DON_1770731464_004_0003,donald duck JD商品 4-3,622.0,720.93,4.3,52181,JD自营,家居,,,2026-02-10 20:51:04,,,,donald duck,True,,,
,JD.com,JD_FB_DON_1770731464_004_0004,donald duck JD商品 4-4,2494.0,2798.22,3.7,54117,授权专卖店,图书,,,2026-02-10 20:51:04,,,,donald duck,True,,,
,JD.com,JD_FB_DON_1770731464_004_0005,donald duck JD商品 4-5,2485.0,2991.46,3.9,58873,JD自营,家居,,,2026-02-10 20:51:04,,,,donald duck,True,,,
,JD.com,JD_FB_DON_1770731464_004_0006,donald duck JD商品 4-6,4288.0,4930.85,4.1,97738,品牌旗舰店,服装,,,2026-02-10 20:51:04,,,,donald duck,True,,,
,JD.com,JD_FB_DON_1770731464_005_0000,donald duck JD商品 5-0,1847.0,2169.7,4.8,65873,品牌旗舰店,服装,,,2026-02-10 20:51:04,,,,donald duck,True,,,
,JD.com,JD_FB_DON_1770731464_005_0001,donald duck JD商品 5-1,4870.0,5634.89,4.7,54404,JD自营,服装,,,2026-02-10 20:51:04,,,,donald duck,True,,,
,JD.com,JD_FB_DON_1770731464_005_0002,donald duck JD商品 5-2,3231.0,3698.99,3.6,1718,授权专卖店,电子产品,,,2026-02-10 20:51:04,,,,donald duck,True,,,
,JD.com,JD_FB_DON_1770731464_005_0003,donald duck JD商品 5-3,4266.0,5252.27,3.9,19610,JD自营,运动户外,,,2026-02-10 20:51:04,,,,donald duck,True,,,
,JD.com,JD_FB_DON_1770731464_005_0004,donald duck JD商品 5-4,4852.0,6275.7,4.3,11359,授权专卖店,图书,,,2026-02-10 20:51:04,,,,donald duck,True,,,
,JD.com,JD_FB_DON_1770731464_005_0005,donald duck JD商品 5-5,2345.0,2675.86,4.7,16027,授权专卖店,运动户外,,,2026-02-10 20:51:04,,,,donald duck,True,,,
,Amazon,AMZ_FB_MAR_1770731523_001_0000,mario doll Amazon Product 1-0,1992.0,2506.93,3.3,38838,Amazon Store,Sports,,,2026-02-10 20:52:03,,,,mario doll,True,,,
,Amazon,AMZ_FB_MAR_1770731523_001_0001,mario doll Amazon Product 1-1,992.0,1102.68,4.2,39985,Amazon Store,Electronics,,,2026-02-10 20:52:03,,,,mario doll,True,,,
,Amazon,AMZ_FB_MAR_1770731523_001_0002,mario doll Amazon Product 1-2,646.0,723.03,3.9,27910,Amazon Store,Books,,,2026-02-10 20:52:03,,,,mario doll,True,,,
,Amazon,AMZ_FB_MAR_1770731523_001_0003,mario doll Amazon Product 1-3,236.0,283.62,3.5,16131,Amazon Store,Electronics,,,2026-02-10 20:52:03,,,,mario doll,True,,,
,Amazon,AMZ_FB_MAR_1770731523_001_0004,mario doll Amazon Product 1-4,1087.0,1274.23,3.5,8430,Amazon Store,Books,,,2026-02-10 20:52:03,,,,mario doll,True,,,
,Amazon,AMZ_FB_MAR_1770731523_001_0005,mario doll Amazon Product 1-5,890.0,1088.56,4.8,37724,Amazon Store,Books,,,2026-02-10 20:52:03,,,,mario doll,True,,,
,Amazon,AMZ_FB_MAR_1770731523_001_0006,mario doll Amazon Product 1-6,156.0,188.78,4.2,31663,Amazon Store,Electronics,,,2026-02-10 20:52:03,,,,mario doll,True,,,
,Amazon,AMZ_FB_MAR_1770731523_001_0007,mario doll Amazon Product 1-7,1067.0,1197.34,4.7,25365,Amazon Store,Sports,,,2026-02-10 20:52:03,,,,mario doll,True,,,
,Amazon,AMZ_FB_MAR_1770731523_001_0008,mario doll Amazon Product 1-8,816.0,974.67,4.9,31805,Amazon Store,Sports,,,2026-02-10 20:52:03,,,,mario doll,True,,,
,Amazon,AMZ_FB_MAR_1770731523_002_0000,mario doll Amazon Product 2-0,1947.0,2455.54,3.6,7159,Amazon Store,Electronics,,,2026-02-10 20:52:03,,,,mario doll,True,,,
,Amazon,AMZ_FB_MAR_1770731523_002_0001,mario doll Amazon Product 2-1,1258.0,1632.78,4.1,2069,Amazon Store,Clothing,,,2026-02-10 20:52:03,,,,mario doll,True,,,
,Amazon,AMZ_FB_MAR_1770731523_002_0002,mario doll Amazon Product 2-2,1191.0,1423.9,3.2,12080,Amazon Store,Clothing,,,2026-02-10 20:52:03,,,,mario doll,True,,,
,Amazon,AMZ_FB_MAR_1770731523_002_0003,mario doll Amazon Product 2-3,992.0,1167.4,3.8,17352,Amazon Store,Books,,,2026-02-10 20:52:03,,,,mario doll,True,,,
,Amazon,AMZ_FB_MAR_1770731523_002_0004,mario doll Amazon Product 2-4,1257.0,1570.57,4.8,27193,Amazon Store,Electronics,,,2026-02-10 20:52:03,,,,mario doll,True,,,
,Amazon,AMZ_FB_MAR_1770731523_002_0005,mario doll Amazon Product 2-5,1046.0,1324.75,4.2,23019,Amazon Store,Clothing,,,2026-02-10 20:52:03,,,,mario doll,True,,,
,Amazon,AMZ_FB_MAR_1770731523_002_0006,mario doll Amazon Product 2-6,661.0,857.53,3.3,34473,Amazon Store,Electronics,,,2026-02-10 20:52:03,,,,mario doll,True,,,
,Amazon,AMZ_FB_MAR_1770731523_002_0007,mario doll Amazon Product 2-7,1405.0,1810.04,3.3,30785,Amazon Store,Books,,,2026-02-10 20:52:03,,,,mario doll,True,,,
,Amazon,AMZ_FB_MAR_1770731523_003_0000,mario doll Amazon Product 3-0,1995.0,2356.03,3.7,26038,Amazon Store,Home,,,2026-02-10 20:52:03,,,,mario doll,True,,,
,Amazon,AMZ_FB_MAR_1770731523_003_0001,mario doll Amazon Product 3-1,1269.0,1413.96,3.9,23654,Amazon Store,Sports,,,2026-02-10 20:52:03,,,,mario doll,True,,,
,Amazon,AMZ_FB_MAR_1770731523_003_0002,mario doll Amazon Product 3-2,485.0,559.22,4.0,39117,Amazon Store,Books,,,2026-02-10 20:52:03,,,,mario doll,True,,,
,Amazon,AMZ_FB_MAR_1770731523_003_0003,mario doll Amazon Product 3-3,506.0,645.81,3.7,17602,Amazon Store,Home,,,2026-02-10 20:52:03,,,,mario doll,True,,,
,Amazon,AMZ_FB_MAR_1770731523_003_0004,mario doll Amazon Product 3-4,173.0,211.05,3.6,36835,Amazon Store,Sports,,,2026-02-10 20:52:03,,,,mario doll,True,,,
,Amazon,AMZ_FB_MAR_1770731523_004_0000,mario doll Amazon Product 4-0,500.0,585.05,3.3,21094,Amazon Store,Clothing,,,2026-02-10 20:52:03,,,,mario doll,True,,,
,Amazon,AMZ_FB_MAR_1770731523_004_0001,mario doll Amazon Product 4-1,325.0,383.51,3.7,46528,Amazon Store,Sports,,,2026-02-10 20:52:03,,,,mario doll,True,,,
,Amazon,AMZ_FB_MAR_1770731523_004_0002,mario doll Amazon Product 4-2,512.0,574.07,4.3,4151,Amazon Store,Home,,,2026-02-10 20:52:03,,,,mario doll,True,,,
,Amazon,AMZ_FB_MAR_1770731523_004_0003,mario doll Amazon Product 4-3,854.0,963.95,4.0,3823,Amazon Store,Electronics,,,2026-02-10 20:52:03,,,,mario doll,True,,,
,Amazon,AMZ_FB_MAR_1770731523_004_0004,mario doll Amazon Product 4-4,954.0,1222.44,3.5,47275,Amazon Store,Clothing,,,2026-02-10 20:52:03,,,,mario doll,True,,,
,Amazon,AMZ_FB_MAR_1770731523_004_0005,mario doll Amazon Product 4-5,831.0,956.19,3.3,35593,Amazon Store,Books,,,2026-02-10 20:52:03,,,,mario doll,True,,,
,Amazon,AMZ_FB_MAR_1770731523_004_0006,mario doll Amazon Product 4-6,518.0,615.08,4.4,35481,Amazon Store,Clothing,,,2026-02-10 20:52:03,,,,mario doll,True,,,
,Amazon,AMZ_FB_MAR_1770731523_005_0000,mario doll Amazon Product 5-0,108.0,138.81,3.7,38916,Amazon Store,Sports,,,2026-02-10 20:52:03,,,,mario doll,True,,,
,Amazon,AMZ_FB_MAR_1770731523_005_0001,mario doll Amazon Product 5-1,1746.0,2153.92,4.9,40692,Amazon Store,Clothing,,,2026-02-10 20:52:03,,,,mario doll,True,,,
,Amazon,AMZ_FB_MAR_1770731523_005_0002,mario doll Amazon Product 5-2,1306.0,1588.51,4.3,29289,Amazon Store,Sports,,,2026-02-10 20:52:03,,,,mario doll,True,,,
,Amazon,AMZ_FB_MAR_1770731523_005_0003,mario doll Amazon Product 5-3,371.0,475.57,3.7,29011,Amazon Store,Home,,,2026-02-10 20:52:03,,,,mario doll,True,,,
,Amazon,AMZ_FB_MAR_1770731523_005_0004,mario doll Amazon Product 5-4,126.0,158.4,4.6,28902,Amazon Store,Books,,,2026-02-10 20:52:03,,,,mario doll,True,,,
,JD.com,JD_FB_MAR_1770731523_001_0000,mario doll JD商品 1-0,3629.0,4530.33,4.9,2297,品牌旗舰店,电子产品,,,2026-02-10 20:52:03,,,,mario doll,True,,,
,JD.com,JD_FB_MAR_1770731523_001_0001,mario doll JD商品 1-1,2951.0,3508.76,4.2,8302,JD自营,服装,,,2026-02-10 20:52:03,,,,mario doll,True,,,
,JD.com,JD_FB_MAR_1770731523_001_0002,mario doll JD商品 1-2,1510.0,1960.43,4.9,1998,品牌旗舰店,图书,,,2026-02-10 20:52:03,,,,mario doll,True,,,
,JD.com,JD_FB_MAR_1770731523_001_0003,mario doll JD商品 1-3,4336.0,5515.95,3.5,43997,JD自营,服装,,,2026-02-10 20:52:03,,,,mario doll,True,,,
,JD.com,JD_FB_MAR_1770731523_001_0004,mario doll JD商品 1-4,1925.0,2167.95,3.8,88092,授权专卖店,图书,,,2026-02-10 20:52:03,,,,mario doll,True,,,
,JD.com,JD_FB_MAR_1770731523_001_0005,mario doll JD商品 1-5,2703.0,3359.63,3.5,29485,JD自营,家居,,,2026-02-10 20:52:03,,,,mario doll,True,,,
,JD.com,JD_FB_MAR_1770731523_001_0006,mario doll JD商品 1-6,3742.0,4361.41,4.8,55290,JD自营,电子产品,,,2026-02-10 20:52:03,,,,mario doll,True,,,
,JD.com,JD_FB_MAR_1770731523_002_0000,mario doll JD商品 2-0,2056.0,2306.04,4.2,68218,品牌旗舰店,家居,,,2026-02-10 20:52:03,,,,mario doll,True,,,
,JD.com,JD_FB_MAR_1770731523_002_0001,mario doll JD商品 2-1,2911.0,3339.74,4.2,61299,授权专卖店,图书,,,2026-02-10 20:52:03,,,,mario doll,True,,,
,JD.com,JD_FB_MAR_1770731523_002_0002,mario doll JD商品 2-2,3861.0,4659.83,4.3,32860,授权专卖店,电子产品,,,2026-02-10 20:52:03,,,,mario doll,True,,,
,JD.com,JD_FB_MAR_1770731523_002_0003,mario doll JD商品 2-3,3821.0,4684.59,4.4,17531,JD自营,图书,,,2026-02-10 20:52:03,,,,mario doll,True,,,
,JD.com,JD_FB_MAR_1770731523_002_0004,mario doll JD商品 2-4,4808.0,6223.37,4.5,76873,授权专卖店,家居,,,2026-02-10 20:52:03,,,,mario doll,True,,,
,JD.com,JD_FB_MAR_1770731523_002_0005,mario doll JD商品 2-5,2402.0,2689.39,4.2,64843,JD自营,服装,,,2026-02-10 20:52:03,,,,mario doll,True,,,
,JD.com,JD_FB_MAR_1770731523_002_0006,mario doll JD商品 2-6,733.0,839.36,3.7,49886,品牌旗舰店,服装,,,2026-02-10 20:52:03,,,,mario doll,True,,,
,JD.com,JD_FB_MAR_1770731523_002_0007,mario doll JD商品 2-7,4713.0,5963.84,3.5,53649,品牌旗舰店,电子产品,,,2026-02-10 20:52:03,,,,mario doll,True,,,
,JD.com,JD_FB_MAR_1770731523_003_0000,mario doll JD商品 3-0,2475.0,2930.56,4.1,41219,授权专卖店,电子产品,,,2026-02-10 20:52:03,,,,mario doll,True,,,
,JD.com,JD_FB_MAR_1770731523_003_0001,mario doll JD商品 3-1,2615.0,3023.4,4.6,29909,品牌旗舰店,运动户外,,,2026-02-10 20:52:03,,,,mario doll,True,,,
,JD.com,JD_FB_MAR_1770731523_003_0002,mario doll JD商品 3-2,3378.0,3971.04,4.6,92998,授权专卖店,服装,,,2026-02-10 20:52:03,,,,mario doll,True,,,
,JD.com,JD_FB_MAR_1770731523_003_0003,mario doll JD商品 3-3,1079.0,1366.34,4.9,17982,JD自营,图书,,,2026-02-10 20:52:03,,,,mario doll,True,,,
,JD.com,JD_FB_MAR_1770731523_003_0004,mario doll JD商品 3-4,1910.0,2279.98,4.8,78437,JD自营,家居,,,2026-02-10 20:52:03,,,,mario doll,True,,,
,JD.com,JD_FB_MAR_1770731523_003_0005,mario doll JD商品 3-5,1717.0,1999.1,4.1,37347,品牌旗舰店,家居,,,2026-02-10 20:52:03,,,,mario doll,True,,,
,JD.com,JD_FB_MAR_1770731523_004_0000,mario doll JD商品 4-0,1373.0,1678.5,4.9,4766,JD自营,运动户外,,,2026-02-10 20:52:03,,,,mario doll,True,,,
,JD.com,JD_FB_MAR_1770731523_004_0001,mario doll JD商品 4-1,2455.0,2961.8,4.0,11220,品牌旗舰店,服装,,,2026-02-10 20:52:03,,,,mario doll,True,,,
,JD.com,JD_FB_MAR_1770731523_004_0002,mario doll JD商品 4-2,2089.0,2711.78,3.8,14383,品牌旗舰店,电子产品,,,2026-02-10 20:52:03,,,,mario doll,True,,,
,JD.com,JD_FB_MAR_1770731523_004_0003,mario doll JD商品 4-3,3561.0,4444.76,3.9,39872,品牌旗舰店,运动户外,,,2026-02-10 20:52:03,,,,mario doll,True,,,
,JD.com,JD_FB_MAR_1770731523_004_0004,mario doll JD商品 4-4,2874.0,3682.64,3.6,88362,授权专卖店,家居,,,2026-02-10 20:52:03,,,,mario doll,True,,,
,JD.com,JD_FB_MAR_1770731523_005_0000,mario doll JD商品 5-0,1749.0,2256.84,4.2,42139,品牌旗舰店,图书,,,2026-02-10 20:52:03,,,,mario doll,True,,,
,JD.com,JD_FB_MAR_1770731523_005_0001,mario doll JD商品 5-1,1015.0,1278.83,4.0,86598,品牌旗舰店,服装,,,2026-02-10 20:52:03,,,,mario doll,True,,,
,JD.com,JD_FB_MAR_1770731523_005_0002,mario doll JD商品 5-2,3370.0,3787.78,3.5,78856,JD自营,家居,,,2026-02-10 20:52:03,,,,mario doll,True,,,
,JD.com,JD_FB_MAR_1770731523_005_0003,mario doll JD商品 5-3,989.0,1144.8,3.6,27186,授权专卖店,服装,,,2026-02-10 20:52:03,,,,mario doll,True,,,
,JD.com,JD_FB_MAR_1770731523_005_0004,mario doll JD商品 5-4,3174.0,4076.53,3.9,97070,品牌旗舰店,运动户外,,,2026-02-10 20:52:03,,,,mario doll,True,,,
,Amazon,AMZ_FB_AER_1770735648_001_0000,aeroplane Amazon Product 1-0,719.0,802.98,4.8,9149,Amazon Store,Electronics,,,2026-02-10 22:00:48,,,,aeroplane,True,,,
,Amazon,AMZ_FB_AER_1770735648_001_0001,aeroplane Amazon Product 1-1,1423.0,1632.21,3.1,32941,Amazon Store,Electronics,,,2026-02-10 22:00:48,,,,aeroplane,True,,,
,Amazon,AMZ_FB_AER_1770735648_001_0002,aeroplane Amazon Product 1-2,954.0,1139.52,3.9,28556,Amazon Store,Home,,,2026-02-10 22:00:48,,,,aeroplane,True,,,
,Amazon,AMZ_FB_AER_1770735648_001_0003,aeroplane Amazon Product 1-3,182.0,210.91,3.8,844,Amazon Store,Sports,,,2026-02-10 22:00:48,,,,aeroplane,True,,,
,Amazon,AMZ_FB_AER_1770735648_001_0004,aeroplane Amazon Product 1-4,206.0,231.38,4.9,7816,Amazon Store,Books,,,2026-02-10 22:00:48,,,,aeroplane,True,,,
,Amazon,AMZ_FB_AER_1770735648_001_0005,aeroplane Amazon Product 1-5,1371.0,1636.61,3.8,19113,Amazon Store,Electronics,,,2026-02-10 22:00:48,,,,aeroplane,True,,,
,Amazon,AMZ_FB_AER_1770735648_001_0006,aeroplane Amazon Product 1-6,1518.0,1873.4,3.9,30256,Amazon Store,Sports,,,2026-02-10 22:00:48,,,,aeroplane,True,,,
,Amazon,AMZ_FB_AER_1770735648_001_0007,aeroplane Amazon Product 1-7,338.0,434.71,4.3,22347,Amazon Store,Sports,,,2026-02-10 22:00:48,,,,aeroplane,True,,,
,Amazon,AMZ_FB_AER_1770735648_001_0008,aeroplane Amazon Product 1-8,1717.0,2033.18,4.6,28002,Amazon Store,Electronics,,,2026-02-10 22:00:48,,,,aeroplane,True,,,
,Amazon,AMZ_FB_AER_1770735648_001_0009,aeroplane Amazon Product 1-9,1875.0,2216.55,4.9,26719,Amazon Store,Books,,,2026-02-10 22:00:48,,,,aeroplane,True,,,
,Amazon,AMZ_FB_AER_1770735648_002_0000,aeroplane Amazon Product 2-0,680.0,792.52,4.7,157,Amazon Store,Books,,,2026-02-10 22:00:48,,,,aeroplane,True,,,
,Amazon,AMZ_FB_AER_1770735648_002_0001,aeroplane Amazon Product 2-1,1261.0,1616.74,3.2,34061,Amazon Store,Books,,,2026-02-10 22:00:48,,,,aeroplane,True,,,
,Amazon,AMZ_FB_AER_1770735648_002_0002,aeroplane Amazon Product 2-2,1065.0,1348.33,4.5,48461,Amazon Store,Sports,,,2026-02-10 22:00:48,,,,aeroplane,True,,,
,Amazon,AMZ_FB_AER_1770735648_002_0003,aeroplane Amazon Product 2-3,786.0,908.79,3.9,26610,Amazon Store,Electronics,,,2026-02-10 22:00:48,,,,aeroplane,True,,,
,Amazon,AMZ_FB_AER_1770735648_002_0004,aeroplane Amazon Product 2-4,1416.0,1580.03,4.1,35792,Amazon Store,Books,,,2026-02-10 22:00:48,,,,aeroplane,True,,,
,Amazon,AMZ_FB_AER_1770735648_002_0005,aeroplane Amazon Product 2-5,168.0,186.94,4.6,10539,Amazon Store,Books,,,2026-02-10 22:00:48,,,,aeroplane,True,,,
,Amazon,AMZ_FB_AER_1770735648_002_0006,aeroplane Amazon Product 2-6,1363.0,1757.59,4.5,22865,Amazon Store,Sports,,,2026-02-10 22:00:48,,,,aeroplane,True,,,
,Amazon,AMZ_FB_AER_1770735648_003_0000,aeroplane Amazon Product 3-0,1076.0,1327.98,4.0,5100,Amazon Store,Electronics,,,2026-02-10 22:00:48,,,,aeroplane,True,,,
,Amazon,AMZ_FB_AER_1770735648_003_0001,aeroplane Amazon Product 3-1,980.0,1199.5,4.0,4046,Amazon Store,Home,,,2026-02-10 22:00:48,,,,aeroplane,True,,,
,Amazon,AMZ_FB_AER_1770735648_003_0002,aeroplane Amazon Product 3-2,1075.0,1247.8,3.4,7336,Amazon Store,Home,,,2026-02-10 22:00:48,,,,aeroplane,True,,,
,Amazon,AMZ_FB_AER_1770735648_003_0003,aeroplane Amazon Product 3-3,302.0,337.68,3.3,13652,Amazon Store,Home,,,2026-02-10 22:00:48,,,,aeroplane,True,,,
,Amazon,AMZ_FB_AER_1770735648_003_0004,aeroplane Amazon Product 3-4,976.0,1148.88,4.2,10330,Amazon Store,Clothing,,,2026-02-10 22:00:48,,,,aeroplane,True,,,
,Amazon,AMZ_FB_AER_1770735648_003_0005,aeroplane Amazon Product 3-5,1947.0,2195.6,4.9,34771,Amazon Store,Clothing,,,2026-02-10 22:00:48,,,,aeroplane,True,,,
,Amazon,AMZ_FB_AER_1770735648_004_0000,aeroplane Amazon Product 4-0,1500.0,1942.9,4.2,26272,Amazon Store,Sports,,,2026-02-10 22:00:48,,,,aeroplane,True,,,
,Amazon,AMZ_FB_AER_1770735648_004_0001,aeroplane Amazon Product 4-1,1223.0,1496.43,3.7,24461,Amazon Store,Electronics,,,2026-02-10 22:00:48,,,,aeroplane,True,,,
,Amazon,AMZ_FB_AER_1770735648_004_0002,aeroplane Amazon Product 4-2,1873.0,2295.23,3.0,9297,Amazon Store,Sports,,,2026-02-10 22:00:48,,,,aeroplane,True,,,
,Amazon,AMZ_FB_AER_1770735648_004_0003,aeroplane Amazon Product 4-3,378.0,431.18,5.0,15033,Amazon Store,Books,,,2026-02-10 22:00:48,,,,aeroplane,True,,,
,Amazon,AMZ_FB_AER_1770735648_004_0004,aeroplane Amazon Product 4-4,1360.0,1523.73,4.3,8801,Amazon Store,Home,,,2026-02-10 22:00:48,,,,aeroplane,True,,,
,Amazon,AMZ_FB_AER_1770735648_005_0000,aeroplane Amazon Product 5-0,1075.0,1293.63,3.1,45584,Amazon Store,Electronics,,,2026-02-10 22:00:48,,,,aeroplane,True,,,
,Amazon,AMZ_FB_AER_1770735648_005_0001,aeroplane Amazon Product 5-1,632.0,723.51,4.8,8575,Amazon Store,Electronics,,,2026-02-10 22:00:48,,,,aeroplane,True,,,
,Amazon,AMZ_FB_AER_1770735648_005_0002,aeroplane Amazon Product 5-2,718.0,880.88,4.2,38237,Amazon Store,Sports,,,2026-02-10 22:00:48,,,,aeroplane,True,,,
,Amazon,AMZ_FB_AER_1770735648_005_0003,aeroplane Amazon Product 5-3,643.0,782.59,3.9,34601,Amazon Store,Clothing,,,2026-02-10 22:00:48,,,,aeroplane,True,,,
,Amazon,AMZ_FB_AER_1770735648_005_0004,aeroplane Amazon Product 5-4,992.0,1104.24,4.2,39827,Amazon Store,Sports,,,2026-02-10 22:00:48,,,,aeroplane,True,,,
,JD.com,JD_FB_AER_1770735648_001_0000,aeroplane JD商品 1-0,1652.0,1839.58,4.3,98979,授权专卖店,电子产品,,,2026-02-10 22:00:48,,,,aeroplane,True,,,
,JD.com,JD_FB_AER_1770735648_001_0001,aeroplane JD商品 1-1,2723.0,3477.01,4.6,36340,JD自营,图书,,,2026-02-10 22:00:48,,,,aeroplane,True,,,
,JD.com,JD_FB_AER_1770735648_001_0002,aeroplane JD商品 1-2,3525.0,4281.36,4.3,85452,品牌旗舰店,家居,,,2026-02-10 22:00:48,,,,aeroplane,True,,,
,JD.com,JD_FB_AER_1770735648_001_0003,aeroplane JD商品 1-3,4133.0,4640.51,3.8,7494,授权专卖店,电子产品,,,2026-02-10 22:00:48,,,,aeroplane,True,,,
,JD.com,JD_FB_AER_1770735648_001_0004,aeroplane JD商品 1-4,1530.0,1974.36,3.6,92408,授权专卖店,图书,,,2026-02-10 22:00:48,,,,aeroplane,True,,,
,JD.com,JD_FB_AER_1770735648_001_0005,aeroplane JD商品 1-5,4905.0,5827.04,4.4,67247,品牌旗舰店,图书,,,2026-02-10 22:00:48,,,,aeroplane,True,,,
,JD.com,JD_FB_AER_1770735648_001_0006,aeroplane JD商品 1-6,1683.0,2048.38,4.6,75437,JD自营,电子产品,,,2026-02-10 22:00:48,,,,aeroplane,True,,,
,JD.com,JD_FB_AER_1770735648_001_0007,aeroplane JD商品 1-7,1523.0,1968.11,4.7,81314,JD自营,服装,,,2026-02-10 22:00:48,,,,aeroplane,True,,,
,JD.com,JD_FB_AER_1770735648_002_0000,aeroplane JD商品 2-0,3672.0,4085.7,4.7,81146,品牌旗舰店,家居,,,2026-02-10 22:00:48,,,,aeroplane,True,,,
,JD.com,JD_FB_AER_1770735648_002_0001,aeroplane JD商品 2-1,4065.0,5103.17,4.6,19529,品牌旗舰店,家居,,,2026-02-10 22:00:48,,,,aeroplane,True,,,
,JD.com,JD_FB_AER_1770735648_002_0002,aeroplane JD商品 2-2,3391.0,4332.05,4.0,69946,品牌旗舰店,运动户外,,,2026-02-10 22:00:48,,,,aeroplane,True,,,
,JD.com,JD_FB_AER_1770735648_002_0003,aeroplane JD商品 2-3,1274.0,1526.96,4.2,47057,授权专卖店,图书,,,2026-02-10 22:00:48,,,,aeroplane,True,,,
,JD.com,JD_FB_AER_1770735648_002_0004,aeroplane JD商品 2-4,785.0,933.0,4.6,43784,品牌旗舰店,运动户外,,,2026-02-10 22:00:48,,,,aeroplane,True,,,
,JD.com,JD_FB_AER_1770735648_002_0005,aeroplane JD商品 2-5,2838.0,3432.78,4.5,67735,授权专卖店,电子产品,,,2026-02-10 22:00:48,,,,aeroplane,True,,,
,JD.com,JD_FB_AER_1770735648_002_0006,aeroplane JD商品 2-6,1468.0,1803.76,3.6,74019,授权专卖店,电子产品,,,2026-02-10 22:00:48,,,,aeroplane,True,,,
,JD.com,JD_FB_AER_1770735648_003_0000,aeroplane JD商品 3-0,3974.0,4898.42,4.7,26652,JD自营,图书,,,2026-02-10 22:00:48,,,,aeroplane,True,,,
,JD.com,JD_FB_AER_1770735648_003_0001,aeroplane JD商品 3-1,1767.0,2038.14,3.7,44196,JD自营,家居,,,2026-02-10 22:00:48,,,,aeroplane,True,,,
,JD.com,JD_FB_AER_1770735648_003_0002,aeroplane JD商品 3-2,1299.0,1611.28,4.8,80519,授权专卖店,图书,,,2026-02-10 22:00:48,,,,aeroplane,True,,,
,JD.com,JD_FB_AER_1770735648_003_0003,aeroplane JD商品 3-3,841.0,1072.04,4.1,87221,授权专卖店,运动户外,,,2026-02-10 22:00:48,,,,aeroplane,True,,,
,JD.com,JD_FB_AER_1770735648_003_0004,aeroplane JD商品 3-4,2433.0,2860.15,4.9,53502,品牌旗舰店,家居,,,2026-02-10 22:00:48,,,,aeroplane,True,,,
,JD.com,JD_FB_AER_1770735648_003_0005,aeroplane JD商品 3-5,4537.0,5804.04,4.1,54171,品牌旗舰店,服装,,,2026-02-10 22:00:48,,,,aeroplane,True,,,
,JD.com,JD_FB_AER_1770735648_003_0006,aeroplane JD商品 3-6,2638.0,3136.06,4.5,15403,JD自营,运动户外,,,2026-02-10 22:00:48,,,,aeroplane,True,,,
,JD.com,JD_FB_AER_1770735648_004_0000,aeroplane JD商品 4-0,1527.0,1977.39,3.6,77343,授权专卖店,服装,,,2026-02-10 22:00:48,,,,aeroplane,True,,,
,JD.com,JD_FB_AER_1770735648_004_0001,aeroplane JD商品 4-1,1760.0,1944.45,4.3,99843,品牌旗舰店,电子产品,,,2026-02-10 22:00:48,,,,aeroplane,True,,,
,JD.com,JD_FB_AER_1770735648_004_0002,aeroplane JD商品 4-2,4199.0,5037.25,4.3,66218,品牌旗舰店,家居,,,2026-02-10 22:00:48,,,,aeroplane,True,,,
,JD.com,JD_FB_AER_1770735648_004_0003,aeroplane JD商品 4-3,3290.0,3937.75,4.2,44228,JD自营,电子产品,,,2026-02-10 22:00:48,,,,aeroplane,True,,,
,JD.com,JD_FB_AER_1770735648_004_0004,aeroplane JD商品 4-4,3712.0,4279.8,4.4,18877,品牌旗舰店,运动户外,,,2026-02-10 22:00:48,,,,aeroplane,True,,,
,JD.com,JD_FB_AER_1770735648_004_0005,aeroplane JD商品 4-5,3421.0,3914.96,4.6,79024,授权专卖店,电子产品,,,2026-02-10 22:00:48,,,,aeroplane,True,,,
,JD.com,JD_FB_AER_1770735648_004_0006,aeroplane JD商品 4-6,2603.0,3227.5,4.3,34026,品牌旗舰店,服装,,,2026-02-10 22:00:48,,,,aeroplane,True,,,
,JD.com,JD_FB_AER_1770735648_005_0000,aeroplane JD商品 5-0,2151.0,2677.39,3.6,53730,授权专卖店,图书,,,2026-02-10 22:00:48,,,,aeroplane,True,,,
,JD.com,JD_FB_AER_1770735648_005_0001,aeroplane JD商品 5-1,1583.0,2029.68,4.2,90764,品牌旗舰店,运动户外,,,2026-02-10 22:00:48,,,,aeroplane,True,,,
,JD.com,JD_FB_AER_1770735648_005_0002,aeroplane JD商品 5-2,2233.0,2894.29,4.9,12507,授权专卖店,服装,,,2026-02-10 22:00:48,,,,aeroplane,True,,,
,JD.com,JD_FB_AER_1770735648_005_0003,aeroplane JD商品 5-3,1621.0,1867.85,4.1,32763,JD自营,服装,,,2026-02-10 22:00:48,,,,aeroplane,True,,,
,JD.com,JD_FB_AER_1770735648_005_0004,aeroplane JD商品 5-4,2582.0,3051.84,4.1,91927,授权专卖店,运动户外,,,2026-02-10 22:00:48,,,,aeroplane,True,,,
,Amazon,AMZ_FB_TRA_1770741587_001_0000,trampoline Amazon Product 1-0,1574.0,1855.13,3.8,16878,Amazon Store,Clothing,,,2026-02-10 23:39:47,,,,trampoline,True,,,
,Amazon,AMZ_FB_TRA_1770741587_001_0001,trampoline Amazon Product 1-1,1077.0,1367.85,3.7,37728,Amazon Store,Electronics,,,2026-02-10 23:39:47,,,,trampoline,True,,,
,Amazon,AMZ_FB_TRA_1770741587_001_0002,trampoline Amazon Product 1-2,403.0,518.49,4.7,33510,Amazon Store,Clothing,,,2026-02-10 23:39:47,,,,trampoline,True,,,
,Amazon,AMZ_FB_TRA_1770741587_001_0003,trampoline Amazon Product 1-3,628.0,730.05,3.1,4566,Amazon Store,Sports,,,2026-02-10 23:39:47,,,,trampoline,True,,,
,Amazon,AMZ_FB_TRA_1770741587_001_0004,trampoline Amazon Product 1-4,545.0,657.11,4.2,13477,Amazon Store,Clothing,,,2026-02-10 23:39:47,,,,trampoline,True,,,
,Amazon,AMZ_FB_TRA_1770741587_001_0005,trampoline Amazon Product 1-5,305.0,374.58,3.8,3544,Amazon Store,Electronics,,,2026-02-10 23:39:47,,,,trampoline,True,,,
,Amazon,AMZ_FB_TRA_1770741587_001_0006,trampoline Amazon Product 1-6,1064.0,1198.75,3.8,21877,Amazon Store,Sports,,,2026-02-10 23:39:47,,,,trampoline,True,,,
,Amazon,AMZ_FB_TRA_1770741587_001_0007,trampoline Amazon Product 1-7,1931.0,2136.53,4.8,9286,Amazon Store,Sports,,,2026-02-10 23:39:47,,,,trampoline,True,,,
,Amazon,AMZ_FB_TRA_1770741587_001_0008,trampoline Amazon Product 1-8,682.0,874.31,3.3,11984,Amazon Store,Clothing,,,2026-02-10 23:39:47,,,,trampoline,True,,,
,Amazon,AMZ_FB_TRA_1770741587_002_0000,trampoline Amazon Product 2-0,131.0,152.31,3.5,43896,Amazon Store,Sports,,,2026-02-10 23:39:47,,,,trampoline,True,,,
,Amazon,AMZ_FB_TRA_1770741587_002_0001,trampoline Amazon Product 2-1,1681.0,1981.24,3.8,2079,Amazon Store,Sports,,,2026-02-10 23:39:47,,,,trampoline,True,,,
,Amazon,AMZ_FB_TRA_1770741587_002_0002,trampoline Amazon Product 2-2,681.0,877.54,4.4,31223,Amazon Store,Electronics,,,2026-02-10 23:39:47,,,,trampoline,True,,,
,Amazon,AMZ_FB_TRA_1770741587_002_0003,trampoline Amazon Product 2-3,978.0,1259.6,4.2,5923,Amazon Store,Electronics,,,2026-02-10 23:39:47,,,,trampoline,True,,,
,Amazon,AMZ_FB_TRA_1770741587_002_0004,trampoline Amazon Product 2-4,910.0,1173.88,4.9,35724,Amazon Store,Sports,,,2026-02-10 23:39:47,,,,trampoline,True,,,
,Amazon,AMZ_FB_TRA_1770741587_002_0005,trampoline Amazon Product 2-5,1861.0,2130.24,4.7,720,Amazon Store,Books,,,2026-02-10 23:39:47,,,,trampoline,True,,,
,Amazon,AMZ_FB_TRA_1770741587_002_0006,trampoline Amazon Product 2-6,1488.0,1675.28,3.4,13382,Amazon Store,Home,,,2026-02-10 23:39:47,,,,trampoline,True,,,
,Amazon,AMZ_FB_TRA_1770741587_002_0007,trampoline Amazon Product 2-7,913.0,1094.76,4.6,17388,Amazon Store,Clothing,,,2026-02-10 23:39:47,,,,trampoline,True,,,
,Amazon,AMZ_FB_TRA_1770741587_003_0000,trampoline Amazon Product 3-0,229.0,252.79,4.0,39802,Amazon Store,Books,,,2026-02-10 23:39:47,,,,trampoline,True,,,
,Amazon,AMZ_FB_TRA_1770741587_003_0001,trampoline Amazon Product 3-1,658.0,834.87,4.3,13311,Amazon Store,Electronics,,,2026-02-10 23:39:47,,,,trampoline,True,,,
,Amazon,AMZ_FB_TRA_1770741587_003_0002,trampoline Amazon Product 3-2,1031.0,1226.92,4.5,32975,Amazon Store,Clothing,,,2026-02-10 23:39:47,,,,trampoline,True,,,
,Amazon,AMZ_FB_TRA_1770741587_003_0003,trampoline Amazon Product 3-3,795.0,887.63,3.7,22591,Amazon Store,Electronics,,,2026-02-10 23:39:47,,,,trampoline,True,,,
,Amazon,AMZ_FB_TRA_1770741587_003_0004,trampoline Amazon Product 3-4,1809.0,2273.29,3.2,49081,Amazon Store,Clothing,,,2026-02-10 23:39:47,,,,trampoline,True,,,
,Amazon,AMZ_FB_TRA_1770741587_003_0005,trampoline Amazon Product 3-5,572.0,723.68,4.9,13575,Amazon Store,Clothing,,,2026-02-10 23:39:47,,,,trampoline,True,,,
,Amazon,AMZ_FB_TRA_1770741587_003_0006,trampoline Amazon Product 3-6,1292.0,1568.1,4.6,11964,Amazon Store,Books,,,2026-02-10 23:39:47,,,,trampoline,True,,,
,Amazon,AMZ_FB_TRA_1770741587_003_0007,trampoline Amazon Product 3-7,1534.0,1919.62,3.2,9479,Amazon Store,Home,,,2026-02-10 23:39:47,,,,trampoline,True,,,
,Amazon,AMZ_FB_TRA_1770741587_003_0008,trampoline Amazon Product 3-8,1873.0,2155.72,4.5,45438,Amazon Store,Home,,,2026-02-10 23:39:47,,,,trampoline,True,,,
,Amazon,AMZ_FB_TRA_1770741587_004_0000,trampoline Amazon Product 4-0,1339.0,1513.22,4.4,42781,Amazon Store,Sports,,,2026-02-10 23:39:47,,,,trampoline,True,,,
,Amazon,AMZ_FB_TRA_1770741587_004_0001,trampoline Amazon Product 4-1,318.0,399.72,4.9,1303,Amazon Store,Home,,,2026-02-10 23:39:47,,,,trampoline,True,,,
,Amazon,AMZ_FB_TRA_1770741587_004_0002,trampoline Amazon Product 4-2,482.0,610.78,4.7,49167,Amazon Store,Electronics,,,2026-02-10 23:39:47,,,,trampoline,True,,,
,Amazon,AMZ_FB_TRA_1770741587_004_0003,trampoline Amazon Product 4-3,837.0,986.86,3.2,15149,Amazon Store,Sports,,,2026-02-10 23:39:47,,,,trampoline,True,,,
,Amazon,AMZ_FB_TRA_1770741587_004_0004,trampoline Amazon Product 4-4,826.0,1065.56,4.1,42344,Amazon Store,Books,,,2026-02-10 23:39:47,,,,trampoline,True,,,
,Amazon,AMZ_FB_TRA_1770741587_005_0000,trampoline Amazon Product 5-0,1009.0,1177.2,4.9,45356,Amazon Store,Clothing,,,2026-02-10 23:39:47,,,,trampoline,True,,,
,Amazon,AMZ_FB_TRA_1770741587_005_0001,trampoline Amazon Product 5-1,366.0,429.4,3.7,37916,Amazon Store,Electronics,,,2026-02-10 23:39:47,,,,trampoline,True,,,
,Amazon,AMZ_FB_TRA_1770741587_005_0002,trampoline Amazon Product 5-2,1875.0,2141.35,4.4,46105,Amazon Store,Home,,,2026-02-10 23:39:47,,,,trampoline,True,,,
,Amazon,AMZ_FB_TRA_1770741587_005_0003,trampoline Amazon Product 5-3,1507.0,1797.0,4.6,18409,Amazon Store,Books,,,2026-02-10 23:39:47,,,,trampoline,True,,,
,Amazon,AMZ_FB_TRA_1770741587_005_0004,trampoline Amazon Product 5-4,152.0,174.42,4.5,36579,Amazon Store,Home,,,2026-02-10 23:39:47,,,,trampoline,True,,,
,Amazon,AMZ_FB_TRA_1770741587_005_0005,trampoline Amazon Product 5-5,501.0,609.08,3.5,2656,Amazon Store,Books,,,2026-02-10 23:39:47,,,,trampoline,True,,,
,Amazon,AMZ_FB_TRA_1770741587_005_0006,trampoline Amazon Product 5-6,946.0,1074.39,3.5,19138,Amazon Store,Clothing,,,2026-02-10 23:39:47,,,,trampoline,True,,,
,JD.com,JD_FB_TRA_1770741587_001_0000,trampoline JD商品 1-0,896.0,1021.22,4.2,61284,品牌旗舰店,电子产品,,,2026-02-10 23:39:47,,,,trampoline,True,,,
,JD.com,JD_FB_TRA_1770741587_001_0001,trampoline JD商品 1-1,1160.0,1389.87,4.7,1752,授权专卖店,服装,,,2026-02-10 23:39:47,,,,trampoline,True,,,
,JD.com,JD_FB_TRA_1770741587_001_0002,trampoline JD商品 1-2,4094.0,4643.8,3.8,89097,授权专卖店,图书,,,2026-02-10 23:39:47,,,,trampoline,True,,,
,JD.com,JD_FB_TRA_1770741587_001_0003,trampoline JD商品 1-3,2470.0,3190.85,4.3,82406,授权专卖店,电子产品,,,2026-02-10 23:39:47,,,,trampoline,True,,,
,JD.com,JD_FB_TRA_1770741587_001_0004,trampoline JD商品 1-4,1937.0,2390.53,4.3,33406,品牌旗舰店,服装,,,2026-02-10 23:39:47,,,,trampoline,True,,,
,JD.com,JD_FB_TRA_1770741587_002_0000,trampoline JD商品 2-0,937.0,1198.08,4.1,61175,JD自营,家居,,,2026-02-10 23:39:47,,,,trampoline,True,,,
,JD.com,JD_FB_TRA_1770741587_002_0001,trampoline JD商品 2-1,2872.0,3247.11,3.9,13364,授权专卖店,运动户外,,,2026-02-10 23:39:47,,,,trampoline,True,,,
,JD.com,JD_FB_TRA_1770741587_002_0002,trampoline JD商品 2-2,2675.0,2967.69,4.2,30506,品牌旗舰店,运动户外,,,2026-02-10 23:39:47,,,,trampoline,True,,,
,JD.com,JD_FB_TRA_1770741587_002_0003,trampoline JD商品 2-3,4984.0,5963.51,4.2,20917,授权专卖店,家居,,,2026-02-10 23:39:47,,,,trampoline,True,,,
,JD.com,JD_FB_TRA_1770741587_003_0000,trampoline JD商品 3-0,2038.0,2299.66,3.8,7608,品牌旗舰店,电子产品,,,2026-02-10 23:39:47,,,,trampoline,True,,,
,JD.com,JD_FB_TRA_1770741587_003_0001,trampoline JD商品 3-1,4980.0,5547.34,3.6,93262,品牌旗舰店,图书,,,2026-02-10 23:39:47,,,,trampoline,True,,,
,JD.com,JD_FB_TRA_1770741587_003_0002,trampoline JD商品 3-2,4181.0,5144.81,4.7,57217,授权专卖店,服装,,,2026-02-10 23:39:47,,,,trampoline,True,,,
,JD.com,JD_FB_TRA_1770741587_003_0003,trampoline JD商品 3-3,2826.0,3613.09,4.7,52246,授权专卖店,运动户外,,,2026-02-10 23:39:47,,,,trampoline,True,,,
,JD.com,JD_FB_TRA_1770741587_003_0004,trampoline JD商品 3-4,1761.0,1977.44,4.1,23336,授权专卖店,电子产品,,,2026-02-10 23:39:47,,,,trampoline,True,,,
,JD.com,JD_FB_TRA_1770741587_003_0005,trampoline JD商品 3-5,4912.0,6046.8,4.7,95757,品牌旗舰店,图书,,,2026-02-10 23:39:47,,,,trampoline,True,,,
,JD.com,JD_FB_TRA_1770741587_003_0006,trampoline JD商品 3-6,1084.0,1382.93,4.5,5815,品牌旗舰店,服装,,,2026-02-10 23:39:47,,,,trampoline,True,,,
,JD.com,JD_FB_TRA_1770741587_004_0000,trampoline JD商品 4-0,4347.0,4955.9,3.7,42484,品牌旗舰店,家居,,,2026-02-10 23:39:47,,,,trampoline,True,,,
,JD.com,JD_FB_TRA_1770741587_004_0001,trampoline JD商品 4-1,702.0,877.99,4.5,32212,授权专卖店,图书,,,2026-02-10 23:39:47,,,,trampoline,True,,,
,JD.com,JD_FB_TRA_1770741587_004_0002,trampoline JD商品 4-2,2416.0,3034.24,4.9,38850,JD自营,家居,,,2026-02-10 23:39:47,,,,trampoline,True,,,
,JD.com,JD_FB_TRA_1770741587_004_0003,trampoline JD商品 4-3,2097.0,2485.01,4.3,33863,JD自营,图书,,,2026-02-10 23:39:47,,,,trampoline,True,,,
,JD.com,JD_FB_TRA_1770741587_004_0004,trampoline JD商品 4-4,3995.0,5178.88,4.1,30079,JD自营,电子产品,,,2026-02-10 23:39:47,,,,trampoline,True,,,
,JD.com,JD_FB_TRA_1770741587_004_0005,trampoline JD商品 4-5,3203.0,4085.44,4.3,1106,JD自营,服装,,,2026-02-10 23:39:47,,,,trampoline,True,,,
,JD.com,JD_FB_TRA_1770741587_004_0006,trampoline JD商品 4-6,942.0,1213.56,4.0,73226,JD自营,家居,,,2026-02-10 23:39:47,,,,trampoline,True,,,
,JD.com,JD_FB_TRA_1770741587_004_0007,trampoline JD商品 4-7,3284.0,4232.72,4.9,5229,JD自营,服装,,,2026-02-10 23:39:47,,,,trampoline,True,,,
,JD.com,JD_FB_TRA_1770741587_005_0000,trampoline JD商品 5-0,4259.0,5124.53,4.1,62266,JD自营,图书,,,2026-02-10 23:39:47,,,,trampoline,True,,,
,JD.com,JD_FB_TRA_1770741587_005_0001,trampoline JD商品 5-1,642.0,800.19,3.8,39919,品牌旗舰店,图书,,,2026-02-10 23:39:47,,,,trampoline,True,,,
,JD.com,JD_FB_TRA_1770741587_005_0002,trampoline JD商品 5-2,4758.0,5362.87,4.0,12057,JD自营,运动户外,,,2026-02-10 23:39:47,,,,trampoline,True,,,
,JD.com,JD_FB_TRA_1770741587_005_0003,trampoline JD商品 5-3,1488.0,1651.96,3.5,80089,JD自营,运动户外,,,2026-02-10 23:39:47,,,,trampoline,True,,,
,JD.com,JD_FB_TRA_1770741587_005_0004,trampoline JD商品 5-4,812.0,899.19,3.9,26399,授权专卖店,图书,,,2026-02-10 23:39:47,,,,trampoline,True,,,
,Amazon,AMZ_FB_TRA_1770741609_001_0000,trampoline Amazon Product 1-0,422.0,521.89,4.3,6788,Amazon Store,Home,,,2026-02-10 23:40:09,,,,trampoline,True,,,
,Amazon,AMZ_FB_TRA_1770741609_001_0001,trampoline Amazon Product 1-1,947.0,1158.19,4.3,27123,Amazon Store,Electronics,,,2026-02-10 23:40:09,,,,trampoline,True,,,
,Amazon,AMZ_FB_TRA_1770741609_001_0002,trampoline Amazon Product 1-2,879.0,1104.53,3.9,13211,Amazon Store,Home,,,2026-02-10 23:40:09,,,,trampoline,True,,,
,Amazon,AMZ_FB_TRA_1770741609_001_0003,trampoline Amazon Product 1-3,1902.0,2461.01,3.4,17366,Amazon Store,Electronics,,,2026-02-10 23:40:09,,,,trampoline,True,,,
,Amazon,AMZ_FB_TRA_1770741609_001_0004,trampoline Amazon Product 1-4,395.0,470.93,3.5,7342,Amazon Store,Home,,,2026-02-10 23:40:09,,,,trampoline,True,,,
,Amazon,AMZ_FB_TRA_1770741609_001_0005,trampoline Amazon Product 1-5,1416.0,1572.25,4.0,4158,Amazon Store,Home,,,2026-02-10 23:40:09,,,,trampoline,True,,,
,Amazon,AMZ_FB_TRA_1770741609_001_0006,trampoline Amazon Product 1-6,489.0,574.25,4.8,24035,Amazon Store,Electronics,,,2026-02-10 23:40:09,,,,trampoline,True,,,
,Amazon,AMZ_FB_TRA_1770741609_001_0007,trampoline Amazon Product 1-7,862.0,1040.87,4.3,7001,Amazon Store,Sports,,,2026-02-10 23:40:09,,,,trampoline,True,,,
,Amazon,AMZ_FB_TRA_1770741609_001_0008,trampoline Amazon Product 1-8,847.0,1031.45,4.5,15735,Amazon Store,Books,,,2026-02-10 23:40:09,,,,trampoline,True,,,
,Amazon,AMZ_FB_TRA_1770741609_002_0000,trampoline Amazon Product 2-0,1243.0,1444.85,4.8,6084,Amazon Store,Clothing,,,2026-02-10 23:40:09,,,,trampoline,True,,,
,Amazon,AMZ_FB_TRA_1770741609_002_0001,trampoline Amazon Product 2-1,1230.0,1445.25,3.0,40237,Amazon Store,Home,,,2026-02-10 23:40:09,,,,trampoline,True,,,
,Amazon,AMZ_FB_TRA_1770741609_002_0002,trampoline Amazon Product 2-2,719.0,798.37,5.0,5874,Amazon Store,Books,,,2026-02-10 23:40:09,,,,trampoline,True,,,
,Amazon,AMZ_FB_TRA_1770741609_002_0003,trampoline Amazon Product 2-3,836.0,1036.18,3.3,29224,Amazon Store,Clothing,,,2026-02-10 23:40:09,,,,trampoline,True,,,
,Amazon,AMZ_FB_TRA_1770741609_002_0004,trampoline Amazon Product 2-4,726.0,803.59,4.8,44339,Amazon Store,Home,,,2026-02-10 23:40:09,,,,trampoline,True,,,
,Amazon,AMZ_FB_TRA_1770741609_002_0005,trampoline Amazon Product 2-5,985.0,1231.49,4.2,9874,Amazon Store,Books,,,2026-02-10 23:40:09,,,,trampoline,True,,,
,Amazon,AMZ_FB_TRA_1770741609_002_0006,trampoline Amazon Product 2-6,216.0,252.9,3.4,43787,Amazon Store,Electronics,,,2026-02-10 23:40:09,,,,trampoline,True,,,
,Amazon,AMZ_FB_TRA_1770741609_002_0007,trampoline Amazon Product 2-7,1259.0,1635.56,3.3,34384,Amazon Store,Electronics,,,2026-02-10 23:40:09,,,,trampoline,True,,,
,Amazon,AMZ_FB_TRA_1770741609_002_0008,trampoline Amazon Product 2-8,1733.0,2205.74,4.2,43914,Amazon Store,Sports,,,2026-02-10 23:40:09,,,,trampoline,True,,,
,Amazon,AMZ_FB_TRA_1770741609_002_0009,trampoline Amazon Product 2-9,356.0,435.71,4.4,15889,Amazon Store,Sports,,,2026-02-10 23:40:09,,,,trampoline,True,,,
,Amazon,AMZ_FB_TRA_1770741609_003_0000,trampoline Amazon Product 3-0,1678.0,2101.4,3.5,37262,Amazon Store,Clothing,,,2026-02-10 23:40:09,,,,trampoline,True,,,
,Amazon,AMZ_FB_TRA_1770741609_003_0001,trampoline Amazon Product 3-1,1588.0,2033.61,4.8,1837,Amazon Store,Clothing,,,2026-02-10 23:40:09,,,,trampoline,True,,,
,Amazon,AMZ_FB_TRA_1770741609_003_0002,trampoline Amazon Product 3-2,1460.0,1754.14,4.8,33671,Amazon Store,Sports,,,2026-02-10 23:40:09,,,,trampoline,True,,,
,Amazon,AMZ_FB_TRA_1770741609_003_0003,trampoline Amazon Product 3-3,1032.0,1294.16,4.5,16758,Amazon Store,Sports,,,2026-02-10 23:40:09,,,,trampoline,True,,,
,Amazon,AMZ_FB_TRA_1770741609_003_0004,trampoline Amazon Product 3-4,454.0,584.38,3.5,1641,Amazon Store,Clothing,,,2026-02-10 23:40:09,,,,trampoline,True,,,
,Amazon,AMZ_FB_TRA_1770741609_003_0005,trampoline Amazon Product 3-5,614.0,721.28,4.3,5608,Amazon Store,Books,,,2026-02-10 23:40:09,,,,trampoline,True,,,
,Amazon,AMZ_FB_TRA_1770741609_003_0006,trampoline Amazon Product 3-6,135.0,158.4,4.5,39216,Amazon Store,Electronics,,,2026-02-10 23:40:09,,,,trampoline,True,,,
,Amazon,AMZ_FB_TRA_1770741609_003_0007,trampoline Amazon Product 3-7,193.0,241.55,4.1,38822,Amazon Store,Home,,,2026-02-10 23:40:09,,,,trampoline,True,,,
,Amazon,AMZ_FB_TRA_1770741609_003_0008,trampoline Amazon Product 3-8,1322.0,1646.66,3.1,27418,Amazon Store,Books,,,2026-02-10 23:40:09,,,,trampoline,True,,,
,Amazon,AMZ_FB_TRA_1770741609_003_0009,trampoline Amazon Product 3-9,1236.0,1442.21,3.3,30960,Amazon Store,Clothing,,,2026-02-10 23:40:09,,,,trampoline,True,,,
,Amazon,AMZ_FB_TRA_1770741609_004_0000,trampoline Amazon Product 4-0,671.0,768.28,3.7,30360,Amazon Store,Books,,,2026-02-10 23:40:09,,,,trampoline,True,,,
,Amazon,AMZ_FB_TRA_1770741609_004_0001,trampoline Amazon Product 4-1,111.0,132.86,3.3,12594,Amazon Store,Sports,,,2026-02-10 23:40:09,,,,trampoline,True,,,
,Amazon,AMZ_FB_TRA_1770741609_004_0002,trampoline Amazon Product 4-2,1227.0,1507.41,4.1,32219,Amazon Store,Electronics,,,2026-02-10 23:40:09,,,,trampoline,True,,,
,Amazon,AMZ_FB_TRA_1770741609_004_0003,trampoline Amazon Product 4-3,1291.0,1647.84,4.7,13004,Amazon Store,Books,,,2026-02-10 23:40:09,,,,trampoline,True,,,
,Amazon,AMZ_FB_TRA_1770741609_004_0004,trampoline Amazon Product 4-4,982.0,1217.17,4.9,32515,Amazon Store,Clothing,,,2026-02-10 23:40:09,,,,trampoline,True,,,
,Amazon,AMZ_FB_TRA_1770741609_004_0005,trampoline Amazon Product 4-5,1363.0,1708.81,3.2,640,Amazon Store,Books,,,2026-02-10 23:40:09,,,,trampoline,True,,,
,Amazon,AMZ_FB_TRA_1770741609_004_0006,trampoline Amazon Product 4-6,1869.0,2092.61,3.9,19519,Amazon Store,Sports,,,2026-02-10 23:40:09,,,,trampoline,True,,,
,Amazon,AMZ_FB_TRA_1770741609_004_0007,trampoline Amazon Product 4-7,1251.0,1425.84,3.9,27445,Amazon Store,Clothing,,,2026-02-10 23:40:09,,,,trampoline,True,,,
,Amazon,AMZ_FB_TRA_1770741609_004_0008,trampoline Amazon Product 4-8,1074.0,1300.5,4.7,44938,Amazon Store,Electronics,,,2026-02-10 23:40:09,,,,trampoline,True,,,
,Amazon,AMZ_FB_TRA_1770741609_005_0000,trampoline Amazon Product 5-0,1432.0,1620.0,4.0,31640,Amazon Store,Clothing,,,2026-02-10 23:40:09,,,,trampoline,True,,,
,Amazon,AMZ_FB_TRA_1770741609_005_0001,trampoline Amazon Product 5-1,1600.0,1982.81,4.0,122,Amazon Store,Electronics,,,2026-02-10 23:40:09,,,,trampoline,True,,,
,Amazon,AMZ_FB_TRA_1770741609_005_0002,trampoline Amazon Product 5-2,1845.0,2089.73,4.9,10546,Amazon Store,Sports,,,2026-02-10 23:40:09,,,,trampoline,True,,,
,Amazon,AMZ_FB_TRA_1770741609_005_0003,trampoline Amazon Product 5-3,174.0,224.59,3.6,41045,Amazon Store,Clothing,,,2026-02-10 23:40:09,,,,trampoline,True,,,
,Amazon,AMZ_FB_TRA_1770741609_005_0004,trampoline Amazon Product 5-4,389.0,433.53,3.6,14949,Amazon Store,Sports,,,2026-02-10 23:40:09,,,,trampoline,True,,,
,JD.com,JD_FB_TRA_1770741609_001_0000,trampoline JD商品 1-0,2675.0,3144.35,5.0,75800,JD自营,电子产品,,,2026-02-10 23:40:09,,,,trampoline,True,,,
,JD.com,JD_FB_TRA_1770741609_001_0001,trampoline JD商品 1-1,4392.0,5233.54,4.3,59931,JD自营,电子产品,,,2026-02-10 23:40:09,,,,trampoline,True,,,
,JD.com,JD_FB_TRA_1770741609_001_0002,trampoline JD商品 1-2,3016.0,3543.32,4.8,54375,JD自营,图书,,,2026-02-10 23:40:09,,,,trampoline,True,,,
,JD.com,JD_FB_TRA_1770741609_001_0003,trampoline JD商品 1-3,1510.0,1710.09,4.7,65962,JD自营,家居,,,2026-02-10 23:40:09,,,,trampoline,True,,,
,JD.com,JD_FB_TRA_1770741609_002_0000,trampoline JD商品 2-0,2911.0,3724.24,4.1,49489,JD自营,电子产品,,,2026-02-10 23:40:09,,,,trampoline,True,,,
,JD.com,JD_FB_TRA_1770741609_002_0001,trampoline JD商品 2-1,4534.0,5788.01,4.6,14521,授权专卖店,图书,,,2026-02-10 23:40:09,,,,trampoline,True,,,
,JD.com,JD_FB_TRA_1770741609_002_0002,trampoline JD商品 2-2,4890.0,6023.8,4.6,97068,授权专卖店,运动户外,,,2026-02-10 23:40:09,,,,trampoline,True,,,
,JD.com,JD_FB_TRA_1770741609_002_0003,trampoline JD商品 2-3,1639.0,1935.26,3.5,62708,品牌旗舰店,图书,,,2026-02-10 23:40:09,,,,trampoline,True,,,
,JD.com,JD_FB_TRA_1770741609_002_0004,trampoline JD商品 2-4,1920.0,2325.44,4.2,6211,授权专卖店,家居,,,2026-02-10 23:40:09,,,,trampoline,True,,,
,JD.com,JD_FB_TRA_1770741609_002_0005,trampoline JD商品 2-5,1745.0,2104.85,5.0,5259,品牌旗舰店,电子产品,,,2026-02-10 23:40:09,,,,trampoline,True,,,
,JD.com,JD_FB_TRA_1770741609_002_0006,trampoline JD商品 2-6,1899.0,2213.48,4.0,36715,授权专卖店,家居,,,2026-02-10 23:40:09,,,,trampoline,True,,,
,JD.com,JD_FB_TRA_1770741609_002_0007,trampoline JD商品 2-7,4191.0,5366.56,4.5,94024,品牌旗舰店,图书,,,2026-02-10 23:40:09,,,,trampoline,True,,,
,JD.com,JD_FB_TRA_1770741609_003_0000,trampoline JD商品 3-0,610.0,706.54,3.8,99309,品牌旗舰店,运动户外,,,2026-02-10 23:40:09,,,,trampoline,True,,,
,JD.com,JD_FB_TRA_1770741609_003_0001,trampoline JD商品 3-1,3501.0,4429.9,4.5,4051,品牌旗舰店,家居,,,2026-02-10 23:40:09,,,,trampoline,True,,,
,JD.com,JD_FB_TRA_1770741609_003_0002,trampoline JD商品 3-2,4426.0,5433.75,3.8,43096,JD自营,服装,,,2026-02-10 23:40:09,,,,trampoline,True,,,
,JD.com,JD_FB_TRA_1770741609_003_0003,trampoline JD商品 3-3,1545.0,1709.69,4.5,22942,授权专卖店,家居,,,2026-02-10 23:40:09,,,,trampoline,True,,,
,JD.com,JD_FB_TRA_1770741609_004_0000,trampoline JD商品 4-0,1943.0,2264.84,4.4,98981,JD自营,服装,,,2026-02-10 23:40:09,,,,trampoline,True,,,
,JD.com,JD_FB_TRA_1770741609_004_0001,trampoline JD商品 4-1,2766.0,3453.31,4.1,63451,授权专卖店,服装,,,2026-02-10 23:40:09,,,,trampoline,True,,,
,JD.com,JD_FB_TRA_1770741609_004_0002,trampoline JD商品 4-2,3436.0,3798.4,4.0,41076,JD自营,家居,,,2026-02-10 23:40:09,,,,trampoline,True,,,
,JD.com,JD_FB_TRA_1770741609_004_0003,trampoline JD商品 4-3,3070.0,3810.84,4.9,58635,授权专卖店,运动户外,,,2026-02-10 23:40:09,,,,trampoline,True,,,
,JD.com,JD_FB_TRA_1770741609_005_0000,trampoline JD商品 5-0,4681.0,5527.36,3.6,54379,品牌旗舰店,图书,,,2026-02-10 23:40:09,,,,trampoline,True,,,
,JD.com,JD_FB_TRA_1770741609_005_0001,trampoline JD商品 5-1,3045.0,3954.63,4.0,19995,JD自营,电子产品,,,2026-02-10 23:40:09,,,,trampoline,True,,,
,JD.com,JD_FB_TRA_1770741609_005_0002,trampoline JD商品 5-2,1771.0,1990.69,5.0,34101,品牌旗舰店,运动户外,,,2026-02-10 23:40:09,,,,trampoline,True,,,
,JD.com,JD_FB_TRA_1770741609_005_0003,trampoline JD商品 5-3,937.0,1109.29,4.8,53473,JD自营,运动户外,,,2026-02-10 23:40:09,,,,trampoline,True,,,
,JD.com,JD_FB_TRA_1770741609_005_0004,trampoline JD商品 5-4,4709.0,5357.44,3.7,18009,授权专卖店,家居,,,2026-02-10 23:40:09,,,,trampoline,True,,,
,JD.com,JD_FB_TRA_1770741609_005_0005,trampoline JD商品 5-5,1698.0,2004.17,4.3,59006,JD自营,家居,,,2026-02-10 23:40:09,,,,trampoline,True,,,
,amazon,AMZ_SAMPLE_1_0,HP tissue box Model 1,1100.04,1457.2,4.5,37558,HP Store,Electronics,,https://via.placeholder.com/150?text=HP,2026-02-10 23:41:40,,https://www.amazon.com/dp/SAMPLE10,,,,2026-02-10 23:43:19,tissue box,12.0
,amazon,AMZ_SAMPLE_1_1,HP tissue box Model 2,290.21,1895.47,3.7,4111,HP Store,Electronics,,https://via.placeholder.com/150?text=HP,2026-02-10 23:41:40,,https://www.amazon.com/dp/SAMPLE11,,,,2026-02-10 23:43:19,tissue box,12.0
,amazon,AMZ_SAMPLE_1_2,Lenovo tissue box Model 3,853.59,184.93,4.3,13831,Lenovo Store,Electronics,,https://via.placeholder.com/150?text=Lenovo,2026-02-10 23:41:40,,https://www.amazon.com/dp/SAMPLE12,,,,2026-02-10 23:43:19,tissue box,12.0
,amazon,AMZ_SAMPLE_1_3,Samsung tissue box Model 4,1504.33,2486.95,4.1,18741,Samsung Store,Electronics,,https://via.placeholder.com/150?text=Samsung,2026-02-10 23:41:40,,https://www.amazon.com/dp/SAMPLE13,,,,2026-02-10 23:43:19,tissue box,12.0
,amazon,AMZ_SAMPLE_1_4,Apple tissue box Model 5,1455.88,549.65,4.3,26689,Apple Store,Electronics,,https://via.placeholder.com/150?text=Apple,2026-02-10 23:41:40,,https://www.amazon.com/dp/SAMPLE14,,,,2026-02-10 23:43:19,tissue box,12.0
,amazon,B0DW7NS6G3,"Natural Travertine Match Wooden Square Tissue Box Cover Decorative,Resin Heavy Sturdy Tissue Box Holder, Facial Paper Holder for Bathroom Vanity Count",503382.0,626502.64,3.4,27821,Amazon,Electronics,,https://m.media-amazon.com/images/I/71g5v5BbsRL._AC_UL320_.jpg,2026-02-10 23:41:44,,https://www.amazon.com/sspa/click?ie=UTF8&spc=MTozODU2MDY4MjczNTAwODgzOjE3NzA3NDE3MDI6c3BfYXRmX25leHQ6MzAwODI5MjUyNzQ2NzAyOjowOjo&url=%2FNatural-Travertine-Decorative-Bathroom-Countertop%2Fdp%2FB0DW7NS6G3%2Fref%3Dsr_1_49_sspa%3Fdib%3DeyJ2IjoiMSJ9.FA-J79mZku0ZenVfMaNHckgq9NePyXADVg_12mkYdeE2oQsTh0sGU1VFPthxPU7maYUaXnXVuy6vX3oXVXsSBXB-rb_7P9jAAQjA00FLClweGXqCIiqqC6_49wlltAjW4oDFJo2eQmdSwheE58x9xWZbNyoEWTwtv5jDhgmm2VUmrkL8Cy_n3X09-1gEL0eKr8QVF3rfLvHV-VK3_vFLuRf_V1qBGZlf4ses4VbuVRCGihxA5muwTOK2BpymTMz1ch-eaNFQqXSRmVa5beq_mBD5W6S6QaEy-F0_YXM-ZeY.5DaGS73fJHHxaYHPFRi_R_8p_lSaPCxilya8D1sBxDE%26dib_tag%3Dse%26keywords%3Dtissue%2Bbox%26qid%3D1770741702%26sr%3D8-49-spons%26sp_csd%3Dd2lkZ2V0TmFtZT1zcF9hdGZfbmV4dA%26psc%3D1,,,,2026-02-10 23:43:19,tissue box,12.0
,amazon,B0DHJXT2N9,"Tissue Box Cover Square, Seagrass Tissue Box Holder, Woven Facial Tissue Holder, Rattan Wicker Tissue Box, Decorative Tissue Cover for Dinner Table, L",250096.0,276487.41,3.3,18849,100+ bought in past month,Electronics,,https://m.media-amazon.com/images/I/71hl8JHbcLL._AC_UL320_.jpg,2026-02-10 23:41:44,,https://www.amazon.com/sspa/click?ie=UTF8&spc=MTozODU2MDY4MjczNTAwODgzOjE3NzA3NDE3MDI6c3BfYXRmX25leHQ6MzAwNTgyNzQ3ODY0ODAyOjowOjo&url=%2FSeagrass-Decorative-Bathroom-Bedroom-Whitewash%2Fdp%2FB0DHJXT2N9%2Fref%3Dsr_1_50_sspa%3Fdib%3DeyJ2IjoiMSJ9.FA-J79mZku0ZenVfMaNHckgq9NePyXADVg_12mkYdeE2oQsTh0sGU1VFPthxPU7maYUaXnXVuy6vX3oXVXsSBXB-rb_7P9jAAQjA00FLClweGXqCIiqqC6_49wlltAjW4oDFJo2eQmdSwheE58x9xWZbNyoEWTwtv5jDhgmm2VUmrkL8Cy_n3X09-1gEL0eKr8QVF3rfLvHV-VK3_vFLuRf_V1qBGZlf4ses4VbuVRCGihxA5muwTOK2BpymTMz1ch-eaNFQqXSRmVa5beq_mBD5W6S6QaEy-F0_YXM-ZeY.5DaGS73fJHHxaYHPFRi_R_8p_lSaPCxilya8D1sBxDE%26dib_tag%3Dse%26keywords%3Dtissue%2Bbox%26qid%3D1770741702%26sr%3D8-50-spons%26sp_csd%3Dd2lkZ2V0TmFtZT1zcF9hdGZfbmV4dA%26psc%3D1,,,,2026-02-10 23:43:19,tissue box,12.0
,amazon,B0F6LPRY6J,"Travertine Tissue Box Cover – Classic Carved Square Resin Tissue Box Holder – Heavy Duty Decorative Home & Bathroom Decor for Countertop, Tabletop, Ni",453027.0,542571.95,4.7,19662,Amazon,Electronics,,https://m.media-amazon.com/images/I/71xlVTHPwpL._AC_UL320_.jpg,2026-02-10 23:41:44,,https://www.amazon.com/sspa/click?ie=UTF8&spc=MTozODU2MDY4MjczNTAwODgzOjE3NzA3NDE3MDI6c3BfYXRmX25leHQ6MzAwODY5OTgxNjc3MDAyOjowOjo&url=%2FTravertine-Tissue-Box-Cover-Decorative%2Fdp%2FB0F6LPRY6J%2Fref%3Dsr_1_51_sspa%3Fdib%3DeyJ2IjoiMSJ9.FA-J79mZku0ZenVfMaNHckgq9NePyXADVg_12mkYdeE2oQsTh0sGU1VFPthxPU7maYUaXnXVuy6vX3oXVXsSBXB-rb_7P9jAAQjA00FLClweGXqCIiqqC6_49wlltAjW4oDFJo2eQmdSwheE58x9xWZbNyoEWTwtv5jDhgmm2VUmrkL8Cy_n3X09-1gEL0eKr8QVF3rfLvHV-VK3_vFLuRf_V1qBGZlf4ses4VbuVRCGihxA5muwTOK2BpymTMz1ch-eaNFQqXSRmVa5beq_mBD5W6S6QaEy-F0_YXM-ZeY.5DaGS73fJHHxaYHPFRi_R_8p_lSaPCxilya8D1sBxDE%26dib_tag%3Dse%26keywords%3Dtissue%2Bbox%26qid%3D1770741702%26sr%3D8-51-spons%26sp_csd%3Dd2lkZ2V0TmFtZT1zcF9hdGZfbmV4dA%26psc%3D1,,,,2026-02-10 23:43:19,tissue box,12.0
,amazon,B0DG5LHQDH,"Rattan Tissue Box Cover Square, Wicker Tissue Box Holder with Lid, Natural Woven Facial Tissue Holder for Bathroom, Kitchen, Living Room (Natural)",384376.0,493294.66,5.0,20219,100+ bought in past month,Electronics,,https://m.media-amazon.com/images/I/71nybq4LZeL._AC_UL320_.jpg,2026-02-10 23:41:44,,https://www.amazon.com/sspa/click?ie=UTF8&spc=MTozODU2MDY4MjczNTAwODgzOjE3NzA3NDE3MDI6c3BfYXRmX25leHQ6MzAwNDk0NTIzODgwODAyOjowOjo&url=%2FTissue-Square-Handwoven-Bathroom-Natural%2Fdp%2FB0DG5LHQDH%2Fref%3Dsr_1_52_sspa%3Fdib%3DeyJ2IjoiMSJ9.FA-J79mZku0ZenVfMaNHckgq9NePyXADVg_12mkYdeE2oQsTh0sGU1VFPthxPU7maYUaXnXVuy6vX3oXVXsSBXB-rb_7P9jAAQjA00FLClweGXqCIiqqC6_49wlltAjW4oDFJo2eQmdSwheE58x9xWZbNyoEWTwtv5jDhgmm2VUmrkL8Cy_n3X09-1gEL0eKr8QVF3rfLvHV-VK3_vFLuRf_V1qBGZlf4ses4VbuVRCGihxA5muwTOK2BpymTMz1ch-eaNFQqXSRmVa5beq_mBD5W6S6QaEy-F0_YXM-ZeY.5DaGS73fJHHxaYHPFRi_R_8p_lSaPCxilya8D1sBxDE%26dib_tag%3Dse%26keywords%3Dtissue%2Bbox%26qid%3D1770741702%26sr%3D8-52-spons%26sp_csd%3Dd2lkZ2V0TmFtZT1zcF9hdGZfbmV4dA%26psc%3D1,,,,2026-02-10 23:43:19,tissue box,12.0
,amazon,B0CRDBRC2R,"PU Leather Square Tissue Box Cover - Multi-Functional Tissue Box Holder, Tissue Box Cover with Storage,Tissue and Remote Control Holder, Cube Tissue B",369102.0,461569.76,5.0,2532,300+ bought in past month,Electronics,,https://m.media-amazon.com/images/I/81xwG3vDT2L._AC_UL320_.jpg,2026-02-10 23:41:44,,https://www.amazon.com/Leather-Square-Tissue-Box-Cover/dp/B0CRDBRC2R/ref=sr_1_53?dib=eyJ2IjoiMSJ9.FA-J79mZku0ZenVfMaNHckgq9NePyXADVg_12mkYdeE2oQsTh0sGU1VFPthxPU7maYUaXnXVuy6vX3oXVXsSBXB-rb_7P9jAAQjA00FLClweGXqCIiqqC6_49wlltAjW4oDFJo2eQmdSwheE58x9xWZbNyoEWTwtv5jDhgmm2VUmrkL8Cy_n3X09-1gEL0eKr8QVF3rfLvHV-VK3_vFLuRf_V1qBGZlf4ses4VbuVRCGihxA5muwTOK2BpymTMz1ch-eaNFQqXSRmVa5beq_mBD5W6S6QaEy-F0_YXM-ZeY.5DaGS73fJHHxaYHPFRi_R_8p_lSaPCxilya8D1sBxDE&dib_tag=se&keywords=tissue+box&qid=1770741702&sr=8-53,,,,2026-02-10 23:43:19,tissue box,12.0
,amazon,B003SMYUFI,"Angel Soft Professional Series 2-Ply Facial Tissue (46580), 96 Sheets, 36 Boxes, Bulk Pack, Ideal for Bathrooms, Meeting Rooms, Reception Areas",1228494.0,1413629.16,3.9,2884,200+ bought in past month,Electronics,,https://m.media-amazon.com/images/I/81HpMb65pNL._AC_UL320_.jpg,2026-02-10 23:41:44,,https://www.amazon.com/Professional-Facial-Tissue-Georgia-Pacific-46580/dp/B003SMYUFI/ref=sr_1_54?dib=eyJ2IjoiMSJ9.FA-J79mZku0ZenVfMaNHckgq9NePyXADVg_12mkYdeE2oQsTh0sGU1VFPthxPU7maYUaXnXVuy6vX3oXVXsSBXB-rb_7P9jAAQjA00FLClweGXqCIiqqC6_49wlltAjW4oDFJo2eQmdSwheE58x9xWZbNyoEWTwtv5jDhgmm2VUmrkL8Cy_n3X09-1gEL0eKr8QVF3rfLvHV-VK3_vFLuRf_V1qBGZlf4ses4VbuVRCGihxA5muwTOK2BpymTMz1ch-eaNFQqXSRmVa5beq_mBD5W6S6QaEy-F0_YXM-ZeY.5DaGS73fJHHxaYHPFRi_R_8p_lSaPCxilya8D1sBxDE&dib_tag=se&keywords=tissue+box&qid=1770741702&sr=8-54,,,,2026-02-10 23:43:19,tissue box,12.0
,amazon,B09ZPN6CQX,"Tissue Box Cover PU Leather Tissue Holder Square Facial Tissue Case Facial Paper Organizer Dispenser for Bathroom, Vanity Countertop, Tabletop, Car, G",117327.0,140731.29,3.1,15710,3K+ bought in past month,Electronics,,https://m.media-amazon.com/images/I/61abjhUxW6L._AC_UL320_.jpg,2026-02-10 23:41:44,,https://www.amazon.com/Organizer-Dispenser-Bathroom-Countertop-Tabletop/dp/B09ZPN6CQX/ref=sr_1_55?dib=eyJ2IjoiMSJ9.FA-J79mZku0ZenVfMaNHckgq9NePyXADVg_12mkYdeE2oQsTh0sGU1VFPthxPU7maYUaXnXVuy6vX3oXVXsSBXB-rb_7P9jAAQjA00FLClweGXqCIiqqC6_49wlltAjW4oDFJo2eQmdSwheE58x9xWZbNyoEWTwtv5jDhgmm2VUmrkL8Cy_n3X09-1gEL0eKr8QVF3rfLvHV-VK3_vFLuRf_V1qBGZlf4ses4VbuVRCGihxA5muwTOK2BpymTMz1ch-eaNFQqXSRmVa5beq_mBD5W6S6QaEy-F0_YXM-ZeY.5DaGS73fJHHxaYHPFRi_R_8p_lSaPCxilya8D1sBxDE&dib_tag=se&keywords=tissue+box&qid=1770741702&sr=8-55,,,,2026-02-10 23:43:19,tissue box,12.0
,amazon,B00BFUSDO4,"Kleenex Disposable Paper Hand Towels, 6 Boxes, 60 Tissues per Box (360 Total Tissues), Packaging May Vary",313711.0,397035.29,3.2,20424,40K+ bought in past month,Electronics,,https://m.media-amazon.com/images/I/71KNfvpgHuL._AC_UL320_.jpg,2026-02-10 23:41:44,,https://www.amazon.com/Kleenex-Towels-Disposable-Paper-Count/dp/B00BFUSDO4/ref=sr_1_56?dib=eyJ2IjoiMSJ9.FA-J79mZku0ZenVfMaNHckgq9NePyXADVg_12mkYdeE2oQsTh0sGU1VFPthxPU7maYUaXnXVuy6vX3oXVXsSBXB-rb_7P9jAAQjA00FLClweGXqCIiqqC6_49wlltAjW4oDFJo2eQmdSwheE58x9xWZbNyoEWTwtv5jDhgmm2VUmrkL8Cy_n3X09-1gEL0eKr8QVF3rfLvHV-VK3_vFLuRf_V1qBGZlf4ses4VbuVRCGihxA5muwTOK2BpymTMz1ch-eaNFQqXSRmVa5beq_mBD5W6S6QaEy-F0_YXM-ZeY.5DaGS73fJHHxaYHPFRi_R_8p_lSaPCxilya8D1sBxDE&dib_tag=se&keywords=tissue+box&qid=1770741702&sr=8-56,,,,2026-02-10 23:43:19,tissue box,12.0
,amazon,B000MFKUS0,"Genuine Joe Facial Tissue, 7.9"" x 7.5"", 2-Ply, 100 Sheets/Box, 30 Count",360373.0,445496.64,4.8,47744,1K+ bought in past month,Electronics,,https://m.media-amazon.com/images/I/71LK51Ai9sL._AC_UL320_.jpg,2026-02-10 23:41:44,,https://www.amazon.com/Genuine-Joe-GJO26100-Facial-Tissue/dp/B000MFKUS0/ref=sr_1_57?dib=eyJ2IjoiMSJ9.FA-J79mZku0ZenVfMaNHckgq9NePyXADVg_12mkYdeE2oQsTh0sGU1VFPthxPU7maYUaXnXVuy6vX3oXVXsSBXB-rb_7P9jAAQjA00FLClweGXqCIiqqC6_49wlltAjW4oDFJo2eQmdSwheE58x9xWZbNyoEWTwtv5jDhgmm2VUmrkL8Cy_n3X09-1gEL0eKr8QVF3rfLvHV-VK3_vFLuRf_V1qBGZlf4ses4VbuVRCGihxA5muwTOK2BpymTMz1ch-eaNFQqXSRmVa5beq_mBD5W6S6QaEy-F0_YXM-ZeY.5DaGS73fJHHxaYHPFRi_R_8p_lSaPCxilya8D1sBxDE&dib_tag=se&keywords=tissue+box&qid=1770741702&sr=8-57,,,,2026-02-10 23:43:19,tissue box,12.0
,amazon,B0FD9QGNWD,"Bc Babycare Cloud Touch Lotion Ultra Soft Facial Tissues, 8 Cube Boxes, Hypoallergenic, Plant-based Materials, Clean Gentle Baby Essentials, 60 Tissue",369102.0,411510.81,4.8,36985,700+ bought in past month,Electronics,,https://m.media-amazon.com/images/I/61eAvAkwTcL._AC_UL320_.jpg,2026-02-10 23:41:44,,https://www.amazon.com/Babycare-Hypoallergenic-Plant-based-Materials-Essentials/dp/B0FD9QGNWD/ref=sr_1_58?dib=eyJ2IjoiMSJ9.FA-J79mZku0ZenVfMaNHckgq9NePyXADVg_12mkYdeE2oQsTh0sGU1VFPthxPU7maYUaXnXVuy6vX3oXVXsSBXB-rb_7P9jAAQjA00FLClweGXqCIiqqC6_49wlltAjW4oDFJo2eQmdSwheE58x9xWZbNyoEWTwtv5jDhgmm2VUmrkL8Cy_n3X09-1gEL0eKr8QVF3rfLvHV-VK3_vFLuRf_V1qBGZlf4ses4VbuVRCGihxA5muwTOK2BpymTMz1ch-eaNFQqXSRmVa5beq_mBD5W6S6QaEy-F0_YXM-ZeY.5DaGS73fJHHxaYHPFRi_R_8p_lSaPCxilya8D1sBxDE&dib_tag=se&keywords=tissue+box&qid=1770741702&sr=8-58,,,,2026-02-10 23:43:19,tissue box,12.0
,amazon,B0BVYP3JZK,"Linen Square Tissue Box Cover,Cube Tissue Box Holder－Excellent Rosegold Leather Decoration,Table Napkin Case Dispenser,Facial Tissues Organizer with M",285177.0,347499.88,3.9,5265,50+ bought in past month,Electronics,,https://m.media-amazon.com/images/I/814QIjnIjZL._AC_UL320_.jpg,2026-02-10 23:41:44,,https://www.amazon.com/sspa/click?ie=UTF8&spc=MTozODU2MDY4MjczNTAwODgzOjE3NzA3NDE3MDI6c3BfbXRmOjIwMDE0MjAxMTUwNTI5ODo6MDo6&url=%2FClassic-RHCSZ-Dispenser-Organizer-Magnetic%2Fdp%2FB0BVYP3JZK%2Fref%3Dsr_1_59_sspa%3Fdib%3DeyJ2IjoiMSJ9.FA-J79mZku0ZenVfMaNHckgq9NePyXADVg_12mkYdeE2oQsTh0sGU1VFPthxPU7maYUaXnXVuy6vX3oXVXsSBXB-rb_7P9jAAQjA00FLClweGXqCIiqqC6_49wlltAjW4oDFJo2eQmdSwheE58x9xWZbNyoEWTwtv5jDhgmm2VUmrkL8Cy_n3X09-1gEL0eKr8QVF3rfLvHV-VK3_vFLuRf_V1qBGZlf4ses4VbuVRCGihxA5muwTOK2BpymTMz1ch-eaNFQqXSRmVa5beq_mBD5W6S6QaEy-F0_YXM-ZeY.5DaGS73fJHHxaYHPFRi_R_8p_lSaPCxilya8D1sBxDE%26dib_tag%3Dse%26keywords%3Dtissue%2Bbox%26qid%3D1770741702%26sr%3D8-59-spons%26sp_csd%3Dd2lkZ2V0TmFtZT1zcF9tdGY%26psc%3D1,,,,2026-02-10 23:43:19,tissue box,12.0
,amazon,B0DFJ5SGK3,"Resin Tissue Box Cover for Modern Home Decor - Minimalist Square Tissue Box Holder for Guest Room, Bedroom, Bathroom, Tabletop & Office - Durable and ",419457.0,494782.96,3.6,37680,Shop products from small business brands sold in A,Electronics,,https://m.media-amazon.com/images/I/81Rn7UMJHXL._AC_UL320_.jpg,2026-02-10 23:41:44,,https://www.amazon.com/sspa/click?ie=UTF8&spc=MTozODU2MDY4MjczNTAwODgzOjE3NzA3NDE3MDI6c3BfbXRmOjMwMDc0MTcwMjQxNTIwMjo6MDo6&url=%2FResin-Tissue-Cover-Modern-Home%2Fdp%2FB0DFJ5SGK3%2Fref%3Dsr_1_60_sspa%3Fdib%3DeyJ2IjoiMSJ9.FA-J79mZku0ZenVfMaNHckgq9NePyXADVg_12mkYdeE2oQsTh0sGU1VFPthxPU7maYUaXnXVuy6vX3oXVXsSBXB-rb_7P9jAAQjA00FLClweGXqCIiqqC6_49wlltAjW4oDFJo2eQmdSwheE58x9xWZbNyoEWTwtv5jDhgmm2VUmrkL8Cy_n3X09-1gEL0eKr8QVF3rfLvHV-VK3_vFLuRf_V1qBGZlf4ses4VbuVRCGihxA5muwTOK2BpymTMz1ch-eaNFQqXSRmVa5beq_mBD5W6S6QaEy-F0_YXM-ZeY.5DaGS73fJHHxaYHPFRi_R_8p_lSaPCxilya8D1sBxDE%26dib_tag%3Dse%26keywords%3Dtissue%2Bbox%26qid%3D1770741702%26sr%3D8-60-spons%26sp_csd%3Dd2lkZ2V0TmFtZT1zcF9tdGY%26psc%3D1,,,,2026-02-10 23:43:19,tissue box,12.0
,amazon,B0CM9K57LV,Tissue Box Cover Rectangular Tissue Box Holder for Bathroom (White),285177.0,314825.46,4.0,22894,100+ bought in past month,Electronics,,https://m.media-amazon.com/images/I/51aQLtbPUdL._AC_UL320_.jpg,2026-02-10 23:41:44,,https://www.amazon.com/sspa/click?ie=UTF8&spc=MTozODU2MDY4MjczNTAwODgzOjE3NzA3NDE3MDI6c3BfbXRmOjMwMDEyNzE2MTU4OTUwMjo6MDo6&url=%2FColylan-Tissue-Rectangle-Holder-Bathroom%2Fdp%2FB0CM9K57LV%2Fref%3Dsr_1_61_sspa%3Fdib%3DeyJ2IjoiMSJ9.FA-J79mZku0ZenVfMaNHckgq9NePyXADVg_12mkYdeE2oQsTh0sGU1VFPthxPU7maYUaXnXVuy6vX3oXVXsSBXB-rb_7P9jAAQjA00FLClweGXqCIiqqC6_49wlltAjW4oDFJo2eQmdSwheE58x9xWZbNyoEWTwtv5jDhgmm2VUmrkL8Cy_n3X09-1gEL0eKr8QVF3rfLvHV-VK3_vFLuRf_V1qBGZlf4ses4VbuVRCGihxA5muwTOK2BpymTMz1ch-eaNFQqXSRmVa5beq_mBD5W6S6QaEy-F0_YXM-ZeY.5DaGS73fJHHxaYHPFRi_R_8p_lSaPCxilya8D1sBxDE%26dib_tag%3Dse%26keywords%3Dtissue%2Bbox%26qid%3D1770741702%26sr%3D8-61-spons%26sp_csd%3Dd2lkZ2V0TmFtZT1zcF9tdGY%26psc%3D1,,,,2026-02-10 23:43:19,tissue box,12.0
,amazon,B097DZ5L8F,"High-end Pu Leather Tissue Box Holder Two Color Combination-Linen and Wood Grain,Rounded Rectangle Napkin Paper Case Dispenser for Home Bathroom Dress",301962.0,355777.88,3.5,23942,50+ bought in past month,Electronics,,https://m.media-amazon.com/images/I/81kkogGrMcL._AC_UL320_.jpg,2026-02-10 23:41:44,,https://www.amazon.com/sspa/click?ie=UTF8&spc=MTozODU2MDY4MjczNTAwODgzOjE3NzA3NDE3MDI6c3BfbXRmOjIwMDA5Mjc4OTI4MzYzMTo6MDo6&url=%2FRectangle-Dispenser-Automotive-Decoration-zjh-2%2Fdp%2FB097DZ5L8F%2Fref%3Dsr_1_62_sspa%3Fdib%3DeyJ2IjoiMSJ9.FA-J79mZku0ZenVfMaNHckgq9NePyXADVg_12mkYdeE2oQsTh0sGU1VFPthxPU7maYUaXnXVuy6vX3oXVXsSBXB-rb_7P9jAAQjA00FLClweGXqCIiqqC6_49wlltAjW4oDFJo2eQmdSwheE58x9xWZbNyoEWTwtv5jDhgmm2VUmrkL8Cy_n3X09-1gEL0eKr8QVF3rfLvHV-VK3_vFLuRf_V1qBGZlf4ses4VbuVRCGihxA5muwTOK2BpymTMz1ch-eaNFQqXSRmVa5beq_mBD5W6S6QaEy-F0_YXM-ZeY.5DaGS73fJHHxaYHPFRi_R_8p_lSaPCxilya8D1sBxDE%26dib_tag%3Dse%26keywords%3Dtissue%2Bbox%26qid%3D1770741702%26sr%3D8-62-spons%26sp_csd%3Dd2lkZ2V0TmFtZT1zcF9tdGY%26psc%3D1,,,,2026-02-10 23:43:19,tissue box,12.0
,amazon,B0DMNHMN3S,"Tissue Box Cover Square with Magnetic Closure, PU Leather Tissue Box Holder for Bathroom NightStands Livingroom, Decorative Modern Square Tissue Holde",335532.0,430864.03,4.1,31273,1K+ bought in past month,Electronics,,https://m.media-amazon.com/images/I/71f6ol9XDhL._AC_UL320_.jpg,2026-02-10 23:41:44,,https://www.amazon.com/Cretkhp-Magnetic-Decorative-Organizer-Countertop/dp/B0DMNHMN3S/ref=sr_1_63?dib=eyJ2IjoiMSJ9.FA-J79mZku0ZenVfMaNHckgq9NePyXADVg_12mkYdeE2oQsTh0sGU1VFPthxPU7maYUaXnXVuy6vX3oXVXsSBXB-rb_7P9jAAQjA00FLClweGXqCIiqqC6_49wlltAjW4oDFJo2eQmdSwheE58x9xWZbNyoEWTwtv5jDhgmm2VUmrkL8Cy_n3X09-1gEL0eKr8QVF3rfLvHV-VK3_vFLuRf_V1qBGZlf4ses4VbuVRCGihxA5muwTOK2BpymTMz1ch-eaNFQqXSRmVa5beq_mBD5W6S6QaEy-F0_YXM-ZeY.5DaGS73fJHHxaYHPFRi_R_8p_lSaPCxilya8D1sBxDE&dib_tag=se&keywords=tissue+box&qid=1770741702&sr=8-63,,,,2026-02-10 23:43:19,tissue box,12.0
,amazon,AMZ_SAMPLE_9_0,HP tissue box Model 1,726.77,2094.01,4.5,19895,HP Store,Electronics,,https://via.placeholder.com/150?text=HP,2026-02-10 23:42:58,,https://www.amazon.com/dp/SAMPLE90,,,,2026-02-10 23:43:19,tissue box,12.0
,amazon,AMZ_SAMPLE_9_1,Lenovo tissue box Model 2,436.34,1599.89,3.5,31999,Lenovo Store,Electronics,,https://via.placeholder.com/150?text=Lenovo,2026-02-10 23:42:58,,https://www.amazon.com/dp/SAMPLE91,,,,2026-02-10 23:43:19,tissue box,12.0
,amazon,AMZ_SAMPLE_9_2,Dell tissue box Model 3,1553.91,1256.99,4.6,26585,Dell Store,Electronics,,https://via.placeholder.com/150?text=Dell,2026-02-10 23:42:58,,https://www.amazon.com/dp/SAMPLE92,,,,2026-02-10 23:43:19,tissue box,12.0
,amazon,AMZ_SAMPLE_9_3,HP tissue box Model 4,1144.58,1110.65,4.3,34832,HP Store,Electronics,,https://via.placeholder.com/150?text=HP,2026-02-10 23:42:58,,https://www.amazon.com/dp/SAMPLE93,,,,2026-02-10 23:43:19,tissue box,12.0
,amazon,AMZ_SAMPLE_9_4,Dell tissue box Model 5,1472.49,568.18,4.0,23446,Dell Store,Electronics,,https://via.placeholder.com/150?text=Dell,2026-02-10 23:42:58,,https://www.amazon.com/dp/SAMPLE94,,,,2026-02-10 23:43:19,tissue box,12.0
,amazon,,Need help?,0.0,0.0,3.8,6094,Amazon,Electronics,,,2026-02-10 23:43:12,,,,,,2026-02-10 23:43:19,tissue box,12.0
,amazon,B0CNQ5X4Y1,"How To Draw Everything: 300 Drawings of Cute Stuff, Animals, Food, Gifts, and other Amazing Things | Book For Kids",182956.0,211360.84,4.7,10194,More Buying Choices,Electronics,,https://m.media-amazon.com/images/I/613znXUaEWL._AC_UL320_.jpg,2026-02-11 00:28:22,,https://www.amazon.com/How-Draw-Everything-Drawings-Animals/dp/B0CNQ5X4Y1/ref=sr_1_1?dib=eyJ2IjoiMSJ9.S_hk0zVkprQZ9M7mEUPLfr3WD-U10X6AeliGYl37S33ZDHz0YIK75o3ybNsSYWDg-M8kK2kGQoDPY7yl6Qxrswbl4exGM82Y5qmJ94H9twV19hD1L9oCbodUNSb3vshDx0QFoiiYF6u4o2PRCQHfJfe8o2usc1lRvXHHFx7NNN5HmJX2BAHGbOK0Je5LLSZw8PJhEtgQgczTOfDRRfww3xoz68NfGo0Y-_1pc2gANTWEhAiQGb2uQseKIO_1x6ZrYrvYWlN-FxihOghXkNjyDJqKpC0bIAHnZcfqH_aWFbQ.SnGKtW5jBAvuYSVbgDSCmeSoOZpJPjeoxS_NrJvs7j0&dib_tag=se&keywords=drawing+book&qid=1770744500&sr=8-1,,,,2026-02-11 00:30:10,drawing book,13.0
,amazon,B0CMBF13BK,"8.5x11inches Hardbound Sketch Book, Spiral Bound Sketch Pad, 80-Sheets 90gsm Inner Paper, Acid Free Drawing Art Paper, Prefect Works with Kids and Adu",150897.0,166187.46,3.0,22160,8K+ bought in past month,Electronics,,https://m.media-amazon.com/images/I/51WbVky1vDL._AC_UL320_.jpg,2026-02-11 00:28:22,,https://www.amazon.com/8-5x11inches-Hardbound-80-Sheets-Drawing-Prefect/dp/B0CMBF13BK/ref=sr_1_2?dib=eyJ2IjoiMSJ9.S_hk0zVkprQZ9M7mEUPLfr3WD-U10X6AeliGYl37S33ZDHz0YIK75o3ybNsSYWDg-M8kK2kGQoDPY7yl6Qxrswbl4exGM82Y5qmJ94H9twV19hD1L9oCbodUNSb3vshDx0QFoiiYF6u4o2PRCQHfJfe8o2usc1lRvXHHFx7NNN5HmJX2BAHGbOK0Je5LLSZw8PJhEtgQgczTOfDRRfww3xoz68NfGo0Y-_1pc2gANTWEhAiQGb2uQseKIO_1x6ZrYrvYWlN-FxihOghXkNjyDJqKpC0bIAHnZcfqH_aWFbQ.SnGKtW5jBAvuYSVbgDSCmeSoOZpJPjeoxS_NrJvs7j0&dib_tag=se&keywords=drawing+book&qid=1770744500&sr=8-2,,,,2026-02-11 00:30:10,drawing book,13.0
,amazon,B08TLK1ZSV,"Fuxi 9"" x 12"" Sketch Book, Top Spiral Bound Sketch Pad, 100 Sheets 68lb/100gsm Acid-Free Drawing Paper, Art Sketchbook for Drawing Pad for Kids Artist",234822.0,270744.88,3.8,19970,9K+ bought in past month,Electronics,,https://m.media-amazon.com/images/I/715vJuMBYPL._AC_UL320_.jpg,2026-02-11 00:28:22,,https://www.amazon.com/100-Sheets-Sketchbook-Artistic-Painting-Beginners/dp/B08TLK1ZSV/ref=sr_1_3?dib=eyJ2IjoiMSJ9.S_hk0zVkprQZ9M7mEUPLfr3WD-U10X6AeliGYl37S33ZDHz0YIK75o3ybNsSYWDg-M8kK2kGQoDPY7yl6Qxrswbl4exGM82Y5qmJ94H9twV19hD1L9oCbodUNSb3vshDx0QFoiiYF6u4o2PRCQHfJfe8o2usc1lRvXHHFx7NNN5HmJX2BAHGbOK0Je5LLSZw8PJhEtgQgczTOfDRRfww3xoz68NfGo0Y-_1pc2gANTWEhAiQGb2uQseKIO_1x6ZrYrvYWlN-FxihOghXkNjyDJqKpC0bIAHnZcfqH_aWFbQ.SnGKtW5jBAvuYSVbgDSCmeSoOZpJPjeoxS_NrJvs7j0&dib_tag=se&keywords=drawing+book&qid=1770744500&sr=8-3,,,,2026-02-11 00:30:10,drawing book,13.0
,amazon,B0B19J9FZM,"Soucolor 9"" x 12"" Sketch Book, 100 Sheets Top Spiral Bound Sketchbook with Acid-Free 68lb/100gsm Drawing Paper, Art Sketch Pad for Kids, Adults & Arti",167682.0,192931.26,4.6,36949,10K+ bought in past month,Electronics,,https://m.media-amazon.com/images/I/71I1HOAYmfL._AC_UL320_.jpg,2026-02-11 00:28:22,,https://www.amazon.com/Soucolor-1-Pack-Sketchbook-Painting-Sketching/dp/B0B19J9FZM/ref=sr_1_4?dib=eyJ2IjoiMSJ9.S_hk0zVkprQZ9M7mEUPLfr3WD-U10X6AeliGYl37S33ZDHz0YIK75o3ybNsSYWDg-M8kK2kGQoDPY7yl6Qxrswbl4exGM82Y5qmJ94H9twV19hD1L9oCbodUNSb3vshDx0QFoiiYF6u4o2PRCQHfJfe8o2usc1lRvXHHFx7NNN5HmJX2BAHGbOK0Je5LLSZw8PJhEtgQgczTOfDRRfww3xoz68NfGo0Y-_1pc2gANTWEhAiQGb2uQseKIO_1x6ZrYrvYWlN-FxihOghXkNjyDJqKpC0bIAHnZcfqH_aWFbQ.SnGKtW5jBAvuYSVbgDSCmeSoOZpJPjeoxS_NrJvs7j0&dib_tag=se&keywords=drawing+book&qid=1770744500&sr=8-4,,,,2026-02-11 00:30:10,drawing book,13.0
,amazon,B0D5R7JRKZ,"Hapikalor Watercolor Paper Pad, 9""x12"" Water Color Paper, 140lb/300gsm Artist Painting Drawing Paper Book, Art Supplies for Adults Kids, Watercolors, ",167682.0,208265.0,4.8,12735,10K+ bought in past month,Electronics,,https://m.media-amazon.com/images/I/61FbmMPtNbL._AC_UL320_.jpg,2026-02-11 00:28:22,,https://www.amazon.com/Hapikalor-Watercolor-Painting-Watercolors-Sketchbook/dp/B0D5R7JRKZ/ref=sr_1_5?dib=eyJ2IjoiMSJ9.S_hk0zVkprQZ9M7mEUPLfr3WD-U10X6AeliGYl37S33ZDHz0YIK75o3ybNsSYWDg-M8kK2kGQoDPY7yl6Qxrswbl4exGM82Y5qmJ94H9twV19hD1L9oCbodUNSb3vshDx0QFoiiYF6u4o2PRCQHfJfe8o2usc1lRvXHHFx7NNN5HmJX2BAHGbOK0Je5LLSZw8PJhEtgQgczTOfDRRfww3xoz68NfGo0Y-_1pc2gANTWEhAiQGb2uQseKIO_1x6ZrYrvYWlN-FxihOghXkNjyDJqKpC0bIAHnZcfqH_aWFbQ.SnGKtW5jBAvuYSVbgDSCmeSoOZpJPjeoxS_NrJvs7j0&dib_tag=se&keywords=drawing+book&qid=1770744500&sr=8-5,,,,2026-02-11 00:30:10,drawing book,13.0
,amazon,B0D2MG1F8C,"How to Draw Anything for kids: 300 Cute Step-by-Step Drawing Stuff: Amazing Food, Animals, Kawaii, Gifts and Other (How to draw books for kids)",218037.0,254751.78,3.9,9885,More Buying Choices,Electronics,,https://m.media-amazon.com/images/I/71Nkbksy6LL._AC_UL320_.jpg,2026-02-11 00:28:22,,https://www.amazon.com/Draw-Anything-kids-Step-Step/dp/B0D2MG1F8C/ref=sr_1_6?dib=eyJ2IjoiMSJ9.S_hk0zVkprQZ9M7mEUPLfr3WD-U10X6AeliGYl37S33ZDHz0YIK75o3ybNsSYWDg-M8kK2kGQoDPY7yl6Qxrswbl4exGM82Y5qmJ94H9twV19hD1L9oCbodUNSb3vshDx0QFoiiYF6u4o2PRCQHfJfe8o2usc1lRvXHHFx7NNN5HmJX2BAHGbOK0Je5LLSZw8PJhEtgQgczTOfDRRfww3xoz68NfGo0Y-_1pc2gANTWEhAiQGb2uQseKIO_1x6ZrYrvYWlN-FxihOghXkNjyDJqKpC0bIAHnZcfqH_aWFbQ.SnGKtW5jBAvuYSVbgDSCmeSoOZpJPjeoxS_NrJvs7j0&dib_tag=se&keywords=drawing+book&qid=1770744500&sr=8-6,,,,2026-02-11 00:30:10,drawing book,13.0
,amazon,0615991424,How to Draw Cool Stuff: A Drawing Guide for Teachers and Students,267049.0,335420.46,4.8,18161,List:,Electronics,,https://m.media-amazon.com/images/I/716XQmymAnL._AC_UL320_.jpg,2026-02-11 00:28:22,,https://www.amazon.com/How-Draw-Cool-Stuff-Teachers/dp/0615991424/ref=sr_1_7?dib=eyJ2IjoiMSJ9.S_hk0zVkprQZ9M7mEUPLfr3WD-U10X6AeliGYl37S33ZDHz0YIK75o3ybNsSYWDg-M8kK2kGQoDPY7yl6Qxrswbl4exGM82Y5qmJ94H9twV19hD1L9oCbodUNSb3vshDx0QFoiiYF6u4o2PRCQHfJfe8o2usc1lRvXHHFx7NNN5HmJX2BAHGbOK0Je5LLSZw8PJhEtgQgczTOfDRRfww3xoz68NfGo0Y-_1pc2gANTWEhAiQGb2uQseKIO_1x6ZrYrvYWlN-FxihOghXkNjyDJqKpC0bIAHnZcfqH_aWFbQ.SnGKtW5jBAvuYSVbgDSCmeSoOZpJPjeoxS_NrJvs7j0&dib_tag=se&keywords=drawing+book&qid=1770744500&sr=8-7,,,,2026-02-11 00:30:10,drawing book,13.0
,amazon,B09JGB4KVL,[LEZHIN] Point Character Drawing [paperback],562297.0,644716.35,4.8,2216,Korean Edition,Electronics,,https://m.media-amazon.com/images/I/71jee+zvLrL._AC_UL320_.jpg,2026-02-11 00:28:22,,https://www.amazon.com/LEZHIN-Point-Character-Drawing-paperback/dp/B09JGB4KVL/ref=sr_1_8?dib=eyJ2IjoiMSJ9.S_hk0zVkprQZ9M7mEUPLfr3WD-U10X6AeliGYl37S33ZDHz0YIK75o3ybNsSYWDg-M8kK2kGQoDPY7yl6Qxrswbl4exGM82Y5qmJ94H9twV19hD1L9oCbodUNSb3vshDx0QFoiiYF6u4o2PRCQHfJfe8o2usc1lRvXHHFx7NNN5HmJX2BAHGbOK0Je5LLSZw8PJhEtgQgczTOfDRRfww3xoz68NfGo0Y-_1pc2gANTWEhAiQGb2uQseKIO_1x6ZrYrvYWlN-FxihOghXkNjyDJqKpC0bIAHnZcfqH_aWFbQ.SnGKtW5jBAvuYSVbgDSCmeSoOZpJPjeoxS_NrJvs7j0&dib_tag=se&keywords=drawing+book&qid=1770744500&sr=8-8,,,,2026-02-11 00:30:10,drawing book,13.0
,amazon,B0CJD78CKH,How to draw and think like a true artist: A 30-day Drawing Guide - From the Fundamentals to Step-by-Step Instructions with Detailed Illustrations and ,335532.0,372326.64,4.3,47192,Other format:,Electronics,,https://m.media-amazon.com/images/I/71tG5tAs+4L._AC_UL320_.jpg,2026-02-11 00:28:22,,https://www.amazon.com/draw-think-artist-Step-Step/dp/B0CJD78CKH/ref=sr_1_9?dib=eyJ2IjoiMSJ9.S_hk0zVkprQZ9M7mEUPLfr3WD-U10X6AeliGYl37S33ZDHz0YIK75o3ybNsSYWDg-M8kK2kGQoDPY7yl6Qxrswbl4exGM82Y5qmJ94H9twV19hD1L9oCbodUNSb3vshDx0QFoiiYF6u4o2PRCQHfJfe8o2usc1lRvXHHFx7NNN5HmJX2BAHGbOK0Je5LLSZw8PJhEtgQgczTOfDRRfww3xoz68NfGo0Y-_1pc2gANTWEhAiQGb2uQseKIO_1x6ZrYrvYWlN-FxihOghXkNjyDJqKpC0bIAHnZcfqH_aWFbQ.SnGKtW5jBAvuYSVbgDSCmeSoOZpJPjeoxS_NrJvs7j0&dib_tag=se&keywords=drawing+book&qid=1770744500&sr=8-9,,,,2026-02-11 00:30:10,drawing book,13.0
,amazon,1959885146,How to Draw Anything in 3D: Learn to Draw Fun Things in Three Dimensions with Step-by-Step Lessons and Guides,285177.0,328721.39,5.0,9164,More Buying Choices,Electronics,,https://m.media-amazon.com/images/I/71SXEO8AUnL._AC_UL320_.jpg,2026-02-11 00:28:22,,https://www.amazon.com/How-Draw-Anything-Step-Step/dp/1959885146/ref=sr_1_10?dib=eyJ2IjoiMSJ9.S_hk0zVkprQZ9M7mEUPLfr3WD-U10X6AeliGYl37S33ZDHz0YIK75o3ybNsSYWDg-M8kK2kGQoDPY7yl6Qxrswbl4exGM82Y5qmJ94H9twV19hD1L9oCbodUNSb3vshDx0QFoiiYF6u4o2PRCQHfJfe8o2usc1lRvXHHFx7NNN5HmJX2BAHGbOK0Je5LLSZw8PJhEtgQgczTOfDRRfww3xoz68NfGo0Y-_1pc2gANTWEhAiQGb2uQseKIO_1x6ZrYrvYWlN-FxihOghXkNjyDJqKpC0bIAHnZcfqH_aWFbQ.SnGKtW5jBAvuYSVbgDSCmeSoOZpJPjeoxS_NrJvs7j0&dib_tag=se&keywords=drawing+book&qid=1770744500&sr=8-10,,,,2026-02-11 00:30:10,drawing book,13.0
,amazon,1941325815,"The Artist's Drawing Book: Learn How to Draw, Sketch, Shade, and More with Easy Lessons and Practice Pages",352652.0,426012.92,3.6,26453,List:,Electronics,,https://m.media-amazon.com/images/I/91Ksm+TdlOL._AC_UL320_.jpg,2026-02-11 00:28:22,,https://www.amazon.com/Artists-Drawing-Book-Lessons-Practice/dp/1941325815/ref=sr_1_11?dib=eyJ2IjoiMSJ9.S_hk0zVkprQZ9M7mEUPLfr3WD-U10X6AeliGYl37S33ZDHz0YIK75o3ybNsSYWDg-M8kK2kGQoDPY7yl6Qxrswbl4exGM82Y5qmJ94H9twV19hD1L9oCbodUNSb3vshDx0QFoiiYF6u4o2PRCQHfJfe8o2usc1lRvXHHFx7NNN5HmJX2BAHGbOK0Je5LLSZw8PJhEtgQgczTOfDRRfww3xoz68NfGo0Y-_1pc2gANTWEhAiQGb2uQseKIO_1x6ZrYrvYWlN-FxihOghXkNjyDJqKpC0bIAHnZcfqH_aWFbQ.SnGKtW5jBAvuYSVbgDSCmeSoOZpJPjeoxS_NrJvs7j0&dib_tag=se&keywords=drawing+book&qid=1770744500&sr=8-11,,,,2026-02-11 00:30:10,drawing book,13.0
,amazon,B0DF77698M,"9"" x 12"" Sketch Book, 2-Pack 50 Sheets Spiral Bound Art Sketchbook, Acid Free Artist Drawing Book Paper, Art Supplies for Adults Kids, Craft Activitie",201252.0,223918.27,3.3,25781,10K+ bought in past month,Electronics,,https://m.media-amazon.com/images/I/71yOOFrPJzL._AC_UL320_.jpg,2026-02-11 00:28:22,,https://www.amazon.com/Sketchbook-Supplies-Activities-Coloring-Sketching/dp/B0DF77698M/ref=sr_1_12?dib=eyJ2IjoiMSJ9.S_hk0zVkprQZ9M7mEUPLfr3WD-U10X6AeliGYl37S33ZDHz0YIK75o3ybNsSYWDg-M8kK2kGQoDPY7yl6Qxrswbl4exGM82Y5qmJ94H9twV19hD1L9oCbodUNSb3vshDx0QFoiiYF6u4o2PRCQHfJfe8o2usc1lRvXHHFx7NNN5HmJX2BAHGbOK0Je5LLSZw8PJhEtgQgczTOfDRRfww3xoz68NfGo0Y-_1pc2gANTWEhAiQGb2uQseKIO_1x6ZrYrvYWlN-FxihOghXkNjyDJqKpC0bIAHnZcfqH_aWFbQ.SnGKtW5jBAvuYSVbgDSCmeSoOZpJPjeoxS_NrJvs7j0&dib_tag=se&keywords=drawing+book&qid=1770744500&sr=8-12,,,,2026-02-11 00:30:10,drawing book,13.0
,amazon,B0D7VHWKKV,"9"" x 12"" Sketch Book, Top Spiral Sketchbook, 100 Sheets Sketch Pad, (68 lb/100 GSM) Drawing Paper Pad, Drawing Pad for Kids, Artist Sketchbook for Dra",201252.0,228245.79,4.0,24232,1K+ bought in past month,Electronics,,https://m.media-amazon.com/images/I/61hqnvavpfL._AC_UL320_.jpg,2026-02-11 00:28:22,,https://www.amazon.com/Sketchbook-Drawing-Notebook-Illustration-Students/dp/B0D7VHWKKV/ref=sr_1_13?dib=eyJ2IjoiMSJ9.S_hk0zVkprQZ9M7mEUPLfr3WD-U10X6AeliGYl37S33ZDHz0YIK75o3ybNsSYWDg-M8kK2kGQoDPY7yl6Qxrswbl4exGM82Y5qmJ94H9twV19hD1L9oCbodUNSb3vshDx0QFoiiYF6u4o2PRCQHfJfe8o2usc1lRvXHHFx7NNN5HmJX2BAHGbOK0Je5LLSZw8PJhEtgQgczTOfDRRfww3xoz68NfGo0Y-_1pc2gANTWEhAiQGb2uQseKIO_1x6ZrYrvYWlN-FxihOghXkNjyDJqKpC0bIAHnZcfqH_aWFbQ.SnGKtW5jBAvuYSVbgDSCmeSoOZpJPjeoxS_NrJvs7j0&dib_tag=se&keywords=drawing+book&qid=1770744500&sr=8-13,,,,2026-02-11 00:30:10,drawing book,13.0
,amazon,B0027A39PY,"Strathmore 400 Series Sketch Pad, 9x12 inch, 100 Sheets - Artist Sketchbook for Drawing, Illustration, Art Class Students",201252.0,232366.34,3.0,45811,2K+ bought in past month,Electronics,,https://m.media-amazon.com/images/I/71+QK5pJQmL._AC_UL320_.jpg,2026-02-11 00:28:22,,https://www.amazon.com/Strathmore-400-Sketch-Pads-12/dp/B0027A39PY/ref=sr_1_14?dib=eyJ2IjoiMSJ9.S_hk0zVkprQZ9M7mEUPLfr3WD-U10X6AeliGYl37S33ZDHz0YIK75o3ybNsSYWDg-M8kK2kGQoDPY7yl6Qxrswbl4exGM82Y5qmJ94H9twV19hD1L9oCbodUNSb3vshDx0QFoiiYF6u4o2PRCQHfJfe8o2usc1lRvXHHFx7NNN5HmJX2BAHGbOK0Je5LLSZw8PJhEtgQgczTOfDRRfww3xoz68NfGo0Y-_1pc2gANTWEhAiQGb2uQseKIO_1x6ZrYrvYWlN-FxihOghXkNjyDJqKpC0bIAHnZcfqH_aWFbQ.SnGKtW5jBAvuYSVbgDSCmeSoOZpJPjeoxS_NrJvs7j0&dib_tag=se&keywords=drawing+book&qid=1770744500&sr=8-14,,,,2026-02-11 00:30:10,drawing book,13.0
,amazon,B0D8PW2CWW,"Forvencer 2 Pack Blank Spiral Notebook, 8""x 5.6""Hardcover Sketch Book, 100GSM Thick Paper, Art Sketchbook for Women & Adult, 100 pages / 50 Sheets Dra",117327.0,141242.29,3.3,34518,2K+ bought in past month,Electronics,,https://m.media-amazon.com/images/I/71sogqsY7oL._AC_UL320_.jpg,2026-02-11 00:28:22,,https://www.amazon.com/Forvencer-Notebook-Hardcover-Sketchbook-Drawing/dp/B0D8PW2CWW/ref=sr_1_15?dib=eyJ2IjoiMSJ9.S_hk0zVkprQZ9M7mEUPLfr3WD-U10X6AeliGYl37S33ZDHz0YIK75o3ybNsSYWDg-M8kK2kGQoDPY7yl6Qxrswbl4exGM82Y5qmJ94H9twV19hD1L9oCbodUNSb3vshDx0QFoiiYF6u4o2PRCQHfJfe8o2usc1lRvXHHFx7NNN5HmJX2BAHGbOK0Je5LLSZw8PJhEtgQgczTOfDRRfww3xoz68NfGo0Y-_1pc2gANTWEhAiQGb2uQseKIO_1x6ZrYrvYWlN-FxihOghXkNjyDJqKpC0bIAHnZcfqH_aWFbQ.SnGKtW5jBAvuYSVbgDSCmeSoOZpJPjeoxS_NrJvs7j0&dib_tag=se&keywords=drawing+book&qid=1770744500&sr=8-15,,,,2026-02-11 00:30:10,drawing book,13.0
,amazon,1338283812,How to Draw Deluxe Edition (Pokémon),150897.0,181521.43,3.6,24203,List:,Electronics,,https://m.media-amazon.com/images/I/919ZsK6kAfL._AC_UL320_.jpg,2026-02-11 00:28:26,,https://www.amazon.com/Draw-Deluxe-Pok%C3%A9mon-Maria-Barbo/dp/1338283812/ref=sr_1_49?dib=eyJ2IjoiMSJ9.sUtZc_ROrOVzniGyjoCtE1AROq5QRsFjootPhiUewKeYVcwDTGEFnBu5b4zWFvhCK8hNJlbM3yw_n39Z_8MChsYprDEZR1YHZvsXYUEKiIwhzTjGkM6HnaB-PGCa4TW1x-W5mmVq5GQAO5sReQvBZjmX1DXGl7Etj4VYcEwU7YvRIP6ng-U-Op8OrhSP63-FOGrvNoS4TcewdKpm9s1wY-Y0VOHqula_FRpuiodoYBiS4f2iG6ewIwlp1NVlVJxfIJWlpLH1FmYdAy9K9Ude3qvypKiugnb6Lb1eroO8nik.Xrv0njaSOgIc8-r77g-X0_5ECxjkBzgpyHA3rFLeV7Q&dib_tag=se&keywords=drawing+book&qid=1770744504&sr=8-49,,,,2026-02-11 00:30:10,drawing book,13.0
,amazon,B085JK149N,"Prang (Formerly Art Street) Sketch Book, Lightweight, 11"" x 8-1/2"", 100 Sheets",167682.0,203498.91,4.1,38798,Amazon,Electronics,,https://m.media-amazon.com/images/I/81xeeHj0IIL._AC_UL320_.jpg,2026-02-11 00:28:26,,https://www.amazon.com/Art-Street-Sketch-Lightweight-Sheets/dp/B085JK149N/ref=sr_1_50?dib=eyJ2IjoiMSJ9.sUtZc_ROrOVzniGyjoCtE1AROq5QRsFjootPhiUewKeYVcwDTGEFnBu5b4zWFvhCK8hNJlbM3yw_n39Z_8MChsYprDEZR1YHZvsXYUEKiIwhzTjGkM6HnaB-PGCa4TW1x-W5mmVq5GQAO5sReQvBZjmX1DXGl7Etj4VYcEwU7YvRIP6ng-U-Op8OrhSP63-FOGrvNoS4TcewdKpm9s1wY-Y0VOHqula_FRpuiodoYBiS4f2iG6ewIwlp1NVlVJxfIJWlpLH1FmYdAy9K9Ude3qvypKiugnb6Lb1eroO8nik.Xrv0njaSOgIc8-r77g-X0_5ECxjkBzgpyHA3rFLeV7Q&dib_tag=se&keywords=drawing+book&qid=1770744504&sr=8-50,,,,2026-02-11 00:30:10,drawing book,13.0
,amazon,B073SPYFMN,ARTEZA Spiral Sketch Book 5.5x8.5 Drawing Pad 3 Pack 200 Sheets Sketch Pads for Drawing for Adults & Teens,309851.0,347516.55,4.0,42008,Amazon,Electronics,,https://m.media-amazon.com/images/I/715sODLIxgL._AC_UL320_.jpg,2026-02-11 00:28:26,,https://www.amazon.com/ARTEZA-Spiral-Bound-Supplies-Graphite-Charcoal/dp/B073SPYFMN/ref=sr_1_51?dib=eyJ2IjoiMSJ9.sUtZc_ROrOVzniGyjoCtE1AROq5QRsFjootPhiUewKeYVcwDTGEFnBu5b4zWFvhCK8hNJlbM3yw_n39Z_8MChsYprDEZR1YHZvsXYUEKiIwhzTjGkM6HnaB-PGCa4TW1x-W5mmVq5GQAO5sReQvBZjmX1DXGl7Etj4VYcEwU7YvRIP6ng-U-Op8OrhSP63-FOGrvNoS4TcewdKpm9s1wY-Y0VOHqula_FRpuiodoYBiS4f2iG6ewIwlp1NVlVJxfIJWlpLH1FmYdAy9K9Ude3qvypKiugnb6Lb1eroO8nik.Xrv0njaSOgIc8-r77g-X0_5ECxjkBzgpyHA3rFLeV7Q&dib_tag=se&keywords=drawing+book&qid=1770744504&sr=8-51,,,,2026-02-11 00:30:10,drawing book,13.0
,amazon,B0D8RKG5MW,"Crehatos 5.5"" x 8.5"" Small Sketch Book, Top Spiral Bound Sketch Pad, 100 Sheets Each 68lb/100gsm Drawing Paper, 2 Pack",167514.0,212378.13,4.4,40668,2K+ bought in past month,Electronics,,https://m.media-amazon.com/images/I/71RVfZIeWvL._AC_UL320_.jpg,2026-02-11 00:28:26,,https://www.amazon.com/Crehatos-Sketch-Spiral-Sheets-Drawing/dp/B0D8RKG5MW/ref=sr_1_52?dib=eyJ2IjoiMSJ9.sUtZc_ROrOVzniGyjoCtE1AROq5QRsFjootPhiUewKeYVcwDTGEFnBu5b4zWFvhCK8hNJlbM3yw_n39Z_8MChsYprDEZR1YHZvsXYUEKiIwhzTjGkM6HnaB-PGCa4TW1x-W5mmVq5GQAO5sReQvBZjmX1DXGl7Etj4VYcEwU7YvRIP6ng-U-Op8OrhSP63-FOGrvNoS4TcewdKpm9s1wY-Y0VOHqula_FRpuiodoYBiS4f2iG6ewIwlp1NVlVJxfIJWlpLH1FmYdAy9K9Ude3qvypKiugnb6Lb1eroO8nik.Xrv0njaSOgIc8-r77g-X0_5ECxjkBzgpyHA3rFLeV7Q&dib_tag=se&keywords=drawing+book&qid=1770744504&sr=8-52,,,,2026-02-11 00:30:10,drawing book,13.0
,amazon,B0FT9Y7TFM,"How to Draw and Think Vol.2: Stylizing Characters - Master Basic Anatomy, Explore Styles, and Create Unique Characters",301962.0,350305.38,4.7,43994,Amazon,Electronics,,https://m.media-amazon.com/images/I/71fLKrNOprL._AC_UL320_.jpg,2026-02-11 00:28:26,,https://www.amazon.com/How-Draw-Think-Vol-2-Characters/dp/B0FT9Y7TFM/ref=sr_1_53?dib=eyJ2IjoiMSJ9.sUtZc_ROrOVzniGyjoCtE1AROq5QRsFjootPhiUewKeYVcwDTGEFnBu5b4zWFvhCK8hNJlbM3yw_n39Z_8MChsYprDEZR1YHZvsXYUEKiIwhzTjGkM6HnaB-PGCa4TW1x-W5mmVq5GQAO5sReQvBZjmX1DXGl7Etj4VYcEwU7YvRIP6ng-U-Op8OrhSP63-FOGrvNoS4TcewdKpm9s1wY-Y0VOHqula_FRpuiodoYBiS4f2iG6ewIwlp1NVlVJxfIJWlpLH1FmYdAy9K9Ude3qvypKiugnb6Lb1eroO8nik.Xrv0njaSOgIc8-r77g-X0_5ECxjkBzgpyHA3rFLeV7Q&dib_tag=se&keywords=drawing+book&qid=1770744504&sr=8-53,,,,2026-02-11 00:30:10,drawing book,13.0
,amazon,0760397287,The Drawing Habit: A Step-by-Step Guide to Improving Your Drawing Skills and Cultivating a Lifelong Practice of Creativity - Includes Downloadable Pra,254964.0,319486.29,4.8,22130,List:,Electronics,,https://m.media-amazon.com/images/I/81jNLLhKbOL._AC_UL320_.jpg,2026-02-11 00:28:26,,https://www.amazon.com/Drawing-Habit-Step-Step-Downloadable/dp/0760397287/ref=sr_1_54?dib=eyJ2IjoiMSJ9.sUtZc_ROrOVzniGyjoCtE1AROq5QRsFjootPhiUewKeYVcwDTGEFnBu5b4zWFvhCK8hNJlbM3yw_n39Z_8MChsYprDEZR1YHZvsXYUEKiIwhzTjGkM6HnaB-PGCa4TW1x-W5mmVq5GQAO5sReQvBZjmX1DXGl7Etj4VYcEwU7YvRIP6ng-U-Op8OrhSP63-FOGrvNoS4TcewdKpm9s1wY-Y0VOHqula_FRpuiodoYBiS4f2iG6ewIwlp1NVlVJxfIJWlpLH1FmYdAy9K9Ude3qvypKiugnb6Lb1eroO8nik.Xrv0njaSOgIc8-r77g-X0_5ECxjkBzgpyHA3rFLeV7Q&dib_tag=se&keywords=drawing+book&qid=1770744504&sr=8-54,,,,2026-02-11 00:30:10,drawing book,13.0
,amazon,B0BFV6D5FB,How To Draw Everything: 600 Simple Step By Step Drawings For Kids Ages 4 to 8,259160.0,297122.45,3.3,20919,List:,Electronics,,https://m.media-amazon.com/images/I/71xGBwvt62L._AC_UL320_.jpg,2026-02-11 00:28:26,,https://www.amazon.com/How-Draw-Everything-Simple-Drawings/dp/B0BFV6D5FB/ref=sr_1_55?dib=eyJ2IjoiMSJ9.sUtZc_ROrOVzniGyjoCtE1AROq5QRsFjootPhiUewKeYVcwDTGEFnBu5b4zWFvhCK8hNJlbM3yw_n39Z_8MChsYprDEZR1YHZvsXYUEKiIwhzTjGkM6HnaB-PGCa4TW1x-W5mmVq5GQAO5sReQvBZjmX1DXGl7Etj4VYcEwU7YvRIP6ng-U-Op8OrhSP63-FOGrvNoS4TcewdKpm9s1wY-Y0VOHqula_FRpuiodoYBiS4f2iG6ewIwlp1NVlVJxfIJWlpLH1FmYdAy9K9Ude3qvypKiugnb6Lb1eroO8nik.Xrv0njaSOgIc8-r77g-X0_5ECxjkBzgpyHA3rFLeV7Q&dib_tag=se&keywords=drawing+book&qid=1770744504&sr=8-55,,,,2026-02-11 00:30:10,drawing book,13.0
,amazon,B0DT7BXD9F,"Sketch Book, Top Spiral Bound Sketch Pad, 100 Sheets 68lb/100gsm Drawing Paper, Acid Free Art Sketch Book Artistic Drawing Painting Writing Paper for ",134112.0,149803.72,4.9,5269,"(IDR 1,342.80IDR1,342.80/count)",Electronics,,https://m.media-amazon.com/images/I/71gERmUDpML._AC_UL320_.jpg,2026-02-11 00:28:26,,https://www.amazon.com/Sketch-Book-Artistic-Painting-Beginners/dp/B0DT7BXD9F/ref=sr_1_56?dib=eyJ2IjoiMSJ9.sUtZc_ROrOVzniGyjoCtE1AROq5QRsFjootPhiUewKeYVcwDTGEFnBu5b4zWFvhCK8hNJlbM3yw_n39Z_8MChsYprDEZR1YHZvsXYUEKiIwhzTjGkM6HnaB-PGCa4TW1x-W5mmVq5GQAO5sReQvBZjmX1DXGl7Etj4VYcEwU7YvRIP6ng-U-Op8OrhSP63-FOGrvNoS4TcewdKpm9s1wY-Y0VOHqula_FRpuiodoYBiS4f2iG6ewIwlp1NVlVJxfIJWlpLH1FmYdAy9K9Ude3qvypKiugnb6Lb1eroO8nik.Xrv0njaSOgIc8-r77g-X0_5ECxjkBzgpyHA3rFLeV7Q&dib_tag=se&keywords=drawing+book&qid=1770744504&sr=8-56,,,,2026-02-11 00:30:10,drawing book,13.0
,amazon,B08KSKFHT8,"Amazon Basics Sketch Pad for Artists, 67 lb. / 100 gsm, 100 Sheets, 5.5""x8.5"", White",134280.0,169509.0,3.2,36757,2K+ bought in past month,Electronics,,https://m.media-amazon.com/images/I/6167t9fhKYL._AC_UL320_.jpg,2026-02-11 00:28:26,,https://www.amazon.com/Amazon-Basics-Sketch-Sheets-White/dp/B08KSKFHT8/ref=sr_1_57?dib=eyJ2IjoiMSJ9.sUtZc_ROrOVzniGyjoCtE1AROq5QRsFjootPhiUewKeYVcwDTGEFnBu5b4zWFvhCK8hNJlbM3yw_n39Z_8MChsYprDEZR1YHZvsXYUEKiIwhzTjGkM6HnaB-PGCa4TW1x-W5mmVq5GQAO5sReQvBZjmX1DXGl7Etj4VYcEwU7YvRIP6ng-U-Op8OrhSP63-FOGrvNoS4TcewdKpm9s1wY-Y0VOHqula_FRpuiodoYBiS4f2iG6ewIwlp1NVlVJxfIJWlpLH1FmYdAy9K9Ude3qvypKiugnb6Lb1eroO8nik.Xrv0njaSOgIc8-r77g-X0_5ECxjkBzgpyHA3rFLeV7Q&dib_tag=se&keywords=drawing+book&qid=1770744504&sr=8-57,,,,2026-02-11 00:30:10,drawing book,13.0
,amazon,B0BTBKDQ4Z,"Hardcover Sketch Book 9"" x 12"", Sketchbook Drawing Pads, 160GSM Thick Smooth Sketching Paper 46 Sheets/92 Pages, Micro-Perforated Pages",206287.0,251291.95,4.8,25357,300+ bought in past month,Electronics,,https://m.media-amazon.com/images/I/717qHaaAgvL._AC_UL320_.jpg,2026-02-11 00:28:26,,https://www.amazon.com/Hardcover-Sketchbook-Drawing-Sketching-Micro-Perforated/dp/B0BTBKDQ4Z/ref=sr_1_58?dib=eyJ2IjoiMSJ9.sUtZc_ROrOVzniGyjoCtE1AROq5QRsFjootPhiUewKeYVcwDTGEFnBu5b4zWFvhCK8hNJlbM3yw_n39Z_8MChsYprDEZR1YHZvsXYUEKiIwhzTjGkM6HnaB-PGCa4TW1x-W5mmVq5GQAO5sReQvBZjmX1DXGl7Etj4VYcEwU7YvRIP6ng-U-Op8OrhSP63-FOGrvNoS4TcewdKpm9s1wY-Y0VOHqula_FRpuiodoYBiS4f2iG6ewIwlp1NVlVJxfIJWlpLH1FmYdAy9K9Ude3qvypKiugnb6Lb1eroO8nik.Xrv0njaSOgIc8-r77g-X0_5ECxjkBzgpyHA3rFLeV7Q&dib_tag=se&keywords=drawing+book&qid=1770744504&sr=8-58,,,,2026-02-11 00:30:10,drawing book,13.0
,amazon,B07DNK2QB8,"Hardcover Sketch Book 2 Pack Drawing Books 5.5"" x 8"" Sketchbooks, 110 Sheets Hardbound Journal, Ideal for Pencils, Graphite, Charcoal, Pen",230625.0,270056.21,4.7,43048,400+ bought in past month,Electronics,,https://m.media-amazon.com/images/I/91Y3VL5DoGL._AC_UL320_.jpg,2026-02-11 00:28:26,,https://www.amazon.com/Artlicious-Hardcover-Sketch-Books-Hardbound/dp/B07DNK2QB8/ref=sr_1_59?dib=eyJ2IjoiMSJ9.sUtZc_ROrOVzniGyjoCtE1AROq5QRsFjootPhiUewKeYVcwDTGEFnBu5b4zWFvhCK8hNJlbM3yw_n39Z_8MChsYprDEZR1YHZvsXYUEKiIwhzTjGkM6HnaB-PGCa4TW1x-W5mmVq5GQAO5sReQvBZjmX1DXGl7Etj4VYcEwU7YvRIP6ng-U-Op8OrhSP63-FOGrvNoS4TcewdKpm9s1wY-Y0VOHqula_FRpuiodoYBiS4f2iG6ewIwlp1NVlVJxfIJWlpLH1FmYdAy9K9Ude3qvypKiugnb6Lb1eroO8nik.Xrv0njaSOgIc8-r77g-X0_5ECxjkBzgpyHA3rFLeV7Q&dib_tag=se&keywords=drawing+book&qid=1770744504&sr=8-59,,,,2026-02-11 00:30:10,drawing book,13.0
,amazon,1648764843,Daily Drawing Prompts: A Year of Sketchbook Inspiration,154254.0,170222.93,4.2,14140,List:,Electronics,,https://m.media-amazon.com/images/I/816XsXf2W3L._AC_UL320_.jpg,2026-02-11 00:28:26,,https://www.amazon.com/Daily-Drawing-Prompts-Sketchbook-Inspiration/dp/1648764843/ref=sr_1_60?dib=eyJ2IjoiMSJ9.sUtZc_ROrOVzniGyjoCtE1AROq5QRsFjootPhiUewKeYVcwDTGEFnBu5b4zWFvhCK8hNJlbM3yw_n39Z_8MChsYprDEZR1YHZvsXYUEKiIwhzTjGkM6HnaB-PGCa4TW1x-W5mmVq5GQAO5sReQvBZjmX1DXGl7Etj4VYcEwU7YvRIP6ng-U-Op8OrhSP63-FOGrvNoS4TcewdKpm9s1wY-Y0VOHqula_FRpuiodoYBiS4f2iG6ewIwlp1NVlVJxfIJWlpLH1FmYdAy9K9Ude3qvypKiugnb6Lb1eroO8nik.Xrv0njaSOgIc8-r77g-X0_5ECxjkBzgpyHA3rFLeV7Q&dib_tag=se&keywords=drawing+book&qid=1770744504&sr=8-60,,,,2026-02-11 00:30:10,drawing book,13.0
,amazon,B01DJI781S,"Strathmore 300 Series Sketch Pad, 5.5x8.5 inch, 100 Sheets, Side Wire - Artist Sketchbook for Drawing, Illustration, Art Class Students",100542.0,118364.28,3.6,49788,500+ bought in past month,Electronics,,https://m.media-amazon.com/images/I/81wUCltSg3L._AC_UL320_.jpg,2026-02-11 00:28:26,,https://www.amazon.com/Strathmore-350-6-Sketch-Bound-Sheets/dp/B01DJI781S/ref=sr_1_61?dib=eyJ2IjoiMSJ9.sUtZc_ROrOVzniGyjoCtE1AROq5QRsFjootPhiUewKeYVcwDTGEFnBu5b4zWFvhCK8hNJlbM3yw_n39Z_8MChsYprDEZR1YHZvsXYUEKiIwhzTjGkM6HnaB-PGCa4TW1x-W5mmVq5GQAO5sReQvBZjmX1DXGl7Etj4VYcEwU7YvRIP6ng-U-Op8OrhSP63-FOGrvNoS4TcewdKpm9s1wY-Y0VOHqula_FRpuiodoYBiS4f2iG6ewIwlp1NVlVJxfIJWlpLH1FmYdAy9K9Ude3qvypKiugnb6Lb1eroO8nik.Xrv0njaSOgIc8-r77g-X0_5ECxjkBzgpyHA3rFLeV7Q&dib_tag=se&keywords=drawing+book&qid=1770744504&sr=8-61,,,,2026-02-11 00:30:10,drawing book,13.0
,amazon,B0F2DV8SJ8,"Sketch Book 8.5×11 inch, Spiral Bound Sketch Pad 50 Sheets (68lb/100gsm), Acid-Free Sketchbook for Drawing Painting Sketching, Art Paper Drawing Suppl",117327.0,133184.15,4.9,49263,1K+ bought in past month,Electronics,,https://m.media-amazon.com/images/I/71l2LJahU4L._AC_UL320_.jpg,2026-02-11 00:28:26,,https://www.amazon.com/Acid-Free-Sketchbook-Painting-Sketching-Supplies/dp/B0F2DV8SJ8/ref=sr_1_62?dib=eyJ2IjoiMSJ9.sUtZc_ROrOVzniGyjoCtE1AROq5QRsFjootPhiUewKeYVcwDTGEFnBu5b4zWFvhCK8hNJlbM3yw_n39Z_8MChsYprDEZR1YHZvsXYUEKiIwhzTjGkM6HnaB-PGCa4TW1x-W5mmVq5GQAO5sReQvBZjmX1DXGl7Etj4VYcEwU7YvRIP6ng-U-Op8OrhSP63-FOGrvNoS4TcewdKpm9s1wY-Y0VOHqula_FRpuiodoYBiS4f2iG6ewIwlp1NVlVJxfIJWlpLH1FmYdAy9K9Ude3qvypKiugnb6Lb1eroO8nik.Xrv0njaSOgIc8-r77g-X0_5ECxjkBzgpyHA3rFLeV7Q&dib_tag=se&keywords=drawing+book&qid=1770744504&sr=8-62,,,,2026-02-11 00:30:10,drawing book,13.0
,amazon,1440323356,Drawing Nature for the Absolute Beginner: A Clear & Easy Guide to Drawing Landscapes & Nature,285345.0,335052.12,3.4,34163,List:,Electronics,,https://m.media-amazon.com/images/I/812Fl-T8JBL._AC_UL320_.jpg,2026-02-11 00:28:26,,https://www.amazon.com/Drawing-Nature-Absolute-Beginner-Landscapes/dp/1440323356/ref=sr_1_63?dib=eyJ2IjoiMSJ9.sUtZc_ROrOVzniGyjoCtE1AROq5QRsFjootPhiUewKeYVcwDTGEFnBu5b4zWFvhCK8hNJlbM3yw_n39Z_8MChsYprDEZR1YHZvsXYUEKiIwhzTjGkM6HnaB-PGCa4TW1x-W5mmVq5GQAO5sReQvBZjmX1DXGl7Etj4VYcEwU7YvRIP6ng-U-Op8OrhSP63-FOGrvNoS4TcewdKpm9s1wY-Y0VOHqula_FRpuiodoYBiS4f2iG6ewIwlp1NVlVJxfIJWlpLH1FmYdAy9K9Ude3qvypKiugnb6Lb1eroO8nik.Xrv0njaSOgIc8-r77g-X0_5ECxjkBzgpyHA3rFLeV7Q&dib_tag=se&keywords=drawing+book&qid=1770744504&sr=8-63,,,,2026-02-11 00:30:10,drawing book,13.0
,amazon,AMZ_SAMPLE_3_0,HP drawing book Model 1,591.81,1386.1,4.3,24034,HP Store,Electronics,,https://via.placeholder.com/150?text=HP,2026-02-11 00:28:37,,https://www.amazon.com/dp/SAMPLE30,,,,2026-02-11 00:30:10,drawing book,13.0
,amazon,AMZ_SAMPLE_3_1,HP drawing book Model 2,916.67,368.15,3.8,5140,HP Store,Electronics,,https://via.placeholder.com/150?text=HP,2026-02-11 00:28:37,,https://www.amazon.com/dp/SAMPLE31,,,,2026-02-11 00:30:10,drawing book,13.0
,amazon,AMZ_SAMPLE_3_2,Samsung drawing book Model 3,574.05,1291.56,4.1,8552,Samsung Store,Electronics,,https://via.placeholder.com/150?text=Samsung,2026-02-11 00:28:37,,https://www.amazon.com/dp/SAMPLE32,,,,2026-02-11 00:30:10,drawing book,13.0
,amazon,AMZ_SAMPLE_3_3,Dell drawing book Model 4,1204.23,1999.88,4.1,32329,Dell Store,Electronics,,https://via.placeholder.com/150?text=Dell,2026-02-11 00:28:37,,https://www.amazon.com/dp/SAMPLE33,,,,2026-02-11 00:30:10,drawing book,13.0
,amazon,AMZ_SAMPLE_3_4,Apple drawing book Model 5,1733.65,212.03,4.2,39168,Apple Store,Electronics,,https://via.placeholder.com/150?text=Apple,2026-02-11 00:28:37,,https://www.amazon.com/dp/SAMPLE34,,,,2026-02-11 00:30:10,drawing book,13.0
,amazon,AMZ_SAMPLE_4_0,Samsung drawing book Model 1,183.03,1256.22,4.7,17710,Samsung Store,Electronics,,https://via.placeholder.com/150?text=Samsung,2026-02-11 00:28:47,,https://www.amazon.com/dp/SAMPLE40,,,,2026-02-11 00:30:10,drawing book,13.0
,amazon,AMZ_SAMPLE_4_1,Samsung drawing book Model 2,1806.08,223.29,3.8,27633,Samsung Store,Electronics,,https://via.placeholder.com/150?text=Samsung,2026-02-11 00:28:47,,https://www.amazon.com/dp/SAMPLE41,,,,2026-02-11 00:30:10,drawing book,13.0
,amazon,AMZ_SAMPLE_4_2,Lenovo drawing book Model 3,1874.47,1417.88,4.1,49035,Lenovo Store,Electronics,,https://via.placeholder.com/150?text=Lenovo,2026-02-11 00:28:47,,https://www.amazon.com/dp/SAMPLE42,,,,2026-02-11 00:30:10,drawing book,13.0
,amazon,AMZ_SAMPLE_4_3,Dell drawing book Model 4,376.62,719.05,3.6,8275,Dell Store,Electronics,,https://via.placeholder.com/150?text=Dell,2026-02-11 00:28:47,,https://www.amazon.com/dp/SAMPLE43,,,,2026-02-11 00:30:10,drawing book,13.0
,amazon,AMZ_SAMPLE_4_4,Dell drawing book Model 5,299.61,1162.14,4.5,6873,Dell Store,Electronics,,https://via.placeholder.com/150?text=Dell,2026-02-11 00:28:47,,https://www.amazon.com/dp/SAMPLE44,,,,2026-02-11 00:30:10,drawing book,13.0
,amazon,AMZ_SAMPLE_5_0,Lenovo drawing book Model 1,989.88,327.88,4.0,5535,Lenovo Store,Electronics,,https://via.placeholder.com/150?text=Lenovo,2026-02-11 00:28:57,,https://www.amazon.com/dp/SAMPLE50,,,,2026-02-11 00:30:10,drawing book,13.0
,amazon,AMZ_SAMPLE_5_1,Lenovo drawing book Model 2,1666.9,1817.24,3.8,41051,Lenovo Store,Electronics,,https://via.placeholder.com/150?text=Lenovo,2026-02-11 00:28:57,,https://www.amazon.com/dp/SAMPLE51,,,,2026-02-11 00:30:10,drawing book,13.0
,amazon,AMZ_SAMPLE_5_2,Lenovo drawing book Model 3,847.42,891.39,4.6,26715,Lenovo Store,Electronics,,https://via.placeholder.com/150?text=Lenovo,2026-02-11 00:28:57,,https://www.amazon.com/dp/SAMPLE52,,,,2026-02-11 00:30:10,drawing book,13.0
,amazon,AMZ_SAMPLE_5_3,Lenovo drawing book Model 4,754.56,414.33,3.8,15722,Lenovo Store,Electronics,,https://via.placeholder.com/150?text=Lenovo,2026-02-11 00:28:57,,https://www.amazon.com/dp/SAMPLE53,,,,2026-02-11 00:30:10,drawing book,13.0
,amazon,AMZ_SAMPLE_5_4,Samsung drawing book Model 5,1143.19,542.65,3.9,27712,Samsung Store,Electronics,,https://via.placeholder.com/150?text=Samsung,2026-02-11 00:28:57,,https://www.amazon.com/dp/SAMPLE54,,,,2026-02-11 00:30:10,drawing book,13.0
,amazon,AMZ_SAMPLE_6_0,Apple drawing book Model 1,280.08,1337.84,4.8,29437,Apple Store,Electronics,,https://via.placeholder.com/150?text=Apple,2026-02-11 00:29:08,,https://www.amazon.com/dp/SAMPLE60,,,,2026-02-11 00:30:10,drawing book,13.0
,amazon,AMZ_SAMPLE_6_1,HP drawing book Model 2,1055.57,760.65,3.9,40047,HP Store,Electronics,,https://via.placeholder.com/150?text=HP,2026-02-11 00:29:08,,https://www.amazon.com/dp/SAMPLE61,,,,2026-02-11 00:30:10,drawing book,13.0
,amazon,AMZ_SAMPLE_6_2,Dell drawing book Model 3,1073.55,989.46,3.8,34638,Dell Store,Electronics,,https://via.placeholder.com/150?text=Dell,2026-02-11 00:29:08,,https://www.amazon.com/dp/SAMPLE62,,,,2026-02-11 00:30:10,drawing book,13.0
,amazon,AMZ_SAMPLE_6_3,Samsung drawing book Model 4,1807.66,272.63,4.9,4782,Samsung Store,Electronics,,https://via.placeholder.com/150?text=Samsung,2026-02-11 00:29:08,,https://www.amazon.com/dp/SAMPLE63,,,,2026-02-11 00:30:10,drawing book,13.0
,amazon,AMZ_SAMPLE_6_4,Apple drawing book Model 5,299.98,1483.88,4.8,12056,Apple Store,Electronics,,https://via.placeholder.com/150?text=Apple,2026-02-11 00:29:08,,https://www.amazon.com/dp/SAMPLE64,,,,2026-02-11 00:30:10,drawing book,13.0
,amazon,AMZ_SAMPLE_7_0,Lenovo drawing book Model 1,1695.39,435.9,4.1,40379,Lenovo Store,Electronics,,https://via.placeholder.com/150?text=Lenovo,2026-02-11 00:29:18,,https://www.amazon.com/dp/SAMPLE70,,,,2026-02-11 00:30:10,drawing book,13.0
,amazon,AMZ_SAMPLE_7_1,HP drawing book Model 2,1958.9,289.72,4.7,42750,HP Store,Electronics,,https://via.placeholder.com/150?text=HP,2026-02-11 00:29:18,,https://www.amazon.com/dp/SAMPLE71,,,,2026-02-11 00:30:10,drawing book,13.0
,amazon,AMZ_SAMPLE_7_2,HP drawing book Model 3,1420.28,1471.83,3.9,15442,HP Store,Electronics,,https://via.placeholder.com/150?text=HP,2026-02-11 00:29:18,,https://www.amazon.com/dp/SAMPLE72,,,,2026-02-11 00:30:10,drawing book,13.0
,amazon,AMZ_SAMPLE_7_3,HP drawing book Model 4,822.27,1136.72,5.0,5520,HP Store,Electronics,,https://via.placeholder.com/150?text=HP,2026-02-11 00:29:18,,https://www.amazon.com/dp/SAMPLE73,,,,2026-02-11 00:30:10,drawing book,13.0
,amazon,AMZ_SAMPLE_7_4,Apple drawing book Model 5,1415.82,596.3,3.5,39135,Apple Store,Electronics,,https://via.placeholder.com/150?text=Apple,2026-02-11 00:29:18,,https://www.amazon.com/dp/SAMPLE74,,,,2026-02-11 00:30:10,drawing book,13.0
,amazon,AMZ_SAMPLE_8_0,Dell drawing book Model 1,371.64,742.88,3.9,42452,Dell Store,Electronics,,https://via.placeholder.com/150?text=Dell,2026-02-11 00:29:29,,https://www.amazon.com/dp/SAMPLE80,,,,2026-02-11 00:30:10,drawing book,13.0
,amazon,AMZ_SAMPLE_8_1,Dell drawing book Model 2,213.74,551.98,3.5,6809,Dell Store,Electronics,,https://via.placeholder.com/150?text=Dell,2026-02-11 00:29:29,,https://www.amazon.com/dp/SAMPLE81,,,,2026-02-11 00:30:10,drawing book,13.0
,amazon,AMZ_SAMPLE_8_2,Lenovo drawing book Model 3,1485.28,1769.63,3.6,24783,Lenovo Store,Electronics,,https://via.placeholder.com/150?text=Lenovo,2026-02-11 00:29:29,,https://www.amazon.com/dp/SAMPLE82,,,,2026-02-11 00:30:10,drawing book,13.0
,amazon,AMZ_SAMPLE_8_3,Lenovo drawing book Model 4,1436.03,911.82,4.3,49404,Lenovo Store,Electronics,,https://via.placeholder.com/150?text=Lenovo,2026-02-11 00:29:29,,https://www.amazon.com/dp/SAMPLE83,,,,2026-02-11 00:30:10,drawing book,13.0
,amazon,AMZ_SAMPLE_8_4,Samsung drawing book Model 5,141.57,1261.64,4.9,13696,Samsung Store,Electronics,,https://via.placeholder.com/150?text=Samsung,2026-02-11 00:29:29,,https://www.amazon.com/dp/SAMPLE84,,,,2026-02-11 00:30:10,drawing book,13.0
,amazon,AMZ_SAMPLE_10_0,Samsung drawing book Model 1,435.58,1773.14,3.9,1046,Samsung Store,Electronics,,https://via.placeholder.com/150?text=Samsung,2026-02-11 00:29:39,,https://www.amazon.com/dp/SAMPLE100,,,,2026-02-11 00:30:10,drawing book,13.0
,amazon,AMZ_SAMPLE_10_1,Dell drawing book Model 2,399.01,1692.5,4.2,26858,Dell Store,Electronics,,https://via.placeholder.com/150?text=Dell,2026-02-11 00:29:39,,https://www.amazon.com/dp/SAMPLE101,,,,2026-02-11 00:30:10,drawing book,13.0
,amazon,AMZ_SAMPLE_10_2,Lenovo drawing book Model 3,1076.31,676.11,4.4,26968,Lenovo Store,Electronics,,https://via.placeholder.com/150?text=Lenovo,2026-02-11 00:29:39,,https://www.amazon.com/dp/SAMPLE102,,,,2026-02-11 00:30:10,drawing book,13.0
,amazon,AMZ_SAMPLE_10_3,Apple drawing book Model 4,1191.95,2134.41,3.9,17598,Apple Store,Electronics,,https://via.placeholder.com/150?text=Apple,2026-02-11 00:29:39,,https://www.amazon.com/dp/SAMPLE103,,,,2026-02-11 00:30:10,drawing book,13.0
,amazon,AMZ_SAMPLE_10_4,Dell drawing book Model 5,1299.25,887.6,4.7,48979,Dell Store,Electronics,,https://via.placeholder.com/150?text=Dell,2026-02-11 00:29:39,,https://www.amazon.com/dp/SAMPLE104,,,,2026-02-11 00:30:10,drawing book,13.0
,amazon,AMZ_SAMPLE_11_0,Samsung drawing book Model 1,1446.59,1284.33,5.0,2936,Samsung Store,Electronics,,https://via.placeholder.com/150?text=Samsung,2026-02-11 00:29:49,,https://www.amazon.com/dp/SAMPLE110,,,,2026-02-11 00:30:10,drawing book,13.0
,amazon,AMZ_SAMPLE_11_1,Lenovo drawing book Model 2,1539.24,762.3,4.5,4024,Lenovo Store,Electronics,,https://via.placeholder.com/150?text=Lenovo,2026-02-11 00:29:49,,https://www.amazon.com/dp/SAMPLE111,,,,2026-02-11 00:30:10,drawing book,13.0
,amazon,AMZ_SAMPLE_11_2,Samsung drawing book Model 3,266.8,2132.77,4.4,22391,Samsung Store,Electronics,,https://via.placeholder.com/150?text=Samsung,2026-02-11 00:29:49,,https://www.amazon.com/dp/SAMPLE112,,,,2026-02-11 00:30:10,drawing book,13.0
,amazon,AMZ_SAMPLE_11_3,Samsung drawing book Model 4,493.8,1083.01,4.7,19281,Samsung Store,Electronics,,https://via.placeholder.com/150?text=Samsung,2026-02-11 00:29:49,,https://www.amazon.com/dp/SAMPLE113,,,,2026-02-11 00:30:10,drawing book,13.0
,amazon,AMZ_SAMPLE_11_4,Apple drawing book Model 5,1294.44,1365.18,4.8,22874,Apple Store,Electronics,,https://via.placeholder.com/150?text=Apple,2026-02-11 00:29:49,,https://www.amazon.com/dp/SAMPLE114,,,,2026-02-11 00:30:10,drawing book,13.0
,amazon,,Need help?,0.0,0.0,3.6,38174,Amazon,Electronics,,,2026-02-11 00:29:51,,,,,,2026-02-11 00:30:10,drawing book,13.0
,amazon,AMZ_SAMPLE_13_0,Apple drawing book Model 1,1497.43,447.72,4.1,16567,Apple Store,Electronics,,https://via.placeholder.com/150?text=Apple,2026-02-11 00:30:01,,https://www.amazon.com/dp/SAMPLE130,,,,2026-02-11 00:30:10,drawing book,13.0
,amazon,AMZ_SAMPLE_13_1,Apple drawing book Model 2,1586.58,1722.59,4.3,35008,Apple Store,Electronics,,https://via.placeholder.com/150?text=Apple,2026-02-11 00:30:01,,https://www.amazon.com/dp/SAMPLE131,,,,2026-02-11 00:30:10,drawing book,13.0
,amazon,AMZ_SAMPLE_13_2,Apple drawing book Model 3,1676.84,330.11,4.9,46447,Apple Store,Electronics,,https://via.placeholder.com/150?text=Apple,2026-02-11 00:30:01,,https://www.amazon.com/dp/SAMPLE132,,,,2026-02-11 00:30:10,drawing book,13.0
,amazon,AMZ_SAMPLE_13_3,HP drawing book Model 4,852.94,1531.15,3.7,37151,HP Store,Electronics,,https://via.placeholder.com/150?text=HP,2026-02-11 00:30:01,,https://www.amazon.com/dp/SAMPLE133,,,,2026-02-11 00:30:10,drawing book,13.0
,amazon,AMZ_SAMPLE_13_4,Apple drawing book Model 5,1636.08,2124.64,3.7,5993,Apple Store,Electronics,,https://via.placeholder.com/150?text=Apple,2026-02-11 00:30:01,,https://www.amazon.com/dp/SAMPLE134,,,,2026-02-11 00:30:10,drawing book,13.0
,jd,JD_SAMPLE_1_0,联想平板型号1,4657.0,5588.0,4.9,26607,联想官方旗舰店,平板,"{""品牌"": ""联想"", ""颜色"": ""白色"", ""内存"": ""12GB""}",https://via.placeholder.com/150?text=联想,2026-02-11 00:30:04,,https://item.jd.com/SAMPLE10.html,,,,2026-02-11 00:30:10,drawing book,13.0
,jd,JD_SAMPLE_1_1,戴尔手表型号2,8387.0,10064.0,4.4,33196,戴尔官方旗舰店,手表,"{""品牌"": ""戴尔"", ""颜色"": ""黑色"", ""内存"": ""8GB""}",https://via.placeholder.com/150?text=戴尔,2026-02-11 00:30:04,,https://item.jd.com/SAMPLE11.html,,,,2026-02-11 00:30:10,drawing book,13.0
,jd,JD_SAMPLE_1_2,小米手机型号3,3469.0,4162.0,3.8,10984,小米官方旗舰店,手机,"{""品牌"": ""小米"", ""颜色"": ""蓝色"", ""内存"": ""8GB""}",https://via.placeholder.com/150?text=小米,2026-02-11 00:30:04,,https://item.jd.com/SAMPLE12.html,,,,2026-02-11 00:30:10,drawing book,13.0
,jd,JD_SAMPLE_1_3,三星笔记本型号4,9222.0,11066.0,5.0,67247,三星官方旗舰店,笔记本,"{""品牌"": ""三星"", ""颜色"": ""黑色"", ""内存"": ""8GB""}",https://via.placeholder.com/150?text=三星,2026-02-11 00:30:04,,https://item.jd.com/SAMPLE13.html,,,,2026-02-11 00:30:10,drawing book,13.0
,jd,JD_SAMPLE_1_4,苹果手机型号5,5000.0,6000.0,5.0,35960,苹果官方旗舰店,手机,"{""品牌"": ""苹果"", ""颜色"": ""黑色"", ""内存"": ""8GB""}",https://via.placeholder.com/150?text=苹果,2026-02-11 00:30:04,,https://item.jd.com/SAMPLE14.html,,,,2026-02-11 00:30:10,drawing book,13.0
,jd,JD_SAMPLE_1_5,华为手机型号6,1614.0,1936.0,4.1,6513,华为官方旗舰店,手机,"{""品牌"": ""华为"", ""颜色"": ""白色"", ""内存"": ""8GB""}",https://via.placeholder.com/150?text=华为,2026-02-11 00:30:04,,https://item.jd.com/SAMPLE15.html,,,,2026-02-11 00:30:10,drawing book,13.0
,jd,JD_SAMPLE_1_6,小米手机型号7,3513.0,4215.0,4.7,97803,小米官方旗舰店,手机,"{""品牌"": ""小米"", ""颜色"": ""黑色"", ""内存"": ""8GB""}",https://via.placeholder.com/150?text=小米,2026-02-11 00:30:04,,https://item.jd.com/SAMPLE16.html,,,,2026-02-11 00:30:10,drawing book,13.0
,jd,JD_SAMPLE_1_7,三星耳机型号8,5025.0,6030.0,4.1,5044,三星官方旗舰店,耳机,"{""品牌"": ""三星"", ""颜色"": ""白色"", ""内存"": ""8GB""}",https://via.placeholder.com/150?text=三星,2026-02-11 00:30:04,,https://item.jd.com/SAMPLE17.html,,,,2026-02-11 00:30:10,drawing book,13.0
,jd,JD_SAMPLE_2_0,联想手机型号1,2763.0,3315.0,4.6,29361,联想官方旗舰店,手机,"{""品牌"": ""联想"", ""颜色"": ""蓝色"", ""内存"": ""12GB""}",https://via.placeholder.com/150?text=联想,2026-02-11 00:30:04,,https://item.jd.com/SAMPLE20.html,,,,2026-02-11 00:30:10,drawing book,13.0
,jd,JD_SAMPLE_2_1,苹果耳机型号2,3738.0,4485.0,4.5,43809,苹果官方旗舰店,耳机,"{""品牌"": ""苹果"", ""颜色"": ""黑色"", ""内存"": ""8GB""}",https://via.placeholder.com/150?text=苹果,2026-02-11 00:30:04,,https://item.jd.com/SAMPLE21.html,,,,2026-02-11 00:30:10,drawing book,13.0
,jd,JD_SAMPLE_2_2,小米手机型号3,8289.0,9946.0,4.1,84468,小米官方旗舰店,手机,"{""品牌"": ""小米"", ""颜色"": ""白色"", ""内存"": ""12GB""}",https://via.placeholder.com/150?text=小米,2026-02-11 00:30:04,,https://item.jd.com/SAMPLE22.html,,,,2026-02-11 00:30:10,drawing book,13.0
,jd,JD_SAMPLE_2_3,戴尔平板型号4,1016.0,1219.0,4.2,55155,戴尔官方旗舰店,平板,"{""品牌"": ""戴尔"", ""颜色"": ""白色"", ""内存"": ""16GB""}",https://via.placeholder.com/150?text=戴尔,2026-02-11 00:30:04,,https://item.jd.com/SAMPLE23.html,,,,2026-02-11 00:30:10,drawing book,13.0
,jd,JD_SAMPLE_2_4,华为手机型号5,5591.0,6709.0,3.9,97721,华为官方旗舰店,手机,"{""品牌"": ""华为"", ""颜色"": ""黑色"", ""内存"": ""16GB""}",https://via.placeholder.com/150?text=华为,2026-02-11 00:30:04,,https://item.jd.com/SAMPLE24.html,,,,2026-02-11 00:30:10,drawing book,13.0
,jd,JD_SAMPLE_2_5,小米手表型号6,8100.0,9720.0,4.3,68003,小米官方旗舰店,手表,"{""品牌"": ""小米"", ""颜色"": ""蓝色"", ""内存"": ""12GB""}",https://via.placeholder.com/150?text=小米,2026-02-11 00:30:04,,https://item.jd.com/SAMPLE25.html,,,,2026-02-11 00:30:10,drawing book,13.0
,jd,JD_SAMPLE_2_6,小米耳机型号7,6718.0,8061.0,3.9,31642,小米官方旗舰店,耳机,"{""品牌"": ""小米"", ""颜色"": ""白色"", ""内存"": ""16GB""}",https://via.placeholder.com/150?text=小米,2026-02-11 00:30:04,,https://item.jd.com/SAMPLE26.html,,,,2026-02-11 00:30:10,drawing book,13.0
,jd,JD_SAMPLE_2_7,华为手表型号8,1708.0,2049.0,4.5,96083,华为官方旗舰店,手表,"{""品牌"": ""华为"", ""颜色"": ""白色"", ""内存"": ""12GB""}",https://via.placeholder.com/150?text=华为,2026-02-11 00:30:04,,https://item.jd.com/SAMPLE27.html,,,,2026-02-11 00:30:10,drawing book,13.0
,jd,JD_SAMPLE_3_0,联想笔记本型号1,1781.0,2137.0,4.8,78741,联想官方旗舰店,笔记本,"{""品牌"": ""联想"", ""颜色"": ""白色"", ""内存"": ""12GB""}",https://via.placeholder.com/150?text=联想,2026-02-11 00:30:05,,https://item.jd.com/SAMPLE30.html,,,,2026-02-11 00:30:10,drawing book,13.0
,jd,JD_SAMPLE_3_1,小米笔记本型号2,3370.0,4044.0,4.4,47176,小米官方旗舰店,笔记本,"{""品牌"": ""小米"", ""颜色"": ""白色"", ""内存"": ""12GB""}",https://via.placeholder.com/150?text=小米,2026-02-11 00:30:05,,https://item.jd.com/SAMPLE31.html,,,,2026-02-11 00:30:10,drawing book,13.0
,jd,JD_SAMPLE_3_2,三星笔记本型号3,7484.0,8980.0,4.6,44353,三星官方旗舰店,笔记本,"{""品牌"": ""三星"", ""颜色"": ""黑色"", ""内存"": ""8GB""}",https://via.placeholder.com/150?text=三星,2026-02-11 00:30:05,,https://item.jd.com/SAMPLE32.html,,,,2026-02-11 00:30:10,drawing book,13.0
,jd,JD_SAMPLE_3_3,三星手表型号4,8327.0,9992.0,5.0,73800,三星官方旗舰店,手表,"{""品牌"": ""三星"", ""颜色"": ""蓝色"", ""内存"": ""8GB""}",https://via.placeholder.com/150?text=三星,2026-02-11 00:30:05,,https://item.jd.com/SAMPLE33.html,,,,2026-02-11 00:30:10,drawing book,13.0
,jd,JD_SAMPLE_3_4,小米笔记本型号5,5345.0,6414.0,4.4,36510,小米官方旗舰店,笔记本,"{""品牌"": ""小米"", ""颜色"": ""白色"", ""内存"": ""8GB""}",https://via.placeholder.com/150?text=小米,2026-02-11 00:30:05,,https://item.jd.com/SAMPLE34.html,,,,2026-02-11 00:30:10,drawing book,13.0
,jd,JD_SAMPLE_3_5,联想笔记本型号6,1060.0,1272.0,4.1,28324,联想官方旗舰店,笔记本,"{""品牌"": ""联想"", ""颜色"": ""黑色"", ""内存"": ""16GB""}",https://via.placeholder.com/150?text=联想,2026-02-11 00:30:05,,https://item.jd.com/SAMPLE35.html,,,,2026-02-11 00:30:10,drawing book,13.0
,jd,JD_SAMPLE_3_6,联想手机型号7,6125.0,7350.0,4.9,71703,联想官方旗舰店,手机,"{""品牌"": ""联想"", ""颜色"": ""蓝色"", ""内存"": ""16GB""}",https://via.placeholder.com/150?text=联想,2026-02-11 00:30:05,,https://item.jd.com/SAMPLE36.html,,,,2026-02-11 00:30:10,drawing book,13.0
,jd,JD_SAMPLE_3_7,苹果手机型号8,5407.0,6488.0,5.0,32627,苹果官方旗舰店,手机,"{""品牌"": ""苹果"", ""颜色"": ""蓝色"", ""内存"": ""12GB""}",https://via.placeholder.com/150?text=苹果,2026-02-11 00:30:05,,https://item.jd.com/SAMPLE37.html,,,,2026-02-11 00:30:10,drawing book,13.0
,jd,JD_SAMPLE_4_0,联想手表型号1,7763.0,9315.0,4.1,99038,联想官方旗舰店,手表,"{""品牌"": ""联想"", ""颜色"": ""黑色"", ""内存"": ""8GB""}",https://via.placeholder.com/150?text=联想,2026-02-11 00:30:06,,https://item.jd.com/SAMPLE40.html,,,,2026-02-11 00:30:10,drawing book,13.0
,jd,JD_SAMPLE_4_1,小米手机型号2,7555.0,9066.0,4.2,57325,小米官方旗舰店,手机,"{""品牌"": ""小米"", ""颜色"": ""白色"", ""内存"": ""12GB""}",https://via.placeholder.com/150?text=小米,2026-02-11 00:30:06,,https://item.jd.com/SAMPLE41.html,,,,2026-02-11 00:30:10,drawing book,13.0
,jd,JD_SAMPLE_4_2,苹果手机型号3,4185.0,5022.0,4.8,58555,苹果官方旗舰店,手机,"{""品牌"": ""苹果"", ""颜色"": ""蓝色"", ""内存"": ""16GB""}",https://via.placeholder.com/150?text=苹果,2026-02-11 00:30:06,,https://item.jd.com/SAMPLE42.html,,,,2026-02-11 00:30:10,drawing book,13.0
,jd,JD_SAMPLE_4_3,小米笔记本型号4,4834.0,5800.0,4.6,48099,小米官方旗舰店,笔记本,"{""品牌"": ""小米"", ""颜色"": ""白色"", ""内存"": ""8GB""}",https://via.placeholder.com/150?text=小米,2026-02-11 00:30:06,,https://item.jd.com/SAMPLE43.html,,,,2026-02-11 00:30:10,drawing book,13.0
,jd,JD_SAMPLE_4_4,小米平板型号5,3522.0,4226.0,4.3,91374,小米官方旗舰店,平板,"{""品牌"": ""小米"", ""颜色"": ""白色"", ""内存"": ""12GB""}",https://via.placeholder.com/150?text=小米,2026-02-11 00:30:06,,https://item.jd.com/SAMPLE44.html,,,,2026-02-11 00:30:10,drawing book,13.0
,jd,JD_SAMPLE_4_5,联想平板型号6,7305.0,8766.0,4.4,32408,联想官方旗舰店,平板,"{""品牌"": ""联想"", ""颜色"": ""蓝色"", ""内存"": ""12GB""}",https://via.placeholder.com/150?text=联想,2026-02-11 00:30:06,,https://item.jd.com/SAMPLE45.html,,,,2026-02-11 00:30:10,drawing book,13.0
,jd,JD_SAMPLE_4_6,联想笔记本型号7,3664.0,4396.0,3.8,40979,联想官方旗舰店,笔记本,"{""品牌"": ""联想"", ""颜色"": ""黑色"", ""内存"": ""12GB""}",https://via.placeholder.com/150?text=联想,2026-02-11 00:30:06,,https://item.jd.com/SAMPLE46.html,,,,2026-02-11 00:30:10,drawing book,13.0
,jd,JD_SAMPLE_4_7,戴尔手表型号8,8621.0,10345.0,4.1,26255,戴尔官方旗舰店,手表,"{""品牌"": ""戴尔"", ""颜色"": ""蓝色"", ""内存"": ""16GB""}",https://via.placeholder.com/150?text=戴尔,2026-02-11 00:30:06,,https://item.jd.com/SAMPLE47.html,,,,2026-02-11 00:30:10,drawing book,13.0
,jd,JD_SAMPLE_5_0,三星手表型号1,6343.0,7611.0,4.3,56110,三星官方旗舰店,手表,"{""品牌"": ""三星"", ""颜色"": ""蓝色"", ""内存"": ""16GB""}",https://via.placeholder.com/150?text=三星,2026-02-11 00:30:07,,https://item.jd.com/SAMPLE50.html,,,,2026-02-11 00:30:10,drawing book,13.0
,jd,JD_SAMPLE_5_1,小米手机型号2,8101.0,9721.0,4.0,58234,小米官方旗舰店,手机,"{""品牌"": ""小米"", ""颜色"": ""白色"", ""内存"": ""8GB""}",https://via.placeholder.com/150?text=小米,2026-02-11 00:30:07,,https://item.jd.com/SAMPLE51.html,,,,2026-02-11 00:30:10,drawing book,13.0
,jd,JD_SAMPLE_5_2,小米耳机型号3,3099.0,3718.0,4.8,26217,小米官方旗舰店,耳机,"{""品牌"": ""小米"", ""颜色"": ""白色"", ""内存"": ""8GB""}",https://via.placeholder.com/150?text=小米,2026-02-11 00:30:07,,https://item.jd.com/SAMPLE52.html,,,,2026-02-11 00:30:10,drawing book,13.0
,jd,JD_SAMPLE_5_3,联想笔记本型号4,9994.0,11992.0,4.3,64300,联想官方旗舰店,笔记本,"{""品牌"": ""联想"", ""颜色"": ""蓝色"", ""内存"": ""12GB""}",https://via.placeholder.com/150?text=联想,2026-02-11 00:30:07,,https://item.jd.com/SAMPLE53.html,,,,2026-02-11 00:30:10,drawing book,13.0
,jd,JD_SAMPLE_5_4,小米手机型号5,3099.0,3718.0,3.9,97489,小米官方旗舰店,手机,"{""品牌"": ""小米"", ""颜色"": ""白色"", ""内存"": ""16GB""}",https://via.placeholder.com/150?text=小米,2026-02-11 00:30:07,,https://item.jd.com/SAMPLE54.html,,,,2026-02-11 00:30:10,drawing book,13.0
,jd,JD_SAMPLE_5_5,戴尔手表型号6,4579.0,5494.0,5.0,26026,戴尔官方旗舰店,手表,"{""品牌"": ""戴尔"", ""颜色"": ""黑色"", ""内存"": ""8GB""}",https://via.placeholder.com/150?text=戴尔,2026-02-11 00:30:07,,https://item.jd.com/SAMPLE55.html,,,,2026-02-11 00:30:10,drawing book,13.0
,jd,JD_SAMPLE_5_6,联想耳机型号7,7994.0,9592.0,4.2,32303,联想官方旗舰店,耳机,"{""品牌"": ""联想"", ""颜色"": ""黑色"", ""内存"": ""8GB""}",https://via.placeholder.com/150?text=联想,2026-02-11 00:30:07,,https://item.jd.com/SAMPLE56.html,,,,2026-02-11 00:30:10,drawing book,13.0
,jd,JD_SAMPLE_5_7,小米笔记本型号8,9956.0,11947.0,4.1,10835,小米官方旗舰店,笔记本,"{""品牌"": ""小米"", ""颜色"": ""蓝色"", ""内存"": ""8GB""}",https://via.placeholder.com/150?text=小米,2026-02-11 00:30:07,,https://item.jd.com/SAMPLE57.html,,,,2026-02-11 00:30:10,drawing book,13.0
,jd,JD_SAMPLE_6_0,苹果手机型号1,7842.0,9410.0,5.0,91801,苹果官方旗舰店,手机,"{""品牌"": ""苹果"", ""颜色"": ""蓝色"", ""内存"": ""12GB""}",https://via.placeholder.com/150?text=苹果,2026-02-11 00:30:07,,https://item.jd.com/SAMPLE60.html,,,,2026-02-11 00:30:10,drawing book,13.0
,jd,JD_SAMPLE_6_1,联想手表型号2,5612.0,6734.0,4.2,30348,联想官方旗舰店,手表,"{""品牌"": ""联想"", ""颜色"": ""白色"", ""内存"": ""16GB""}",https://via.placeholder.com/150?text=联想,2026-02-11 00:30:07,,https://item.jd.com/SAMPLE61.html,,,,2026-02-11 00:30:10,drawing book,13.0
,jd,JD_SAMPLE_6_2,苹果手机型号3,2866.0,3439.0,4.9,57063,苹果官方旗舰店,手机,"{""品牌"": ""苹果"", ""颜色"": ""黑色"", ""内存"": ""8GB""}",https://via.placeholder.com/150?text=苹果,2026-02-11 00:30:07,,https://item.jd.com/SAMPLE62.html,,,,2026-02-11 00:30:10,drawing book,13.0
,jd,JD_SAMPLE_6_3,小米手机型号4,3986.0,4783.0,3.8,76603,小米官方旗舰店,手机,"{""品牌"": ""小米"", ""颜色"": ""蓝色"", ""内存"": ""12GB""}",https://via.placeholder.com/150?text=小米,2026-02-11 00:30:07,,https://item.jd.com/SAMPLE63.html,,,,2026-02-11 00:30:10,drawing book,13.0
,jd,JD_SAMPLE_6_4,小米耳机型号5,4173.0,5007.0,3.9,62389,小米官方旗舰店,耳机,"{""品牌"": ""小米"", ""颜色"": ""白色"", ""内存"": ""16GB""}",https://via.placeholder.com/150?text=小米,2026-02-11 00:30:07,,https://item.jd.com/SAMPLE64.html,,,,2026-02-11 00:30:10,drawing book,13.0
,jd,JD_SAMPLE_6_5,华为耳机型号6,8412.0,10094.0,4.3,46269,华为官方旗舰店,耳机,"{""品牌"": ""华为"", ""颜色"": ""黑色"", ""内存"": ""12GB""}",https://via.placeholder.com/150?text=华为,2026-02-11 00:30:07,,https://item.jd.com/SAMPLE65.html,,,,2026-02-11 00:30:10,drawing book,13.0
,jd,JD_SAMPLE_6_6,三星手表型号7,8841.0,10609.0,4.8,84947,三星官方旗舰店,手表,"{""品牌"": ""三星"", ""颜色"": ""白色"", ""内存"": ""16GB""}",https://via.placeholder.com/150?text=三星,2026-02-11 00:30:07,,https://item.jd.com/SAMPLE66.html,,,,2026-02-11 00:30:10,drawing book,13.0
,jd,JD_SAMPLE_6_7,戴尔耳机型号8,9419.0,11302.0,4.5,31354,戴尔官方旗舰店,耳机,"{""品牌"": ""戴尔"", ""颜色"": ""蓝色"", ""内存"": ""12GB""}",https://via.placeholder.com/150?text=戴尔,2026-02-11 00:30:07,,https://item.jd.com/SAMPLE67.html,,,,2026-02-11 00:30:10,drawing book,13.0
,jd,JD_SAMPLE_7_0,苹果手机型号1,9934.0,11920.0,4.2,72859,苹果官方旗舰店,手机,"{""品牌"": ""苹果"", ""颜色"": ""白色"", ""内存"": ""16GB""}",https://via.placeholder.com/150?text=苹果,2026-02-11 00:30:07,,https://item.jd.com/SAMPLE70.html,,,,2026-02-11 00:30:10,drawing book,13.0
,jd,JD_SAMPLE_7_1,小米耳机型号2,7915.0,9498.0,4.8,83311,小米官方旗舰店,耳机,"{""品牌"": ""小米"", ""颜色"": ""蓝色"", ""内存"": ""16GB""}",https://via.placeholder.com/150?text=小米,2026-02-11 00:30:07,,https://item.jd.com/SAMPLE71.html,,,,2026-02-11 00:30:10,drawing book,13.0
,jd,JD_SAMPLE_7_2,联想平板型号3,4735.0,5682.0,4.3,93216,联想官方旗舰店,平板,"{""品牌"": ""联想"", ""颜色"": ""蓝色"", ""内存"": ""16GB""}",https://via.placeholder.com/150?text=联想,2026-02-11 00:30:07,,https://item.jd.com/SAMPLE72.html,,,,2026-02-11 00:30:10,drawing book,13.0
,jd,JD_SAMPLE_7_3,联想手机型号4,4961.0,5953.0,4.3,60228,联想官方旗舰店,手机,"{""品牌"": ""联想"", ""颜色"": ""黑色"", ""内存"": ""8GB""}",https://via.placeholder.com/150?text=联想,2026-02-11 00:30:07,,https://item.jd.com/SAMPLE73.html,,,,2026-02-11 00:30:10,drawing book,13.0
,jd,JD_SAMPLE_7_4,三星耳机型号5,9294.0,11152.0,4.7,81304,三星官方旗舰店,耳机,"{""品牌"": ""三星"", ""颜色"": ""白色"", ""内存"": ""16GB""}",https://via.placeholder.com/150?text=三星,2026-02-11 00:30:07,,https://item.jd.com/SAMPLE74.html,,,,2026-02-11 00:30:10,drawing book,13.0
,jd,JD_SAMPLE_7_5,小米笔记本型号6,2913.0,3495.0,3.8,59807,小米官方旗舰店,笔记本,"{""品牌"": ""小米"", ""颜色"": ""黑色"", ""内存"": ""12GB""}",https://via.placeholder.com/150?text=小米,2026-02-11 00:30:07,,https://item.jd.com/SAMPLE75.html,,,,2026-02-11 00:30:10,drawing book,13.0
,jd,JD_SAMPLE_7_6,小米手表型号7,2639.0,3166.0,4.5,33141,小米官方旗舰店,手表,"{""品牌"": ""小米"", ""颜色"": ""黑色"", ""内存"": ""16GB""}",https://via.placeholder.com/150?text=小米,2026-02-11 00:30:07,,https://item.jd.com/SAMPLE76.html,,,,2026-02-11 00:30:10,drawing book,13.0
,jd,JD_SAMPLE_7_7,三星手机型号8,8181.0,9817.0,4.4,46216,三星官方旗舰店,手机,"{""品牌"": ""三星"", ""颜色"": ""白色"", ""内存"": ""16GB""}",https://via.placeholder.com/150?text=三星,2026-02-11 00:30:07,,https://item.jd.com/SAMPLE77.html,,,,2026-02-11 00:30:10,drawing book,13.0
,jd,JD_SAMPLE_8_0,三星笔记本型号1,7221.0,8665.0,4.2,12006,三星官方旗舰店,笔记本,"{""品牌"": ""三星"", ""颜色"": ""白色"", ""内存"": ""16GB""}",https://via.placeholder.com/150?text=三星,2026-02-11 00:30:08,,https://item.jd.com/SAMPLE80.html,,,,2026-02-11 00:30:10,drawing book,13.0
,jd,JD_SAMPLE_8_1,戴尔手表型号2,4437.0,5324.0,4.1,63572,戴尔官方旗舰店,手表,"{""品牌"": ""戴尔"", ""颜色"": ""白色"", ""内存"": ""8GB""}",https://via.placeholder.com/150?text=戴尔,2026-02-11 00:30:08,,https://item.jd.com/SAMPLE81.html,,,,2026-02-11 00:30:10,drawing book,13.0
,jd,JD_SAMPLE_8_2,苹果平板型号3,7780.0,9336.0,5.0,58119,苹果官方旗舰店,平板,"{""品牌"": ""苹果"", ""颜色"": ""黑色"", ""内存"": ""12GB""}",https://via.placeholder.com/150?text=苹果,2026-02-11 00:30:08,,https://item.jd.com/SAMPLE82.html,,,,2026-02-11 00:30:10,drawing book,13.0
,jd,JD_SAMPLE_8_3,苹果手机型号4,7937.0,9524.0,4.1,62836,苹果官方旗舰店,手机,"{""品牌"": ""苹果"", ""颜色"": ""白色"", ""内存"": ""12GB""}",https://via.placeholder.com/150?text=苹果,2026-02-11 00:30:08,,https://item.jd.com/SAMPLE83.html,,,,2026-02-11 00:30:10,drawing book,13.0
,jd,JD_SAMPLE_8_4,小米手机型号5,4307.0,5168.0,4.0,72132,小米官方旗舰店,手机,"{""品牌"": ""小米"", ""颜色"": ""蓝色"", ""内存"": ""8GB""}",https://via.placeholder.com/150?text=小米,2026-02-11 00:30:08,,https://item.jd.com/SAMPLE84.html,,,,2026-02-11 00:30:10,drawing book,13.0
,jd,JD_SAMPLE_8_5,苹果平板型号6,2697.0,3236.0,4.3,73211,苹果官方旗舰店,平板,"{""品牌"": ""苹果"", ""颜色"": ""白色"", ""内存"": ""12GB""}",https://via.placeholder.com/150?text=苹果,2026-02-11 00:30:08,,https://item.jd.com/SAMPLE85.html,,,,2026-02-11 00:30:10,drawing book,13.0
,jd,JD_SAMPLE_8_6,联想笔记本型号7,6498.0,7797.0,4.0,48849,联想官方旗舰店,笔记本,"{""品牌"": ""联想"", ""颜色"": ""白色"", ""内存"": ""12GB""}",https://via.placeholder.com/150?text=联想,2026-02-11 00:30:08,,https://item.jd.com/SAMPLE86.html,,,,2026-02-11 00:30:10,drawing book,13.0
,jd,JD_SAMPLE_8_7,联想平板型号8,7197.0,8636.0,4.6,70986,联想官方旗舰店,平板,"{""品牌"": ""联想"", ""颜色"": ""黑色"", ""内存"": ""8GB""}",https://via.placeholder.com/150?text=联想,2026-02-11 00:30:08,,https://item.jd.com/SAMPLE87.html,,,,2026-02-11 00:30:10,drawing book,13.0
,jd,JD_SAMPLE_9_0,三星耳机型号1,6469.0,7762.0,4.2,63915,三星官方旗舰店,耳机,"{""品牌"": ""三星"", ""颜色"": ""黑色"", ""内存"": ""8GB""}",https://via.placeholder.com/150?text=三星,2026-02-11 00:30:08,,https://item.jd.com/SAMPLE90.html,,,,2026-02-11 00:30:10,drawing book,13.0
,jd,JD_SAMPLE_9_1,小米手机型号2,6077.0,7292.0,4.8,15449,小米官方旗舰店,手机,"{""品牌"": ""小米"", ""颜色"": ""白色"", ""内存"": ""12GB""}",https://via.placeholder.com/150?text=小米,2026-02-11 00:30:08,,https://item.jd.com/SAMPLE91.html,,,,2026-02-11 00:30:10,drawing book,13.0
,jd,JD_SAMPLE_9_2,华为笔记本型号3,6762.0,8114.0,3.8,93963,华为官方旗舰店,笔记本,"{""品牌"": ""华为"", ""颜色"": ""白色"", ""内存"": ""8GB""}",https://via.placeholder.com/150?text=华为,2026-02-11 00:30:08,,https://item.jd.com/SAMPLE92.html,,,,2026-02-11 00:30:10,drawing book,13.0
,jd,JD_SAMPLE_9_3,三星耳机型号4,8515.0,10218.0,4.4,19510,三星官方旗舰店,耳机,"{""品牌"": ""三星"", ""颜色"": ""白色"", ""内存"": ""8GB""}",https://via.placeholder.com/150?text=三星,2026-02-11 00:30:08,,https://item.jd.com/SAMPLE93.html,,,,2026-02-11 00:30:10,drawing book,13.0
,jd,JD_SAMPLE_9_4,三星笔记本型号5,8432.0,10118.0,4.6,57793,三星官方旗舰店,笔记本,"{""品牌"": ""三星"", ""颜色"": ""白色"", ""内存"": ""12GB""}",https://via.placeholder.com/150?text=三星,2026-02-11 00:30:08,,https://item.jd.com/SAMPLE94.html,,,,2026-02-11 00:30:10,drawing book,13.0
,jd,JD_SAMPLE_9_5,三星耳机型号6,2216.0,2659.0,4.2,83389,三星官方旗舰店,耳机,"{""品牌"": ""三星"", ""颜色"": ""黑色"", ""内存"": ""16GB""}",https://via.placeholder.com/150?text=三星,2026-02-11 00:30:08,,https://item.jd.com/SAMPLE95.html,,,,2026-02-11 00:30:10,drawing book,13.0
,jd,JD_SAMPLE_9_6,小米平板型号7,6207.0,7448.0,3.8,41861,小米官方旗舰店,平板,"{""品牌"": ""小米"", ""颜色"": ""白色"", ""内存"": ""16GB""}",https://via.placeholder.com/150?text=小米,2026-02-11 00:30:08,,https://item.jd.com/SAMPLE96.html,,,,2026-02-11 00:30:10,drawing book,13.0
,jd,JD_SAMPLE_9_7,戴尔平板型号8,6483.0,7779.0,4.4,15549,戴尔官方旗舰店,平板,"{""品牌"": ""戴尔"", ""颜色"": ""黑色"", ""内存"": ""16GB""}",https://via.placeholder.com/150?text=戴尔,2026-02-11 00:30:08,,https://item.jd.com/SAMPLE97.html,,,,2026-02-11 00:30:10,drawing book,13.0
,jd,JD_SAMPLE_10_0,戴尔笔记本型号1,9005.0,10806.0,4.6,70413,戴尔官方旗舰店,笔记本,"{""品牌"": ""戴尔"", ""颜色"": ""白色"", ""内存"": ""8GB""}",https://via.placeholder.com/150?text=戴尔,2026-02-11 00:30:09,,https://item.jd.com/SAMPLE100.html,,,,2026-02-11 00:30:10,drawing book,13.0
,jd,JD_SAMPLE_10_1,戴尔耳机型号2,8970.0,10764.0,4.2,12229,戴尔官方旗舰店,耳机,"{""品牌"": ""戴尔"", ""颜色"": ""蓝色"", ""内存"": ""12GB""}",https://via.placeholder.com/150?text=戴尔,2026-02-11 00:30:09,,https://item.jd.com/SAMPLE101.html,,,,2026-02-11 00:30:10,drawing book,13.0
,jd,JD_SAMPLE_10_2,三星笔记本型号3,2296.0,2755.0,4.9,27010,三星官方旗舰店,笔记本,"{""品牌"": ""三星"", ""颜色"": ""黑色"", ""内存"": ""8GB""}",https://via.placeholder.com/150?text=三星,2026-02-11 00:30:09,,https://item.jd.com/SAMPLE102.html,,,,2026-02-11 00:30:10,drawing book,13.0
,jd,JD_SAMPLE_10_3,戴尔手机型号4,4384.0,5260.0,3.9,69942,戴尔官方旗舰店,手机,"{""品牌"": ""戴尔"", ""颜色"": ""白色"", ""内存"": ""12GB""}",https://via.placeholder.com/150?text=戴尔,2026-02-11 00:30:09,,https://item.jd.com/SAMPLE103.html,,,,2026-02-11 00:30:10,drawing book,13.0
,jd,JD_SAMPLE_10_4,三星耳机型号5,9012.0,10814.0,4.0,11594,三星官方旗舰店,耳机,"{""品牌"": ""三星"", ""颜色"": ""黑色"", ""内存"": ""16GB""}",https://via.placeholder.com/150?text=三星,2026-02-11 00:30:09,,https://item.jd.com/SAMPLE104.html,,,,2026-02-11 00:30:10,drawing book,13.0
,jd,JD_SAMPLE_10_5,三星平板型号6,2903.0,3483.0,4.7,28343,三星官方旗舰店,平板,"{""品牌"": ""三星"", ""颜色"": ""白色"", ""内存"": ""16GB""}",https://via.placeholder.com/150?text=三星,2026-02-11 00:30:09,,https://item.jd.com/SAMPLE105.html,,,,2026-02-11 00:30:10,drawing book,13.0
,jd,JD_SAMPLE_10_6,三星手表型号7,5460.0,6552.0,4.5,28548,三星官方旗舰店,手表,"{""品牌"": ""三星"", ""颜色"": ""黑色"", ""内存"": ""8GB""}",https://via.placeholder.com/150?text=三星,2026-02-11 00:30:09,,https://item.jd.com/SAMPLE106.html,,,,2026-02-11 00:30:10,drawing book,13.0
,jd,JD_SAMPLE_10_7,戴尔手表型号8,5700.0,6840.0,4.9,94563,戴尔官方旗舰店,手表,"{""品牌"": ""戴尔"", ""颜色"": ""黑色"", ""内存"": ""8GB""}",https://via.placeholder.com/150?text=戴尔,2026-02-11 00:30:09,,https://item.jd.com/SAMPLE107.html,,,,2026-02-11 00:30:10,drawing book,13.0
,jd,JD_SAMPLE_11_0,华为耳机型号1,5977.0,7172.0,4.1,88530,华为官方旗舰店,耳机,"{""品牌"": ""华为"", ""颜色"": ""白色"", ""内存"": ""16GB""}",https://via.placeholder.com/150?text=华为,2026-02-11 00:30:09,,https://item.jd.com/SAMPLE110.html,,,,2026-02-11 00:30:10,drawing book,13.0
,jd,JD_SAMPLE_11_1,小米平板型号2,4490.0,5388.0,4.5,14982,小米官方旗舰店,平板,"{""品牌"": ""小米"", ""颜色"": ""蓝色"", ""内存"": ""8GB""}",https://via.placeholder.com/150?text=小米,2026-02-11 00:30:09,,https://item.jd.com/SAMPLE111.html,,,,2026-02-11 00:30:10,drawing book,13.0
,jd,JD_SAMPLE_11_2,华为耳机型号3,2829.0,3394.0,4.8,19562,华为官方旗舰店,耳机,"{""品牌"": ""华为"", ""颜色"": ""蓝色"", ""内存"": ""8GB""}",https://via.placeholder.com/150?text=华为,2026-02-11 00:30:09,,https://item.jd.com/SAMPLE112.html,,,,2026-02-11 00:30:10,drawing book,13.0
,jd,JD_SAMPLE_11_3,小米耳机型号4,3287.0,3944.0,4.8,21163,小米官方旗舰店,耳机,"{""品牌"": ""小米"", ""颜色"": ""白色"", ""内存"": ""8GB""}",https://via.placeholder.com/150?text=小米,2026-02-11 00:30:09,,https://item.jd.com/SAMPLE113.html,,,,2026-02-11 00:30:10,drawing book,13.0
,jd,JD_SAMPLE_11_4,联想耳机型号5,1020.0,1224.0,5.0,64252,联想官方旗舰店,耳机,"{""品牌"": ""联想"", ""颜色"": ""黑色"", ""内存"": ""16GB""}",https://via.placeholder.com/150?text=联想,2026-02-11 00:30:09,,https://item.jd.com/SAMPLE114.html,,,,2026-02-11 00:30:10,drawing book,13.0
,jd,JD_SAMPLE_11_5,三星手机型号6,1838.0,2205.0,4.0,94406,三星官方旗舰店,手机,"{""品牌"": ""三星"", ""颜色"": ""白色"", ""内存"": ""8GB""}",https://via.placeholder.com/150?text=三星,2026-02-11 00:30:09,,https://item.jd.com/SAMPLE115.html,,,,2026-02-11 00:30:10,drawing book,13.0
,jd,JD_SAMPLE_11_6,小米手机型号7,7047.0,8456.0,4.9,24344,小米官方旗舰店,手机,"{""品牌"": ""小米"", ""颜色"": ""蓝色"", ""内存"": ""8GB""}",https://via.placeholder.com/150?text=小米,2026-02-11 00:30:09,,https://item.jd.com/SAMPLE116.html,,,,2026-02-11 00:30:10,drawing book,13.0
,jd,JD_SAMPLE_11_7,戴尔手机型号8,4277.0,5132.0,4.4,65883,戴尔官方旗舰店,手机,"{""品牌"": ""戴尔"", ""颜色"": ""黑色"", ""内存"": ""12GB""}",https://via.placeholder.com/150?text=戴尔,2026-02-11 00:30:09,,https://item.jd.com/SAMPLE117.html,,,,2026-02-11 00:30:10,drawing book,13.0
,jd,JD_SAMPLE_12_0,三星平板型号1,6287.0,7544.0,4.7,23160,三星官方旗舰店,平板,"{""品牌"": ""三星"", ""颜色"": ""黑色"", ""内存"": ""16GB""}",https://via.placeholder.com/150?text=三星,2026-02-11 00:30:10,,https://item.jd.com/SAMPLE120.html,,,,2026-02-11 00:30:10,drawing book,13.0
,jd,JD_SAMPLE_12_1,三星耳机型号2,9926.0,11911.0,4.0,95756,三星官方旗舰店,耳机,"{""品牌"": ""三星"", ""颜色"": ""黑色"", ""内存"": ""8GB""}",https://via.placeholder.com/150?text=三星,2026-02-11 00:30:10,,https://item.jd.com/SAMPLE121.html,,,,2026-02-11 00:30:10,drawing book,13.0
,jd,JD_SAMPLE_12_2,华为平板型号3,5755.0,6906.0,4.5,7813,华为官方旗舰店,平板,"{""品牌"": ""华为"", ""颜色"": ""白色"", ""内存"": ""12GB""}",https://via.placeholder.com/150?text=华为,2026-02-11 00:30:10,,https://item.jd.com/SAMPLE122.html,,,,2026-02-11 00:30:10,drawing book,13.0
,jd,JD_SAMPLE_12_3,华为平板型号4,3263.0,3915.0,4.7,92885,华为官方旗舰店,平板,"{""品牌"": ""华为"", ""颜色"": ""白色"", ""内存"": ""12GB""}",https://via.placeholder.com/150?text=华为,2026-02-11 00:30:10,,https://item.jd.com/SAMPLE123.html,,,,2026-02-11 00:30:10,drawing book,13.0
,jd,JD_SAMPLE_12_4,小米耳机型号5,9435.0,11322.0,3.9,45126,小米官方旗舰店,耳机,"{""品牌"": ""小米"", ""颜色"": ""白色"", ""内存"": ""12GB""}",https://via.placeholder.com/150?text=小米,2026-02-11 00:30:10,,https://item.jd.com/SAMPLE124.html,,,,2026-02-11 00:30:10,drawing book,13.0
,jd,JD_SAMPLE_12_5,三星耳机型号6,3233.0,3879.0,4.5,11655,三星官方旗舰店,耳机,"{""品牌"": ""三星"", ""颜色"": ""白色"", ""内存"": ""8GB""}",https://via.placeholder.com/150?text=三星,2026-02-11 00:30:10,,https://item.jd.com/SAMPLE125.html,,,,2026-02-11 00:30:10,drawing book,13.0
,jd,JD_SAMPLE_12_6,苹果手机型号7,6287.0,7544.0,4.6,89111,苹果官方旗舰店,手机,"{""品牌"": ""苹果"", ""颜色"": ""白色"", ""内存"": ""12GB""}",https://via.placeholder.com/150?text=苹果,2026-02-11 00:30:10,,https://item.jd.com/SAMPLE126.html,,,,2026-02-11 00:30:10,drawing book,13.0
,jd,JD_SAMPLE_12_7,小米手表型号8,2527.0,3032.0,3.8,27337,小米官方旗舰店,手表,"{""品牌"": ""小米"", ""颜色"": ""黑色"", ""内存"": ""8GB""}",https://via.placeholder.com/150?text=小米,2026-02-11 00:30:10,,https://item.jd.com/SAMPLE127.html,,,,2026-02-11 00:30:10,drawing book,13.0
,jd,JD_SAMPLE_13_0,戴尔平板型号1,7874.0,9448.0,4.1,53800,戴尔官方旗舰店,平板,"{""品牌"": ""戴尔"", ""颜色"": ""白色"", ""内存"": ""16GB""}",https://via.placeholder.com/150?text=戴尔,2026-02-11 00:30:10,,https://item.jd.com/SAMPLE130.html,,,,2026-02-11 00:30:10,drawing book,13.0
,jd,JD_SAMPLE_13_1,戴尔手表型号2,4525.0,5430.0,4.7,42762,戴尔官方旗舰店,手表,"{""品牌"": ""戴尔"", ""颜色"": ""白色"", ""内存"": ""8GB""}",https://via.placeholder.com/150?text=戴尔,2026-02-11 00:30:10,,https://item.jd.com/SAMPLE131.html,,,,2026-02-11 00:30:10,drawing book,13.0
,jd,JD_SAMPLE_13_2,联想平板型号3,9801.0,11761.0,4.2,79353,联想官方旗舰店,平板,"{""品牌"": ""联想"", ""颜色"": ""白色"", ""内存"": ""8GB""}",https://via.placeholder.com/150?text=联想,2026-02-11 00:30:10,,https://item.jd.com/SAMPLE132.html,,,,2026-02-11 00:30:10,drawing book,13.0
,jd,JD_SAMPLE_13_3,华为笔记本型号4,3400.0,4080.0,4.3,53610,华为官方旗舰店,笔记本,"{""品牌"": ""华为"", ""颜色"": ""黑色"", ""内存"": ""12GB""}",https://via.placeholder.com/150?text=华为,2026-02-11 00:30:10,,https://item.jd.com/SAMPLE133.html,,,,2026-02-11 00:30:10,drawing book,13.0
,jd,JD_SAMPLE_13_4,三星耳机型号5,8972.0,10766.0,4.7,11369,三星官方旗舰店,耳机,"{""品牌"": ""三星"", ""颜色"": ""白色"", ""内存"": ""16GB""}",https://via.placeholder.com/150?text=三星,2026-02-11 00:30:10,,https://item.jd.com/SAMPLE134.html,,,,2026-02-11 00:30:10,drawing book,13.0
,jd,JD_SAMPLE_13_5,小米耳机型号6,2909.0,3490.0,3.9,47802,小米官方旗舰店,耳机,"{""品牌"": ""小米"", ""颜色"": ""蓝色"", ""内存"": ""16GB""}",https://via.placeholder.com/150?text=小米,2026-02-11 00:30:10,,https://item.jd.com/SAMPLE135.html,,,,2026-02-11 00:30:10,drawing book,13.0
,jd,JD_SAMPLE_13_6,小米手机型号7,5719.0,6862.0,4.5,46370,小米官方旗舰店,手机,"{""品牌"": ""小米"", ""颜色"": ""蓝色"", ""内存"": ""16GB""}",https://via.placeholder.com/150?text=小米,2026-02-11 00:30:10,,https://item.jd.com/SAMPLE136.html,,,,2026-02-11 00:30:10,drawing book,13.0
,jd,JD_SAMPLE_13_7,三星耳机型号8,1148.0,1377.0,4.8,65106,三星官方旗舰店,耳机,"{""品牌"": ""三星"", ""颜色"": ""白色"", ""内存"": ""16GB""}",https://via.placeholder.com/150?text=三星,2026-02-11 00:30:10,,https://item.jd.com/SAMPLE137.html,,,,2026-02-11 00:30:10,drawing book,13.0
