id,name,price,platform,timestamp,product_id,current_price,original_price,rating,review_count,store_name,category,image_url,detail_url,crawled_at,crawl_timestamp,search_keyword
AMZ_SAMPLE_12_4,Dell metal ring Model 5,716.17,amazon,2026-01-30 19:49:29,,,,,,,,,,,,
,"MFi Certified 512GB Flash Drive Photo Stick for iPhone, External Memory Photo Keeper Storage for Data Saver/Backup/Transfer Files/Picture/Video/iPhone",,Amazon,,B0DTTKTQWF,43.0,55.36,3.4,30943.0,300+ bought in past month,Electronics,https://m.media-amazon.com/images/I/61Jg28DRguL._AC_UY218_.jpg,https://www.amazon.com/sspa/click?ie=UTF8&spc=MToxNTk3NTI0NjIwODEzMDAzOjE3Njk3NzQ1MDg6c3BfYXRmOjMwMDg0NDYzNDk3OTkwMjo6MDo6&url=%2FCertified-External-Storage-Transfer-Picture%2Fdp%2FB0DTTKTQWF%2Fref%3Dsr_1_2_sspa%3Fdib%3DeyJ2IjoiMSJ9.-VdNdAD-nl1USDJ2DzP1CFoSBI7AQT6oDdbuXust0SZjlqq_sHZn45Tnc_Tvq_nCZ0oM_1e0heRADbp6UAia6SLeonnDswDQBXCu0rk95IKOYlYu_IRBwNvGXbkIHkicjxTdrcjOaU4RIPSzpu-15Jjr4eFKiqOqkCiN9HJjoRXa5kqMC6KMDgRKclkbPPADlVMFtrKwAzBCkzLmqXaE6fJfdLA1-oTaC7AjkeW8oqM.n6uLXqQZ-ICqTKKt6VXNiyDM1AsmNOjSw1_NFhOUKgE%26dib_tag%3Dse%26keywords%3Dflash%2Bdisk%26qid%3D1769774508%26sr%3D8-2-spons%26sp_csd%3Dd2lkZ2V0TmFtZT1zcF9hdGY%26psc%3D1,2026-01-30 20:01:49,2026-01-30 20:02:57,flashdisk
,"SanDisk 128GB Ultra Flair USB 3.0 Flash Drive - SDCZ73-128G-G46, black",,Amazon,,B015CH1PJU,11.0,14.03,4.8,14912.0,10K+ bought in past month,Electronics,https://m.media-amazon.com/images/I/51q1BJpgGkL._AC_UY218_.jpg,https://www.amazon.com/SanDisk-Ultra-Flair-128GB-Flash/dp/B015CH1PJU/ref=sr_1_3?dib=eyJ2IjoiMSJ9.-VdNdAD-nl1USDJ2DzP1CFoSBI7AQT6oDdbuXust0SZjlqq_sHZn45Tnc_Tvq_nCZ0oM_1e0heRADbp6UAia6SLeonnDswDQBXCu0rk95IKOYlYu_IRBwNvGXbkIHkicjxTdrcjOaU4RIPSzpu-15Jjr4eFKiqOqkCiN9HJjoRXa5kqMC6KMDgRKclkbPPADlVMFtrKwAzBCkzLmqXaE6fJfdLA1-oTaC7AjkeW8oqM.n6uLXqQZ-ICqTKKt6VXNiyDM1AsmNOjSw1_NFhOUKgE&dib_tag=se&keywords=flash+disk&qid=1769774508&sr=8-3,2026-01-30 20:01:49,2026-01-30 20:02:57,flashdisk
,"Amazon Basics 128 GB Ultra Fast USB 3.1 Flash Drive, Black",,Amazon,,B0B6148YKN,11.0,14.01,3.8,20736.0,10K+ bought in past month,Electronics,https://m.media-amazon.com/images/I/71RhxfozxvL._AC_UY218_.jpg,https://www.amazon.com/Amazon-Basics-128GB-Ultra-Flash/dp/B0B6148YKN/ref=sr_1_4?dib=eyJ2IjoiMSJ9.-VdNdAD-nl1USDJ2DzP1CFoSBI7AQT6oDdbuXust0SZjlqq_sHZn45Tnc_Tvq_nCZ0oM_1e0heRADbp6UAia6SLeonnDswDQBXCu0rk95IKOYlYu_IRBwNvGXbkIHkicjxTdrcjOaU4RIPSzpu-15Jjr4eFKiqOqkCiN9HJjoRXa5kqMC6KMDgRKclkbPPADlVMFtrKwAzBCkzLmqXaE6fJfdLA1-oTaC7AjkeW8oqM.n6uLXqQZ-ICqTKKt6VXNiyDM1AsmNOjSw1_NFhOUKgE&dib_tag=se&keywords=flash+disk&qid=1769774508&sr=8-4,2026-01-30 20:01:49,2026-01-30 20:02:57,flashdisk
,32GB USB Flash Drives 2 Pack 32GB Thumb Drives Memory Stick Jump Drive with LED Light for Storage and Backup (2 Colors: Black Blue),,Amazon,,B082ZGHXK8,9.0,11.37,3.0,2799.0,5K+ bought in past month,Electronics,https://m.media-amazon.com/images/I/71ULtE83xWL._AC_UY218_.jpg,https://www.amazon.com/SamData-Drives-Memory-Storage-Backup/dp/B082ZGHXK8/ref=sr_1_5?dib=eyJ2IjoiMSJ9.-VdNdAD-nl1USDJ2DzP1CFoSBI7AQT6oDdbuXust0SZjlqq_sHZn45Tnc_Tvq_nCZ0oM_1e0heRADbp6UAia6SLeonnDswDQBXCu0rk95IKOYlYu_IRBwNvGXbkIHkicjxTdrcjOaU4RIPSzpu-15Jjr4eFKiqOqkCiN9HJjoRXa5kqMC6KMDgRKclkbPPADlVMFtrKwAzBCkzLmqXaE6fJfdLA1-oTaC7AjkeW8oqM.n6uLXqQZ-ICqTKKt6VXNiyDM1AsmNOjSw1_NFhOUKgE&dib_tag=se&keywords=flash+disk&qid=1769774508&sr=8-5,2026-01-30 20:01:49,2026-01-30 20:02:57,flashdisk
,"Amazon Basics 256 GB Ultra Fast USB 3.1 High Capacity Flash Drive for Data Transfer and Storage, Black",,Amazon,,B0B61DGG18,18.0,20.97,3.7,1316.0,10K+ bought in past month,Electronics,https://m.media-amazon.com/images/I/71XXRNmEbeL._AC_UY218_.jpg,https://www.amazon.com/Amazon-Basics-256GB-Ultra-Flash/dp/B0B61DGG18/ref=sr_1_6?dib=eyJ2IjoiMSJ9.-VdNdAD-nl1USDJ2DzP1CFoSBI7AQT6oDdbuXust0SZjlqq_sHZn45Tnc_Tvq_nCZ0oM_1e0heRADbp6UAia6SLeonnDswDQBXCu0rk95IKOYlYu_IRBwNvGXbkIHkicjxTdrcjOaU4RIPSzpu-15Jjr4eFKiqOqkCiN9HJjoRXa5kqMC6KMDgRKclkbPPADlVMFtrKwAzBCkzLmqXaE6fJfdLA1-oTaC7AjkeW8oqM.n6uLXqQZ-ICqTKKt6VXNiyDM1AsmNOjSw1_NFhOUKgE&dib_tag=se&keywords=flash+disk&qid=1769774508&sr=8-6,2026-01-30 20:01:49,2026-01-30 20:02:57,flashdisk
,"Amazon Basics USB Flash Drive, Thumb Drive Memory Stick with USB C and USB A Dual Ports, 256GB, Champagne Silver",,Amazon,,B0DRXNKSD5,19.0,24.43,4.8,8333.0,3K+ bought in past month,Electronics,https://m.media-amazon.com/images/I/614CQHbdKcL._AC_UY218_.jpg,https://www.amazon.com/sspa/click?ie=UTF8&spc=MToxNTk3NTI0NjIwODEzMDAzOjE3Njk3NzQ1MDg6c3BfbXRmOjMwMDk4MDQ1MjA3MDYwMjo6MDo6&url=%2FAmazon-Basics-Flash-Drive-Memory%2Fdp%2FB0DRXNKSD5%2Fref%3Dsr_1_7_ffob_sspa%3Fdib%3DeyJ2IjoiMSJ9.-VdNdAD-nl1USDJ2DzP1CFoSBI7AQT6oDdbuXust0SZjlqq_sHZn45Tnc_Tvq_nCZ0oM_1e0heRADbp6UAia6SLeonnDswDQBXCu0rk95IKOYlYu_IRBwNvGXbkIHkicjxTdrcjOaU4RIPSzpu-15Jjr4eFKiqOqkCiN9HJjoRXa5kqMC6KMDgRKclkbPPADlVMFtrKwAzBCkzLmqXaE6fJfdLA1-oTaC7AjkeW8oqM.n6uLXqQZ-ICqTKKt6VXNiyDM1AsmNOjSw1_NFhOUKgE%26dib_tag%3Dse%26keywords%3Dflash%2Bdisk%26qid%3D1769774508%26sr%3D8-7-spons%26sp_csd%3Dd2lkZ2V0TmFtZT1zcF9tdGY%26psc%3D1,2026-01-30 20:01:49,2026-01-30 20:02:57,flashdisk
,"SanDisk 256GB Ultra USB 3.0 Flash Drive - SDCZ48-256G-GAM46, Black",,Amazon,,B081QSHG1K,20.0,23.75,4.1,49455.0,3K+ bought in past month,Electronics,https://m.media-amazon.com/images/I/61TuPtmTScL._AC_UY218_.jpg,https://www.amazon.com/SanDisk-256GB-Ultra-Flash-Drive/dp/B081QSHG1K/ref=sr_1_8?dib=eyJ2IjoiMSJ9.-VdNdAD-nl1USDJ2DzP1CFoSBI7AQT6oDdbuXust0SZjlqq_sHZn45Tnc_Tvq_nCZ0oM_1e0heRADbp6UAia6SLeonnDswDQBXCu0rk95IKOYlYu_IRBwNvGXbkIHkicjxTdrcjOaU4RIPSzpu-15Jjr4eFKiqOqkCiN9HJjoRXa5kqMC6KMDgRKclkbPPADlVMFtrKwAzBCkzLmqXaE6fJfdLA1-oTaC7AjkeW8oqM.n6uLXqQZ-ICqTKKt6VXNiyDM1AsmNOjSw1_NFhOUKgE&dib_tag=se&keywords=flash+disk&qid=1769774508&sr=8-8,2026-01-30 20:01:49,2026-01-30 20:02:57,flashdisk
,"SanDisk 128GB Ultra USB 3.0 Flash Drive - SDCZ48-128G-GAM46, Black",,Amazon,,B081QSJNRJ,13.0,15.24,3.4,26876.0,2K+ bought in past month,Electronics,https://m.media-amazon.com/images/I/61T85CGI4ZL._AC_UY218_.jpg,https://www.amazon.com/SanDisk-128GB-Ultra-Flash-Drive/dp/B081QSJNRJ/ref=sr_1_9?dib=eyJ2IjoiMSJ9.-VdNdAD-nl1USDJ2DzP1CFoSBI7AQT6oDdbuXust0SZjlqq_sHZn45Tnc_Tvq_nCZ0oM_1e0heRADbp6UAia6SLeonnDswDQBXCu0rk95IKOYlYu_IRBwNvGXbkIHkicjxTdrcjOaU4RIPSzpu-15Jjr4eFKiqOqkCiN9HJjoRXa5kqMC6KMDgRKclkbPPADlVMFtrKwAzBCkzLmqXaE6fJfdLA1-oTaC7AjkeW8oqM.n6uLXqQZ-ICqTKKt6VXNiyDM1AsmNOjSw1_NFhOUKgE&dib_tag=se&keywords=flash+disk&qid=1769774508&sr=8-9,2026-01-30 20:01:49,2026-01-30 20:02:57,flashdisk
,32GB Memory Stick USB 2.0 Flash Drives Swivel Thumb Drive Pen Drive (32GB Purple),,Amazon,,B07S4GGHNR,5.0,5.86,3.1,36750.0,1K+ bought in past month,Electronics,https://m.media-amazon.com/images/I/61AZvkftK7L._AC_UY218_.jpg,https://www.amazon.com/SIMMAX-Memory-Drives-Swivel-Purple/dp/B07S4GGHNR/ref=sr_1_11?dib=eyJ2IjoiMSJ9.-VdNdAD-nl1USDJ2DzP1CFoSBI7AQT6oDdbuXust0SZjlqq_sHZn45Tnc_Tvq_nCZ0oM_1e0heRADbp6UAia6SLeonnDswDQBXCu0rk95IKOYlYu_IRBwNvGXbkIHkicjxTdrcjOaU4RIPSzpu-15Jjr4eFKiqOqkCiN9HJjoRXa5kqMC6KMDgRKclkbPPADlVMFtrKwAzBCkzLmqXaE6fJfdLA1-oTaC7AjkeW8oqM.n6uLXqQZ-ICqTKKt6VXNiyDM1AsmNOjSw1_NFhOUKgE&dib_tag=se&keywords=flash+disk&qid=1769774508&sr=8-11,2026-01-30 20:01:49,2026-01-30 20:02:57,flashdisk
,"512GB Flash Drive Intended for iPhone, Memory Stick Storage Files Photos Videos Backup, Compatible with iPhone iPad Android PC, Plug and Play, No Appl",,Amazon,,B0FBS7RH94,22.0,25.59,4.9,35240.0,50+ bought in past month,Electronics,https://m.media-amazon.com/images/I/61nVJWs6wpL._AC_UY218_.jpg,https://www.amazon.com/sspa/click?ie=UTF8&spc=MToxNTk3NTI0NjIwODEzMDAzOjE3Njk3NzQ1MDg6c3BfbXRmOjMwMDgyNDY2NDEwNzIwMjo6MDo6&url=%2FAUAMOZ-Intended-Compatible-Application-Required%2Fdp%2FB0FBS7RH94%2Fref%3Dsr_1_12_sspa%3Fdib%3DeyJ2IjoiMSJ9.-VdNdAD-nl1USDJ2DzP1CFoSBI7AQT6oDdbuXust0SZjlqq_sHZn45Tnc_Tvq_nCZ0oM_1e0heRADbp6UAia6SLeonnDswDQBXCu0rk95IKOYlYu_IRBwNvGXbkIHkicjxTdrcjOaU4RIPSzpu-15Jjr4eFKiqOqkCiN9HJjoRXa5kqMC6KMDgRKclkbPPADlVMFtrKwAzBCkzLmqXaE6fJfdLA1-oTaC7AjkeW8oqM.n6uLXqQZ-ICqTKKt6VXNiyDM1AsmNOjSw1_NFhOUKgE%26dib_tag%3Dse%26keywords%3Dflash%2Bdisk%26qid%3D1769774508%26sr%3D8-12-spons%26sp_csd%3Dd2lkZ2V0TmFtZT1zcF9tdGY%26psc%3D1,2026-01-30 20:01:49,2026-01-30 20:02:57,flashdisk
,"PNY 64GB Turbo Attaché 3 USB 3.0 Flash Drive, Silver (Pack of 5)",,Amazon,,B09RG1TNM7,25.0,30.2,4.0,48473.0,3K+ bought in past month,Electronics,https://m.media-amazon.com/images/I/51qNgGQLpIL._AC_UY218_.jpg,https://www.amazon.com/PNY-Turbo-Attach%C3%A9-Flash-5-Pack/dp/B09RG1TNM7/ref=sr_1_13?dib=eyJ2IjoiMSJ9.-VdNdAD-nl1USDJ2DzP1CFoSBI7AQT6oDdbuXust0SZjlqq_sHZn45Tnc_Tvq_nCZ0oM_1e0heRADbp6UAia6SLeonnDswDQBXCu0rk95IKOYlYu_IRBwNvGXbkIHkicjxTdrcjOaU4RIPSzpu-15Jjr4eFKiqOqkCiN9HJjoRXa5kqMC6KMDgRKclkbPPADlVMFtrKwAzBCkzLmqXaE6fJfdLA1-oTaC7AjkeW8oqM.n6uLXqQZ-ICqTKKt6VXNiyDM1AsmNOjSw1_NFhOUKgE&dib_tag=se&keywords=flash+disk&qid=1769774508&sr=8-13,2026-01-30 20:01:49,2026-01-30 20:02:57,flashdisk
,"ABLAZE 32GB Flash Drive 10 Pack, USB 2.0 Memory Stick with Lanyards Swivel Thumb Drives Bulk 32GB Pendrive U Disk for Data Storage (Mixcolors)",,Amazon,,B09FXV3MXF,26.0,31.92,4.4,32309.0,400+ bought in past month,Electronics,https://m.media-amazon.com/images/I/71T-gxHQU+L._AC_UY218_.jpg,https://www.amazon.com/ABLAZE-Memory-Lanyards-Pendrive-Mixcolor/dp/B09FXV3MXF/ref=sr_1_14?dib=eyJ2IjoiMSJ9.-VdNdAD-nl1USDJ2DzP1CFoSBI7AQT6oDdbuXust0SZjlqq_sHZn45Tnc_Tvq_nCZ0oM_1e0heRADbp6UAia6SLeonnDswDQBXCu0rk95IKOYlYu_IRBwNvGXbkIHkicjxTdrcjOaU4RIPSzpu-15Jjr4eFKiqOqkCiN9HJjoRXa5kqMC6KMDgRKclkbPPADlVMFtrKwAzBCkzLmqXaE6fJfdLA1-oTaC7AjkeW8oqM.n6uLXqQZ-ICqTKKt6VXNiyDM1AsmNOjSw1_NFhOUKgE&dib_tag=se&keywords=flash+disk&qid=1769774508&sr=8-14,2026-01-30 20:01:49,2026-01-30 20:02:57,flashdisk
,"SanDisk 32GB 3-Pack Ultra USB 3.0 Flash Drive 32GB (Pack of 3) - SDCZ48-032G-GAM46T, Black",,Amazon,,B08HSS37H7,23.0,28.34,3.2,47042.0,1K+ bought in past month,Electronics,https://m.media-amazon.com/images/I/61TuPtmTScL._AC_UY218_.jpg,https://www.amazon.com/SanDisk-3-Pack-Ultra-Flash-3x32GB/dp/B08HSS37H7/ref=sr_1_15?dib=eyJ2IjoiMSJ9.-VdNdAD-nl1USDJ2DzP1CFoSBI7AQT6oDdbuXust0SZjlqq_sHZn45Tnc_Tvq_nCZ0oM_1e0heRADbp6UAia6SLeonnDswDQBXCu0rk95IKOYlYu_IRBwNvGXbkIHkicjxTdrcjOaU4RIPSzpu-15Jjr4eFKiqOqkCiN9HJjoRXa5kqMC6KMDgRKclkbPPADlVMFtrKwAzBCkzLmqXaE6fJfdLA1-oTaC7AjkeW8oqM.n6uLXqQZ-ICqTKKt6VXNiyDM1AsmNOjSw1_NFhOUKgE&dib_tag=se&keywords=flash+disk&qid=1769774508&sr=8-15,2026-01-30 20:01:49,2026-01-30 20:02:57,flashdisk
,"PNY 128GB Turbo Attaché 3 USB 3.0 Flash Drive 5-Pack – Grey, P-FD128X5TBOP-MP, 100MB/s, Light-Weight Durable - Data Storage and Transfer",,Amazon,,B0DDYCT5YS,39.0,44.17,4.0,19330.0,1K+ bought in past month,Electronics,https://m.media-amazon.com/images/I/6155RbbYkAL._AC_UY218_.jpg,https://www.amazon.com/PNY-128GB-Turbo-Attach%C3%A9-5-Pack/dp/B0DDYCT5YS/ref=sr_1_35?dib=eyJ2IjoiMSJ9.sNHJNhEeqMZ_ROD2nKWqsoYMPzXRqwMXNbH0X4tyThQlf9eiLjIIjsrOdOt-5a2PA25WPSb3vJ5Z3iPo4BVRrfiBs_MJtXUXF5x8VOXejandd52Or4OzjMtVudeBbXbY8HlLqF4WgqztHuGNOSi_kFLTFSc5orgd-bvb8PX1vSycLhhk-CIpRWnYvLAagcFexX6mH504mEj2nRgCG9m-Tycp4eEAwoK6hLs3_ONwvfw.94FONhSqKbd1tHvPkd3BCyIPDplbM6eHXdQlnnSmYAo&dib_tag=se&keywords=flash+disk&qid=1769774524&sr=8-35,2026-01-30 20:02:05,2026-01-30 20:02:57,flashdisk
,"256GB USB Flash Drive for Phone and Pad, Photo Stick High Speed External USB Thumb Drives Photo Storage Memory Stick for Save More Photos and Videos (",,Amazon,,B0CMXNBGQK,15.0,17.55,5.0,44166.0,List Price:,Electronics,https://m.media-amazon.com/images/I/614ARE4PwrL._AC_UY218_.jpg,https://www.amazon.com/External-Drives-Storage-Memory-Photos/dp/B0CMXNBGQK/ref=sr_1_36?dib=eyJ2IjoiMSJ9.sNHJNhEeqMZ_ROD2nKWqsoYMPzXRqwMXNbH0X4tyThQlf9eiLjIIjsrOdOt-5a2PA25WPSb3vJ5Z3iPo4BVRrfiBs_MJtXUXF5x8VOXejandd52Or4OzjMtVudeBbXbY8HlLqF4WgqztHuGNOSi_kFLTFSc5orgd-bvb8PX1vSycLhhk-CIpRWnYvLAagcFexX6mH504mEj2nRgCG9m-Tycp4eEAwoK6hLs3_ONwvfw.94FONhSqKbd1tHvPkd3BCyIPDplbM6eHXdQlnnSmYAo&dib_tag=se&keywords=flash+disk&qid=1769774524&sr=8-36,2026-01-30 20:02:05,2026-01-30 20:02:57,flashdisk
,"ThePhotoStick® Omni 128GB USB Flash Drive & Memory Stick – Photo & Video Backup for iPhone, Android, Mac & PC – Multiport Connection to Easily Store &",,Amazon,,B09GW86W6Y,57.0,67.83,4.6,37844.0,2K+ bought in past month,Electronics,https://m.media-amazon.com/images/I/61Nwje5iDGL._AC_UY218_.jpg,https://www.amazon.com/ThePhotoStick-Omni-128GB-Backup-Devices/dp/B09GW86W6Y/ref=sr_1_37?dib=eyJ2IjoiMSJ9.sNHJNhEeqMZ_ROD2nKWqsoYMPzXRqwMXNbH0X4tyThQlf9eiLjIIjsrOdOt-5a2PA25WPSb3vJ5Z3iPo4BVRrfiBs_MJtXUXF5x8VOXejandd52Or4OzjMtVudeBbXbY8HlLqF4WgqztHuGNOSi_kFLTFSc5orgd-bvb8PX1vSycLhhk-CIpRWnYvLAagcFexX6mH504mEj2nRgCG9m-Tycp4eEAwoK6hLs3_ONwvfw.94FONhSqKbd1tHvPkd3BCyIPDplbM6eHXdQlnnSmYAo&dib_tag=se&keywords=flash+disk&qid=1769774524&sr=8-37,2026-01-30 20:02:05,2026-01-30 20:02:57,flashdisk
,Verbatim 32GB Store 'n' Stay Nano USB 3.2 Gen 1 Flash Drive Snag-free Low Profile Thumb Drive - Blue,,Amazon,,B00RORBNWG,5.0,6.37,3.7,22069.0,1K+ bought in past month,Electronics,https://m.media-amazon.com/images/I/61pYZ-CzMSL._AC_UY218_.jpg,https://www.amazon.com/Verbatim-Snag-free-Microban-Antimicrobial-Protection/dp/B00RORBNWG/ref=sr_1_38?dib=eyJ2IjoiMSJ9.sNHJNhEeqMZ_ROD2nKWqsoYMPzXRqwMXNbH0X4tyThQlf9eiLjIIjsrOdOt-5a2PA25WPSb3vJ5Z3iPo4BVRrfiBs_MJtXUXF5x8VOXejandd52Or4OzjMtVudeBbXbY8HlLqF4WgqztHuGNOSi_kFLTFSc5orgd-bvb8PX1vSycLhhk-CIpRWnYvLAagcFexX6mH504mEj2nRgCG9m-Tycp4eEAwoK6hLs3_ONwvfw.94FONhSqKbd1tHvPkd3BCyIPDplbM6eHXdQlnnSmYAo&dib_tag=se&keywords=flash+disk&qid=1769774524&sr=8-38,2026-01-30 20:02:05,2026-01-30 20:02:57,flashdisk
,EASTFUN 5Pcs 8GB USB Flash Drive USB 2.0 Flash Memory Stick Thumb Stick Pen(Five Mixed Colors: Blue Purple Rose Green Gold),,Amazon,,B01CKT1DTA,11.0,13.98,3.5,40843.0,500+ bought in past month,Electronics,https://m.media-amazon.com/images/I/61LFANbLl1L._AC_UY218_.jpg,https://www.amazon.com/EASTFUN-Flash-Drive-Memory-Colors/dp/B01CKT1DTA/ref=sr_1_39?dib=eyJ2IjoiMSJ9.sNHJNhEeqMZ_ROD2nKWqsoYMPzXRqwMXNbH0X4tyThQlf9eiLjIIjsrOdOt-5a2PA25WPSb3vJ5Z3iPo4BVRrfiBs_MJtXUXF5x8VOXejandd52Or4OzjMtVudeBbXbY8HlLqF4WgqztHuGNOSi_kFLTFSc5orgd-bvb8PX1vSycLhhk-CIpRWnYvLAagcFexX6mH504mEj2nRgCG9m-Tycp4eEAwoK6hLs3_ONwvfw.94FONhSqKbd1tHvPkd3BCyIPDplbM6eHXdQlnnSmYAo&dib_tag=se&keywords=flash+disk&qid=1769774524&sr=8-39,2026-01-30 20:02:05,2026-01-30 20:02:57,flashdisk
,Wholesale (Mix Pack) (16MB-64GB) USB 2.0 Metal Flash Memory Stick Pen Drive Storage Thumb U Disk Lot (5PCS - 128MB),,Amazon,,B0CL289J6Q,6.0,6.92,5.0,6012.0,Amazon,Electronics,https://m.media-amazon.com/images/I/61ulUyh2JYL._AC_UY218_.jpg,https://www.amazon.com/Wholesale-16MB-64GB-Metal-Memory-Storage/dp/B0CL289J6Q/ref=sr_1_40?dib=eyJ2IjoiMSJ9.sNHJNhEeqMZ_ROD2nKWqsoYMPzXRqwMXNbH0X4tyThQlf9eiLjIIjsrOdOt-5a2PA25WPSb3vJ5Z3iPo4BVRrfiBs_MJtXUXF5x8VOXejandd52Or4OzjMtVudeBbXbY8HlLqF4WgqztHuGNOSi_kFLTFSc5orgd-bvb8PX1vSycLhhk-CIpRWnYvLAagcFexX6mH504mEj2nRgCG9m-Tycp4eEAwoK6hLs3_ONwvfw.94FONhSqKbd1tHvPkd3BCyIPDplbM6eHXdQlnnSmYAo&dib_tag=se&keywords=flash+disk&qid=1769774524&sr=8-40,2026-01-30 20:02:05,2026-01-30 20:02:57,flashdisk
,"SanDisk 512GB Extreme PRO Dual Drive - Up to 1,000MB/s, USB Type-C, and USB Type-A, High-Performance Flash Drive - SDDDE1-512G-G46",,Amazon,,B0DSG3FWJB,46.0,59.11,4.7,19571.0,1K+ bought in past month,Electronics,https://m.media-amazon.com/images/I/61SO6cMhVvL._AC_UY218_.jpg,https://www.amazon.com/SanDisk-512GB-Extreme-Drive-Type/dp/B0DSG3FWJB/ref=sr_1_41?dib=eyJ2IjoiMSJ9.sNHJNhEeqMZ_ROD2nKWqsoYMPzXRqwMXNbH0X4tyThQlf9eiLjIIjsrOdOt-5a2PA25WPSb3vJ5Z3iPo4BVRrfiBs_MJtXUXF5x8VOXejandd52Or4OzjMtVudeBbXbY8HlLqF4WgqztHuGNOSi_kFLTFSc5orgd-bvb8PX1vSycLhhk-CIpRWnYvLAagcFexX6mH504mEj2nRgCG9m-Tycp4eEAwoK6hLs3_ONwvfw.94FONhSqKbd1tHvPkd3BCyIPDplbM6eHXdQlnnSmYAo&dib_tag=se&keywords=flash+disk&qid=1769774524&sr=8-41,2026-01-30 20:02:05,2026-01-30 20:02:57,flashdisk
,"SanDisk 32GB 3-Pack Cruzer Glide USB 2.0 Flash Drive (3x32GB) - SDCZ60-032G-G46T, Black",,Amazon,,B0978ZCNSJ,0.0,0.0,3.4,40231.0,500+ bought in past month,Electronics,https://m.media-amazon.com/images/I/51pe0ND7gGL._AC_UY218_.jpg,https://www.amazon.com/SanDisk-3-Pack-Cruzer-Glide-3x32GB/dp/B0978ZCNSJ/ref=sr_1_42?dib=eyJ2IjoiMSJ9.sNHJNhEeqMZ_ROD2nKWqsoYMPzXRqwMXNbH0X4tyThQlf9eiLjIIjsrOdOt-5a2PA25WPSb3vJ5Z3iPo4BVRrfiBs_MJtXUXF5x8VOXejandd52Or4OzjMtVudeBbXbY8HlLqF4WgqztHuGNOSi_kFLTFSc5orgd-bvb8PX1vSycLhhk-CIpRWnYvLAagcFexX6mH504mEj2nRgCG9m-Tycp4eEAwoK6hLs3_ONwvfw.94FONhSqKbd1tHvPkd3BCyIPDplbM6eHXdQlnnSmYAo&dib_tag=se&keywords=flash+disk&qid=1769774524&sr=8-42,2026-01-30 20:02:05,2026-01-30 20:02:57,flashdisk
,128GB USB C Flash Drive Dual USB 3.0 Flash Drive Type C + USB A Portable Type-C Flash Drive 2-in-1 USB-C Thumb Drive for Smartphone Tablet Computer Ma,,Amazon,,B0CSW6375K,12.0,14.04,4.8,46153.0,6K+ bought in past month,Electronics,https://m.media-amazon.com/images/I/51K6hZcFQ4L._AC_UY218_.jpg,https://www.amazon.com/sspa/click?ie=UTF8&spc=MTo2MTYzMTcxMzk4MjIwMDE6MTc2OTc3NDUyNDpzcF9tdGY6MzAwOTU0MjcyMDMyMjAyOjowOjo&url=%2FJOIOT-Portable-Keychain-Smartphone-Computer%2Fdp%2FB0CSW6375K%2Fref%3Dsr_1_43_sspa%3Fdib%3DeyJ2IjoiMSJ9.sNHJNhEeqMZ_ROD2nKWqsoYMPzXRqwMXNbH0X4tyThQlf9eiLjIIjsrOdOt-5a2PA25WPSb3vJ5Z3iPo4BVRrfiBs_MJtXUXF5x8VOXejandd52Or4OzjMtVudeBbXbY8HlLqF4WgqztHuGNOSi_kFLTFSc5orgd-bvb8PX1vSycLhhk-CIpRWnYvLAagcFexX6mH504mEj2nRgCG9m-Tycp4eEAwoK6hLs3_ONwvfw.94FONhSqKbd1tHvPkd3BCyIPDplbM6eHXdQlnnSmYAo%26dib_tag%3Dse%26keywords%3Dflash%2Bdisk%26qid%3D1769774524%26sr%3D8-43-spons%26sp_csd%3Dd2lkZ2V0TmFtZT1zcF9tdGY%26psc%3D1,2026-01-30 20:02:05,2026-01-30 20:02:57,flashdisk
,"256GB Flash Drive Intended for Phone Tablet Androidphone and Computers, 4 in 1 Photo Stick for Phone Memory Storage Easily Backup Photos Videos, Plug ",,Amazon,,B0DS9VVRGJ,11.0,13.6,4.9,14893.0,300+ bought in past month,Electronics,https://m.media-amazon.com/images/I/71ZrIAFumpL._AC_UY218_.jpg,https://www.amazon.com/sspa/click?ie=UTF8&spc=MTo2MTYzMTcxMzk4MjIwMDE6MTc2OTc3NDUyNDpzcF9tdGY6MzAwNjQyNDQzMDE3NzAyOjowOjo&url=%2FEATOP-Intended-Computers-Application-Required%2Fdp%2FB0DS9VVRGJ%2Fref%3Dsr_1_44_sspa%3Fdib%3DeyJ2IjoiMSJ9.sNHJNhEeqMZ_ROD2nKWqsoYMPzXRqwMXNbH0X4tyThQlf9eiLjIIjsrOdOt-5a2PA25WPSb3vJ5Z3iPo4BVRrfiBs_MJtXUXF5x8VOXejandd52Or4OzjMtVudeBbXbY8HlLqF4WgqztHuGNOSi_kFLTFSc5orgd-bvb8PX1vSycLhhk-CIpRWnYvLAagcFexX6mH504mEj2nRgCG9m-Tycp4eEAwoK6hLs3_ONwvfw.94FONhSqKbd1tHvPkd3BCyIPDplbM6eHXdQlnnSmYAo%26dib_tag%3Dse%26keywords%3Dflash%2Bdisk%26qid%3D1769774524%26sr%3D8-44-spons%26sp_csd%3Dd2lkZ2V0TmFtZT1zcF9tdGY%26psc%3D1,2026-01-30 20:02:05,2026-01-30 20:02:57,flashdisk
,SanDisk 64GB Cruzer Glide USB 3.0 Flash Drive SDCZ600-064G-B35,,Amazon,,B017RD10X8,11.0,13.57,4.2,3398.0,400+ bought in past month,Electronics,https://m.media-amazon.com/images/I/51gckc6-M+L._AC_UY218_.jpg,https://www.amazon.com/SanDisk-Cruzer-Glide-Flash-SDCZ600-064G-B35/dp/B017RD10X8/ref=sr_1_45?dib=eyJ2IjoiMSJ9.sNHJNhEeqMZ_ROD2nKWqsoYMPzXRqwMXNbH0X4tyThQlf9eiLjIIjsrOdOt-5a2PA25WPSb3vJ5Z3iPo4BVRrfiBs_MJtXUXF5x8VOXejandd52Or4OzjMtVudeBbXbY8HlLqF4WgqztHuGNOSi_kFLTFSc5orgd-bvb8PX1vSycLhhk-CIpRWnYvLAagcFexX6mH504mEj2nRgCG9m-Tycp4eEAwoK6hLs3_ONwvfw.94FONhSqKbd1tHvPkd3BCyIPDplbM6eHXdQlnnSmYAo&dib_tag=se&keywords=flash+disk&qid=1769774524&sr=8-45,2026-01-30 20:02:05,2026-01-30 20:02:57,flashdisk
,SanDisk 16GB Ultra Fit USB 3.2 Flash Drive - SDCZ430-016G-G46,,Amazon,,B077Y149DL,8.0,9.91,3.1,4885.0,400+ bought in past month,Electronics,https://m.media-amazon.com/images/I/917k6WqTLSL._AC_UY218_.jpg,https://www.amazon.com/SanDisk-16GB-Ultra-Flash-Drive/dp/B077Y149DL/ref=sr_1_46?dib=eyJ2IjoiMSJ9.sNHJNhEeqMZ_ROD2nKWqsoYMPzXRqwMXNbH0X4tyThQlf9eiLjIIjsrOdOt-5a2PA25WPSb3vJ5Z3iPo4BVRrfiBs_MJtXUXF5x8VOXejandd52Or4OzjMtVudeBbXbY8HlLqF4WgqztHuGNOSi_kFLTFSc5orgd-bvb8PX1vSycLhhk-CIpRWnYvLAagcFexX6mH504mEj2nRgCG9m-Tycp4eEAwoK6hLs3_ONwvfw.94FONhSqKbd1tHvPkd3BCyIPDplbM6eHXdQlnnSmYAo&dib_tag=se&keywords=flash+disk&qid=1769774524&sr=8-46,2026-01-30 20:02:05,2026-01-30 20:02:57,flashdisk
,"4GB USB Flash Drive, Flash Stick 4 GB 10 Pack Memory Stick JBOS Swivel Thumb Drives Gig Stick USB2.0 Pen Drive for Fold Digital Date Storage, Zip Driv",,Amazon,,B07FLP3TKD,18.0,20.66,4.9,26618.0,50+ bought in past month,Electronics,https://m.media-amazon.com/images/I/61lrRFxDPHL._AC_UY218_.jpg,https://www.amazon.com/Memory-JBOS-Swivel-Digital-Storage/dp/B07FLP3TKD/ref=sr_1_47?dib=eyJ2IjoiMSJ9.sNHJNhEeqMZ_ROD2nKWqsoYMPzXRqwMXNbH0X4tyThQlf9eiLjIIjsrOdOt-5a2PA25WPSb3vJ5Z3iPo4BVRrfiBs_MJtXUXF5x8VOXejandd52Or4OzjMtVudeBbXbY8HlLqF4WgqztHuGNOSi_kFLTFSc5orgd-bvb8PX1vSycLhhk-CIpRWnYvLAagcFexX6mH504mEj2nRgCG9m-Tycp4eEAwoK6hLs3_ONwvfw.94FONhSqKbd1tHvPkd3BCyIPDplbM6eHXdQlnnSmYAo&dib_tag=se&keywords=flash+disk&qid=1769774524&sr=8-47,2026-01-30 20:02:05,2026-01-30 20:02:57,flashdisk
,128GB USB Flash Drives 2 Pack 128GB Thumb Drives Memory Stick Jump Drive with LED Light for Storage and Backup (2 Pack Black),,Amazon,,B0CHB1RNFR,15.0,16.8,3.7,22903.0,Amazon,Electronics,https://m.media-amazon.com/images/I/6131tPOZLoL._AC_UY218_.jpg,https://www.amazon.com/sspa/click?ie=UTF8&spc=MTo1NzU5ODMwMzA0MDUxMTg3OjE3Njk3NzQ1NDg6c3BfYXRmX25leHQ6MzAwMDQ4OTc3OTgyNzAyOjowOjo&url=%2FSamData-Drives-Memory-Storage-Backup%2Fdp%2FB0CHB1RNFR%2Fref%3Dsr_1_82_sspa%3Fdib%3DeyJ2IjoiMSJ9.Gu6JmFft8cnKPX0lx-McV5gqHnc-8DZ0xJ95QqzNAqiMGft5zmJ8-mVzh5IjPg9dpsFOi_6Dwr2ZafySHs85MU_m239pE7owdzuttKbXkrTaVYOBj7y2i990Ey5S9ApCa-9pLeqqv0PJvjSLcJvrL9lo_lESn7fCGdpOP28gWV2Pbv-NXGMFsQvyYjd7HCKHS2ifZQdnEiFZ22WiLtNAwBZbx9VRvGcgD4Vlx87h4bQ.gpjIoDxV9Gxb4iQjPrYXNvaAgVSTH4sJ0rmmLF-n_F0%26dib_tag%3Dse%26keywords%3Dflash%2Bdisk%26qid%3D1769774547%26sr%3D8-82-spons%26sp_csd%3Dd2lkZ2V0TmFtZT1zcF9hdGZfbmV4dA%26psc%3D1,2026-01-30 20:02:29,2026-01-30 20:02:57,flashdisk
,"1 Pack 64GB USB Flash Drives USB 2.0 Thumb Drives Memory Stick Jump Drive Zip Drive, Green",,Amazon,,B0BYMRK9XZ,5.0,5.89,3.4,2144.0,50+ bought in past month,Electronics,https://m.media-amazon.com/images/I/51KQi9u2+5L._AC_UY218_.jpg,https://www.amazon.com/SamData-Flash-Drives-Thumb-Memory/dp/B0BYMRK9XZ/ref=sr_1_83?dib=eyJ2IjoiMSJ9.Gu6JmFft8cnKPX0lx-McV5gqHnc-8DZ0xJ95QqzNAqiMGft5zmJ8-mVzh5IjPg9dpsFOi_6Dwr2ZafySHs85MU_m239pE7owdzuttKbXkrTaVYOBj7y2i990Ey5S9ApCa-9pLeqqv0PJvjSLcJvrL9lo_lESn7fCGdpOP28gWV2Pbv-NXGMFsQvyYjd7HCKHS2ifZQdnEiFZ22WiLtNAwBZbx9VRvGcgD4Vlx87h4bQ.gpjIoDxV9Gxb4iQjPrYXNvaAgVSTH4sJ0rmmLF-n_F0&dib_tag=se&keywords=flash+disk&qid=1769774547&sr=8-83,2026-01-30 20:02:29,2026-01-30 20:02:57,flashdisk
,Vansuny 64GB Type C Flash Drive 2 in 1 OTG USB 3.0 + USB C Memory Stick with Keychain Dual Type C Thumb Drive Photo Stick Jump Drive for Android Smart,,Amazon,,B07LGLQT11,9.0,10.38,4.7,18215.0,1K+ bought in past month,Electronics,https://m.media-amazon.com/images/I/51YWrNICL5L._AC_UY218_.jpg,https://www.amazon.com/Sanfeya-Smartphones-MacBook-Tablets-Samsung/dp/B07LGLQT11/ref=sr_1_84?dib=eyJ2IjoiMSJ9.Gu6JmFft8cnKPX0lx-McV5gqHnc-8DZ0xJ95QqzNAqiMGft5zmJ8-mVzh5IjPg9dpsFOi_6Dwr2ZafySHs85MU_m239pE7owdzuttKbXkrTaVYOBj7y2i990Ey5S9ApCa-9pLeqqv0PJvjSLcJvrL9lo_lESn7fCGdpOP28gWV2Pbv-NXGMFsQvyYjd7HCKHS2ifZQdnEiFZ22WiLtNAwBZbx9VRvGcgD4Vlx87h4bQ.gpjIoDxV9Gxb4iQjPrYXNvaAgVSTH4sJ0rmmLF-n_F0&dib_tag=se&keywords=flash+disk&qid=1769774547&sr=8-84,2026-01-30 20:02:29,2026-01-30 20:02:57,flashdisk
,SanDisk 64GB Ultra USB 3.0 Flash Drive 3-Pack - SDCZ48-064G-U46 Bundle with (3) Everything But Stromboli Lanyards,,Amazon,,B0BV8DWLMM,26.0,31.66,4.2,16605.0,50+ bought in past month,Electronics,https://m.media-amazon.com/images/I/71DyGWKUhQL._AC_UY218_.jpg,https://www.amazon.com/SanDisk-Ultra-Flash-Drive-3-Pack/dp/B0BV8DWLMM/ref=sr_1_85?dib=eyJ2IjoiMSJ9.Gu6JmFft8cnKPX0lx-McV5gqHnc-8DZ0xJ95QqzNAqiMGft5zmJ8-mVzh5IjPg9dpsFOi_6Dwr2ZafySHs85MU_m239pE7owdzuttKbXkrTaVYOBj7y2i990Ey5S9ApCa-9pLeqqv0PJvjSLcJvrL9lo_lESn7fCGdpOP28gWV2Pbv-NXGMFsQvyYjd7HCKHS2ifZQdnEiFZ22WiLtNAwBZbx9VRvGcgD4Vlx87h4bQ.gpjIoDxV9Gxb4iQjPrYXNvaAgVSTH4sJ0rmmLF-n_F0&dib_tag=se&keywords=flash+disk&qid=1769774547&sr=8-85,2026-01-30 20:02:29,2026-01-30 20:02:57,flashdisk
,"8GB Flash Drives 5 Pack, Alihelan USB Flash Drive USB 2.0 Thumb Drive Swivel Memory Stick U Disk Jump Drive Zip Drive with Led Indicator (5 Mixed Colo",,Amazon,,B08RNFBNV2,10.0,11.23,4.0,10627.0,(GBP 2.07GBP2.07/count),Electronics,https://m.media-amazon.com/images/I/61ZjAFshP8L._AC_UY218_.jpg,https://www.amazon.com/Drives-Alihelan-Swivel-Memory-Indicator/dp/B08RNFBNV2/ref=sr_1_86?dib=eyJ2IjoiMSJ9.Gu6JmFft8cnKPX0lx-McV5gqHnc-8DZ0xJ95QqzNAqiMGft5zmJ8-mVzh5IjPg9dpsFOi_6Dwr2ZafySHs85MU_m239pE7owdzuttKbXkrTaVYOBj7y2i990Ey5S9ApCa-9pLeqqv0PJvjSLcJvrL9lo_lESn7fCGdpOP28gWV2Pbv-NXGMFsQvyYjd7HCKHS2ifZQdnEiFZ22WiLtNAwBZbx9VRvGcgD4Vlx87h4bQ.gpjIoDxV9Gxb4iQjPrYXNvaAgVSTH4sJ0rmmLF-n_F0&dib_tag=se&keywords=flash+disk&qid=1769774547&sr=8-86,2026-01-30 20:02:29,2026-01-30 20:02:57,flashdisk
,"SanDisk 128GB Ultra Luxe USB Type-C Flash Drive - Up to 400MB/s, USB 3.2 Gen 1, Premium Metal Design - SDCZ75-128G-G46",,Amazon,,B0CP43S98Z,15.0,16.92,3.7,42773.0,200+ bought in past month,Electronics,https://m.media-amazon.com/images/I/61PrLVuIGPL._AC_UY218_.jpg,https://www.amazon.com/SanDisk-128GB-Ultra-Type-C-Flash/dp/B0CP43S98Z/ref=sr_1_87?dib=eyJ2IjoiMSJ9.Gu6JmFft8cnKPX0lx-McV5gqHnc-8DZ0xJ95QqzNAqiMGft5zmJ8-mVzh5IjPg9dpsFOi_6Dwr2ZafySHs85MU_m239pE7owdzuttKbXkrTaVYOBj7y2i990Ey5S9ApCa-9pLeqqv0PJvjSLcJvrL9lo_lESn7fCGdpOP28gWV2Pbv-NXGMFsQvyYjd7HCKHS2ifZQdnEiFZ22WiLtNAwBZbx9VRvGcgD4Vlx87h4bQ.gpjIoDxV9Gxb4iQjPrYXNvaAgVSTH4sJ0rmmLF-n_F0&dib_tag=se&keywords=flash+disk&qid=1769774547&sr=8-87,2026-01-30 20:02:29,2026-01-30 20:02:57,flashdisk
,SanDisk 16GB Cruzer Glide USB 2.0 Flash Drive - SDCZ60-016G-B35,,Amazon,,B007YX9O9O,0.0,0.0,4.9,1299.0,Amazon,Electronics,https://m.media-amazon.com/images/I/711aQ7oxvhL._AC_UY218_.jpg,https://www.amazon.com/SanDisk-Flash-Cruzer-Glide-SDCZ60-016G-B35/dp/B007YX9O9O/ref=sr_1_88?dib=eyJ2IjoiMSJ9.Gu6JmFft8cnKPX0lx-McV5gqHnc-8DZ0xJ95QqzNAqiMGft5zmJ8-mVzh5IjPg9dpsFOi_6Dwr2ZafySHs85MU_m239pE7owdzuttKbXkrTaVYOBj7y2i990Ey5S9ApCa-9pLeqqv0PJvjSLcJvrL9lo_lESn7fCGdpOP28gWV2Pbv-NXGMFsQvyYjd7HCKHS2ifZQdnEiFZ22WiLtNAwBZbx9VRvGcgD4Vlx87h4bQ.gpjIoDxV9Gxb4iQjPrYXNvaAgVSTH4sJ0rmmLF-n_F0&dib_tag=se&keywords=flash+disk&qid=1769774547&sr=8-88,2026-01-30 20:02:29,2026-01-30 20:02:57,flashdisk
,"32GB 2 Pack USB 3.2 Gen 1 (USB 3.1) Flash Thumb Drive, External Data Storage Memory Stick Compatible with Computer/Laptop",,Amazon,,B0CGRFFQHN,8.0,10.0,3.9,32675.0,Amazon,Electronics,https://m.media-amazon.com/images/I/61nGxu9c4lL._AC_UY218_.jpg,https://www.amazon.com/TEKISM-External-Storage-Compatible-Computer/dp/B0CGRFFQHN/ref=sr_1_89?dib=eyJ2IjoiMSJ9.Gu6JmFft8cnKPX0lx-McV5gqHnc-8DZ0xJ95QqzNAqiMGft5zmJ8-mVzh5IjPg9dpsFOi_6Dwr2ZafySHs85MU_m239pE7owdzuttKbXkrTaVYOBj7y2i990Ey5S9ApCa-9pLeqqv0PJvjSLcJvrL9lo_lESn7fCGdpOP28gWV2Pbv-NXGMFsQvyYjd7HCKHS2ifZQdnEiFZ22WiLtNAwBZbx9VRvGcgD4Vlx87h4bQ.gpjIoDxV9Gxb4iQjPrYXNvaAgVSTH4sJ0rmmLF-n_F0&dib_tag=se&keywords=flash+disk&qid=1769774547&sr=8-89,2026-01-30 20:02:29,2026-01-30 20:02:57,flashdisk
,SanDisk 128GB Ultra Luxe USB 3.2 Gen 1 Flash Drive - SDCZ74-128G-GAM46,,Amazon,,B0BY2WQTMN,25.0,31.81,4.3,5192.0,50+ bought in past month,Electronics,https://m.media-amazon.com/images/I/41SoegdWA1L._AC_UY218_.jpg,https://www.amazon.com/SanDisk-128GB-Ultra-Flash-Drive/dp/B0BY2WQTMN/ref=sr_1_90?dib=eyJ2IjoiMSJ9.Gu6JmFft8cnKPX0lx-McV5gqHnc-8DZ0xJ95QqzNAqiMGft5zmJ8-mVzh5IjPg9dpsFOi_6Dwr2ZafySHs85MU_m239pE7owdzuttKbXkrTaVYOBj7y2i990Ey5S9ApCa-9pLeqqv0PJvjSLcJvrL9lo_lESn7fCGdpOP28gWV2Pbv-NXGMFsQvyYjd7HCKHS2ifZQdnEiFZ22WiLtNAwBZbx9VRvGcgD4Vlx87h4bQ.gpjIoDxV9Gxb4iQjPrYXNvaAgVSTH4sJ0rmmLF-n_F0&dib_tag=se&keywords=flash+disk&qid=1769774547&sr=8-90,2026-01-30 20:02:29,2026-01-30 20:02:57,flashdisk
,"128GB USB 3.0 Flash Drive, Waterproof Metal USB Memory Stick, Slim Thumb Drive Portable Pen Drive with Keychain Hole Stylish Jump Drive for PC Compute",,Amazon,,B0D5GP5DM8,11.0,12.85,4.3,285.0,100+ bought in past month,Electronics,https://m.media-amazon.com/images/I/51P7fioycgL._AC_UY218_.jpg,https://www.amazon.com/sspa/click?ie=UTF8&spc=MTo1NzU5ODMwMzA0MDUxMTg3OjE3Njk3NzQ1NDg6c3BfbXRmOjMwMTE0NTY4NzQ2MTcwMjo6MDo6&url=%2FGARMESE-Waterproof-Portable-Keychain-Computer%2Fdp%2FB0D5GP5DM8%2Fref%3Dsr_1_92_sspa%3Fdib%3DeyJ2IjoiMSJ9.Gu6JmFft8cnKPX0lx-McV5gqHnc-8DZ0xJ95QqzNAqiMGft5zmJ8-mVzh5IjPg9dpsFOi_6Dwr2ZafySHs85MU_m239pE7owdzuttKbXkrTaVYOBj7y2i990Ey5S9ApCa-9pLeqqv0PJvjSLcJvrL9lo_lESn7fCGdpOP28gWV2Pbv-NXGMFsQvyYjd7HCKHS2ifZQdnEiFZ22WiLtNAwBZbx9VRvGcgD4Vlx87h4bQ.gpjIoDxV9Gxb4iQjPrYXNvaAgVSTH4sJ0rmmLF-n_F0%26dib_tag%3Dse%26keywords%3Dflash%2Bdisk%26qid%3D1769774547%26sr%3D8-92-spons%26sp_csd%3Dd2lkZ2V0TmFtZT1zcF9tdGY%26psc%3D1,2026-01-30 20:02:29,2026-01-30 20:02:57,flashdisk
,"AreTop 8GB Flash Drive 5 Pack FAT32 Thumb Drives Slide Retractable USB Drives 8GB 5 Pack Memory Sticks for Data Storage (Mixed Color:Yellow,Red,Blue,G",,Amazon,,B0DZNZ7S4F,10.0,12.57,4.7,27639.0,200+ bought in past month,Electronics,https://m.media-amazon.com/images/I/61hWZ3jj+2L._AC_UY218_.jpg,https://www.amazon.com/AreTop-Drives-Retractable-Storage-Multipack/dp/B0DZNZ7S4F/ref=sr_1_93?dib=eyJ2IjoiMSJ9.Gu6JmFft8cnKPX0lx-McV5gqHnc-8DZ0xJ95QqzNAqiMGft5zmJ8-mVzh5IjPg9dpsFOi_6Dwr2ZafySHs85MU_m239pE7owdzuttKbXkrTaVYOBj7y2i990Ey5S9ApCa-9pLeqqv0PJvjSLcJvrL9lo_lESn7fCGdpOP28gWV2Pbv-NXGMFsQvyYjd7HCKHS2ifZQdnEiFZ22WiLtNAwBZbx9VRvGcgD4Vlx87h4bQ.gpjIoDxV9Gxb4iQjPrYXNvaAgVSTH4sJ0rmmLF-n_F0&dib_tag=se&keywords=flash+disk&qid=1769774547&sr=8-93,2026-01-30 20:02:29,2026-01-30 20:02:57,flashdisk
,LEIZHAN USB Flash Drive 32GB Metal Key of Love Key Chain USB Flash Drive high Speed USB Pen Drive Memory Stick u Disk pendrive,,Amazon,,B01AD70VLW,8.0,9.67,4.9,41398.0,List:,Electronics,https://m.media-amazon.com/images/I/41ZJeKXCtTL._AC_UY218_.jpg,https://www.amazon.com/LEIZHAN-Flash-Drive-Memory-pendrive/dp/B01AD70VLW/ref=sr_1_94?dib=eyJ2IjoiMSJ9.Gu6JmFft8cnKPX0lx-McV5gqHnc-8DZ0xJ95QqzNAqiMGft5zmJ8-mVzh5IjPg9dpsFOi_6Dwr2ZafySHs85MU_m239pE7owdzuttKbXkrTaVYOBj7y2i990Ey5S9ApCa-9pLeqqv0PJvjSLcJvrL9lo_lESn7fCGdpOP28gWV2Pbv-NXGMFsQvyYjd7HCKHS2ifZQdnEiFZ22WiLtNAwBZbx9VRvGcgD4Vlx87h4bQ.gpjIoDxV9Gxb4iQjPrYXNvaAgVSTH4sJ0rmmLF-n_F0&dib_tag=se&keywords=flash+disk&qid=1769774547&sr=8-94,2026-01-30 20:02:29,2026-01-30 20:02:57,flashdisk
,USB Flash Drive 230GB Waterproof USB Stick High Speed Memory Stick 230GB Ultra Large Storage Metal Thumb Drive with Keychain Design for Laptop Compute,,Amazon,,B0D4QRSW5J,10.0,12.98,4.9,4666.0,500+ bought in past month,Electronics,https://m.media-amazon.com/images/I/51JIByl41sL._AC_UY218_.jpg,https://www.amazon.com/Waterproof-Memory-Storage-Keychain-Computer/dp/B0D4QRSW5J/ref=sr_1_95?dib=eyJ2IjoiMSJ9.Gu6JmFft8cnKPX0lx-McV5gqHnc-8DZ0xJ95QqzNAqiMGft5zmJ8-mVzh5IjPg9dpsFOi_6Dwr2ZafySHs85MU_m239pE7owdzuttKbXkrTaVYOBj7y2i990Ey5S9ApCa-9pLeqqv0PJvjSLcJvrL9lo_lESn7fCGdpOP28gWV2Pbv-NXGMFsQvyYjd7HCKHS2ifZQdnEiFZ22WiLtNAwBZbx9VRvGcgD4Vlx87h4bQ.gpjIoDxV9Gxb4iQjPrYXNvaAgVSTH4sJ0rmmLF-n_F0&dib_tag=se&keywords=flash+disk&qid=1769774547&sr=8-95,2026-01-30 20:02:29,2026-01-30 20:02:57,flashdisk
,"64GB USB Flash Drive 2 Pack 64 GB USB Thumb Drive Memory Stick Jump Drives Pendrive for Storage (2 Colors, 64G)",,Amazon,,B0CMXMX4NM,10.0,12.4,4.5,373.0,200+ bought in past month,Electronics,https://m.media-amazon.com/images/I/51aZAGvMEhL._AC_UY218_.jpg,https://www.amazon.com/Maspen-Memory-Drives-Pendrive-Storage/dp/B0CMXMX4NM/ref=sr_1_99?dib=eyJ2IjoiMSJ9.uh2RYAxmYx4QpV19zNbGhJBI6HjeWE07Mag9bWMZI0bT8WDa6t_AlI6ET7DAUvkVzH9iC6B50FSLIE67FG9vlZE1nt1Up8UzjE7rbHuK7F91l1aINpQ-oYo3fI1I7PzKbrEEMV1ZaJGwh8-PpWSpOYMPWXiCqlwLEv239gFK5bNW5Xx_Rs9AhUWU6ehr02Uuw0PApKMV2Y9OiBEjLUdoez_TR5gbMMNCJWpQQsCEK6Y.WdLMRNJ8yKhld2nFfkiNTS65ummgY_q7hHxir5pmRJU&dib_tag=se&keywords=flash+disk&qid=1769774549&sr=8-99,2026-01-30 20:02:31,2026-01-30 20:02:57,flashdisk
,SanDisk 32GB (Five Pack) USB 3.0 Flash Ultra Memory Drive CZ48 - Bundle with (2) Everything But Stromboli Lanyard,,Amazon,,B01B3GOCZ8,0.0,0.0,3.1,38808.0,100+ bought in past month,Electronics,https://m.media-amazon.com/images/I/71LGWHsY48L._AC_UY218_.jpg,https://www.amazon.com/SanDisk-Flash-Ultra-Memory-Drive/dp/B01B3GOCZ8/ref=sr_1_100?dib=eyJ2IjoiMSJ9.uh2RYAxmYx4QpV19zNbGhJBI6HjeWE07Mag9bWMZI0bT8WDa6t_AlI6ET7DAUvkVzH9iC6B50FSLIE67FG9vlZE1nt1Up8UzjE7rbHuK7F91l1aINpQ-oYo3fI1I7PzKbrEEMV1ZaJGwh8-PpWSpOYMPWXiCqlwLEv239gFK5bNW5Xx_Rs9AhUWU6ehr02Uuw0PApKMV2Y9OiBEjLUdoez_TR5gbMMNCJWpQQsCEK6Y.WdLMRNJ8yKhld2nFfkiNTS65ummgY_q7hHxir5pmRJU&dib_tag=se&keywords=flash+disk&qid=1769774549&sr=8-100,2026-01-30 20:02:31,2026-01-30 20:02:57,flashdisk
,"USB Flash Drives,Waterproof Silicone USB2.0 High Speed Thumb Memory Stick Pen Date Storage Pendrive U Disk (32GB,Blue Cat)",,Amazon,,B0CBYYCLZK,8.0,8.91,3.8,8322.0,Amazon,Electronics,https://m.media-amazon.com/images/I/61NMqZ2gD-L._AC_UY218_.jpg,https://www.amazon.com/GARRULAX-Waterproof-Silicone-Storage-Pendrive/dp/B0CBYYCLZK/ref=sr_1_101?dib=eyJ2IjoiMSJ9.uh2RYAxmYx4QpV19zNbGhJBI6HjeWE07Mag9bWMZI0bT8WDa6t_AlI6ET7DAUvkVzH9iC6B50FSLIE67FG9vlZE1nt1Up8UzjE7rbHuK7F91l1aINpQ-oYo3fI1I7PzKbrEEMV1ZaJGwh8-PpWSpOYMPWXiCqlwLEv239gFK5bNW5Xx_Rs9AhUWU6ehr02Uuw0PApKMV2Y9OiBEjLUdoez_TR5gbMMNCJWpQQsCEK6Y.WdLMRNJ8yKhld2nFfkiNTS65ummgY_q7hHxir5pmRJU&dib_tag=se&keywords=flash+disk&qid=1769774549&sr=8-101,2026-01-30 20:02:31,2026-01-30 20:02:57,flashdisk
,512MB USB Flash Drives Thumb Drive U Disk PenDrive Memory Sticks with Type C & OTG Transformer for Pupil Student Presents (Blue),,Amazon,,B0CQTH3W7D,4.0,5.13,4.9,6972.0,Amazon,Electronics,https://m.media-amazon.com/images/I/61RdjzsfrCL._AC_UY218_.jpg,https://www.amazon.com/Chauuxee-Drives-PenDrive-Student-Presents/dp/B0CQTH3W7D/ref=sr_1_102?dib=eyJ2IjoiMSJ9.uh2RYAxmYx4QpV19zNbGhJBI6HjeWE07Mag9bWMZI0bT8WDa6t_AlI6ET7DAUvkVzH9iC6B50FSLIE67FG9vlZE1nt1Up8UzjE7rbHuK7F91l1aINpQ-oYo3fI1I7PzKbrEEMV1ZaJGwh8-PpWSpOYMPWXiCqlwLEv239gFK5bNW5Xx_Rs9AhUWU6ehr02Uuw0PApKMV2Y9OiBEjLUdoez_TR5gbMMNCJWpQQsCEK6Y.WdLMRNJ8yKhld2nFfkiNTS65ummgY_q7hHxir5pmRJU&dib_tag=se&keywords=flash+disk&qid=1769774549&sr=8-102,2026-01-30 20:02:31,2026-01-30 20:02:57,flashdisk
,SanDisk - Cruzer Glide 128GB USB 2.0 Flash Drive SDCZ600-128G-G35,,Amazon,,B017RD11JQ,10.0,12.8,3.2,42299.0,More Buying Choices,Electronics,https://m.media-amazon.com/images/I/411Nr-kOgPL._AC_UY218_.jpg,https://www.amazon.com/SanDisk-Cruzer-Glide-128GB-SDCZ600-128G-G35/dp/B017RD11JQ/ref=sr_1_103?dib=eyJ2IjoiMSJ9.uh2RYAxmYx4QpV19zNbGhJBI6HjeWE07Mag9bWMZI0bT8WDa6t_AlI6ET7DAUvkVzH9iC6B50FSLIE67FG9vlZE1nt1Up8UzjE7rbHuK7F91l1aINpQ-oYo3fI1I7PzKbrEEMV1ZaJGwh8-PpWSpOYMPWXiCqlwLEv239gFK5bNW5Xx_Rs9AhUWU6ehr02Uuw0PApKMV2Y9OiBEjLUdoez_TR5gbMMNCJWpQQsCEK6Y.WdLMRNJ8yKhld2nFfkiNTS65ummgY_q7hHxir5pmRJU&dib_tag=se&keywords=flash+disk&qid=1769774549&sr=8-103,2026-01-30 20:02:31,2026-01-30 20:02:57,flashdisk
,"USB Flash Drives,16GB / 32GB /64GB Waterproof Cute Lipstick USB 2.0 Data Storage Drive Memory Stick Flash Pen Disk Pendrive (Rose Red, 64, GB)",,Amazon,,B0DSVVY4JT,9.0,9.99,3.8,43466.0,Amazon,Electronics,https://m.media-amazon.com/images/I/41-7YMUV+vL._AC_UY218_.jpg,https://www.amazon.com/GARRULAX-Waterproof-Lipstick-Storage-Pendrive/dp/B0DSVVY4JT/ref=sr_1_104?dib=eyJ2IjoiMSJ9.uh2RYAxmYx4QpV19zNbGhJBI6HjeWE07Mag9bWMZI0bT8WDa6t_AlI6ET7DAUvkVzH9iC6B50FSLIE67FG9vlZE1nt1Up8UzjE7rbHuK7F91l1aINpQ-oYo3fI1I7PzKbrEEMV1ZaJGwh8-PpWSpOYMPWXiCqlwLEv239gFK5bNW5Xx_Rs9AhUWU6ehr02Uuw0PApKMV2Y9OiBEjLUdoez_TR5gbMMNCJWpQQsCEK6Y.WdLMRNJ8yKhld2nFfkiNTS65ummgY_q7hHxir5pmRJU&dib_tag=se&keywords=flash+disk&qid=1769774549&sr=8-104,2026-01-30 20:02:31,2026-01-30 20:02:57,flashdisk
,Small Capacity 256MB USB Flash Drives Memory Sticks Pen jumpdrive U Disk Thumb Drive with Type-C/OTG Adaptor for Pupil & Students (Pink),,Amazon,,B0C3LGTW8H,4.0,4.48,4.7,30175.0,Amazon,Electronics,https://m.media-amazon.com/images/I/61lxd1HPqRL._AC_UY218_.jpg,https://www.amazon.com/Capacity-Drives-jumpdrive-Adaptor-Students/dp/B0C3LGTW8H/ref=sr_1_105?dib=eyJ2IjoiMSJ9.uh2RYAxmYx4QpV19zNbGhJBI6HjeWE07Mag9bWMZI0bT8WDa6t_AlI6ET7DAUvkVzH9iC6B50FSLIE67FG9vlZE1nt1Up8UzjE7rbHuK7F91l1aINpQ-oYo3fI1I7PzKbrEEMV1ZaJGwh8-PpWSpOYMPWXiCqlwLEv239gFK5bNW5Xx_Rs9AhUWU6ehr02Uuw0PApKMV2Y9OiBEjLUdoez_TR5gbMMNCJWpQQsCEK6Y.WdLMRNJ8yKhld2nFfkiNTS65ummgY_q7hHxir5pmRJU&dib_tag=se&keywords=flash+disk&qid=1769774549&sr=8-105,2026-01-30 20:02:31,2026-01-30 20:02:57,flashdisk
,SanDisk 64GB Cruzer Glide 3.0 USB Flash Drive (10 Pack Bundle) Jump Drive Pen Drive Works with Laptop Computers with USB 2.0/3.0 Port (SDCZ600-064G-G3,,Amazon,,B07SMB81Q9,68.0,84.58,3.3,32403.0,100+ bought in past month,Electronics,https://m.media-amazon.com/images/I/71Z08hnrKRL._AC_UY218_.jpg,https://www.amazon.com/SanDisk-Computers-SDCZ600-064G-G35-Everything-Stromboli/dp/B07SMB81Q9/ref=sr_1_106?dib=eyJ2IjoiMSJ9.uh2RYAxmYx4QpV19zNbGhJBI6HjeWE07Mag9bWMZI0bT8WDa6t_AlI6ET7DAUvkVzH9iC6B50FSLIE67FG9vlZE1nt1Up8UzjE7rbHuK7F91l1aINpQ-oYo3fI1I7PzKbrEEMV1ZaJGwh8-PpWSpOYMPWXiCqlwLEv239gFK5bNW5Xx_Rs9AhUWU6ehr02Uuw0PApKMV2Y9OiBEjLUdoez_TR5gbMMNCJWpQQsCEK6Y.WdLMRNJ8yKhld2nFfkiNTS65ummgY_q7hHxir5pmRJU&dib_tag=se&keywords=flash+disk&qid=1769774549&sr=8-106,2026-01-30 20:02:31,2026-01-30 20:02:57,flashdisk
,Verbatim 32GB Metal Executive USB 3.0 Flash Drive - Gold - 99105,,Amazon,,B017JJSNMG,7.0,8.2,4.7,2115.0,50+ bought in past month,Electronics,https://m.media-amazon.com/images/I/51e-Wfb4ZwL._AC_UY218_.jpg,https://www.amazon.com/Verbatim-Metal-Executive-Flash-Drive/dp/B017JJSNMG/ref=sr_1_109?dib=eyJ2IjoiMSJ9.uh2RYAxmYx4QpV19zNbGhJBI6HjeWE07Mag9bWMZI0bT8WDa6t_AlI6ET7DAUvkVzH9iC6B50FSLIE67FG9vlZE1nt1Up8UzjE7rbHuK7F91l1aINpQ-oYo3fI1I7PzKbrEEMV1ZaJGwh8-PpWSpOYMPWXiCqlwLEv239gFK5bNW5Xx_Rs9AhUWU6ehr02Uuw0PApKMV2Y9OiBEjLUdoez_TR5gbMMNCJWpQQsCEK6Y.WdLMRNJ8yKhld2nFfkiNTS65ummgY_q7hHxir5pmRJU&dib_tag=se&keywords=flash+disk&qid=1769774549&sr=8-109,2026-01-30 20:02:31,2026-01-30 20:02:57,flashdisk
,10 Pack DataOcean 4GB USB 2.0 Flash Drive Memory Stick Thumb Drives (4GB X 10 Mixed Colors),,Amazon,,B09XLP266Y,17.0,19.19,4.6,47123.0,100+ bought in past month,Electronics,https://m.media-amazon.com/images/I/71TNXqpaG4L._AC_UY218_.jpg,https://www.amazon.com/DataOcean-Flash-Memory-Drives-Colors/dp/B09XLP266Y/ref=sr_1_110?dib=eyJ2IjoiMSJ9.uh2RYAxmYx4QpV19zNbGhJBI6HjeWE07Mag9bWMZI0bT8WDa6t_AlI6ET7DAUvkVzH9iC6B50FSLIE67FG9vlZE1nt1Up8UzjE7rbHuK7F91l1aINpQ-oYo3fI1I7PzKbrEEMV1ZaJGwh8-PpWSpOYMPWXiCqlwLEv239gFK5bNW5Xx_Rs9AhUWU6ehr02Uuw0PApKMV2Y9OiBEjLUdoez_TR5gbMMNCJWpQQsCEK6Y.WdLMRNJ8yKhld2nFfkiNTS65ummgY_q7hHxir5pmRJU&dib_tag=se&keywords=flash+disk&qid=1769774549&sr=8-110,2026-01-30 20:02:31,2026-01-30 20:02:57,flashdisk
,"USB Flash Drive, 16GB/32GB/64GB/128GB USB2.0 Rotatable Memory Stick Date Storage Pendrive Thumb Drives U Disk(64GB,Pink)",,Amazon,,B0CXMXPSV9,10.0,12.46,3.6,5123.0,Amazon,Electronics,https://m.media-amazon.com/images/I/71lEuydPfEL._AC_UY218_.jpg,https://www.amazon.com/GARRULAX-USB2-0-Rotatable-Storage-Pendrive/dp/B0CXMXPSV9/ref=sr_1_111?dib=eyJ2IjoiMSJ9.uh2RYAxmYx4QpV19zNbGhJBI6HjeWE07Mag9bWMZI0bT8WDa6t_AlI6ET7DAUvkVzH9iC6B50FSLIE67FG9vlZE1nt1Up8UzjE7rbHuK7F91l1aINpQ-oYo3fI1I7PzKbrEEMV1ZaJGwh8-PpWSpOYMPWXiCqlwLEv239gFK5bNW5Xx_Rs9AhUWU6ehr02Uuw0PApKMV2Y9OiBEjLUdoez_TR5gbMMNCJWpQQsCEK6Y.WdLMRNJ8yKhld2nFfkiNTS65ummgY_q7hHxir5pmRJU&dib_tag=se&keywords=flash+disk&qid=1769774549&sr=8-111,2026-01-30 20:02:31,2026-01-30 20:02:57,flashdisk
,Apple flashdisk Model 1,,Amazon,,AMZ_SAMPLE_8_0,1532.82,1762.39,5.0,17463.0,Apple Store,Electronics,https://via.placeholder.com/150?text=Apple,https://www.amazon.com/dp/SAMPLE80,2026-01-30 20:02:42,2026-01-30 20:02:57,flashdisk
,Lenovo flashdisk Model 2,,Amazon,,AMZ_SAMPLE_8_1,1287.0,2267.07,3.8,18210.0,Lenovo Store,Electronics,https://via.placeholder.com/150?text=Lenovo,https://www.amazon.com/dp/SAMPLE81,2026-01-30 20:02:42,2026-01-30 20:02:57,flashdisk
,Samsung flashdisk Model 3,,Amazon,,AMZ_SAMPLE_8_2,600.0,515.49,4.2,35382.0,Samsung Store,Electronics,https://via.placeholder.com/150?text=Samsung,https://www.amazon.com/dp/SAMPLE82,2026-01-30 20:02:42,2026-01-30 20:02:57,flashdisk
,Apple flashdisk Model 4,,Amazon,,AMZ_SAMPLE_8_3,592.17,2001.14,4.6,34362.0,Apple Store,Electronics,https://via.placeholder.com/150?text=Apple,https://www.amazon.com/dp/SAMPLE83,2026-01-30 20:02:42,2026-01-30 20:02:57,flashdisk
,Lenovo flashdisk Model 5,,Amazon,,AMZ_SAMPLE_8_4,1404.58,971.26,3.6,21978.0,Lenovo Store,Electronics,https://via.placeholder.com/150?text=Lenovo,https://www.amazon.com/dp/SAMPLE84,2026-01-30 20:02:42,2026-01-30 20:02:57,flashdisk
,SanDisk 64GB iXpand Flash Drive Go – For your iPhone 14 or older - Create space on your iPhone - SDIX60N-064G-GN6NN,,Amazon,,B0894NJ5PZ,26.0,31.31,4.8,40595.0,100+ bought in past month,Electronics,https://m.media-amazon.com/images/I/81Fqh9hd73L._AC_UY218_.jpg,https://www.amazon.com/SanDisk-iXpand-Flash-Drive-iPhone/dp/B0894NJ5PZ/ref=sr_1_131?dib=eyJ2IjoiMSJ9.qQFSFppYiN6kdJG_cnf1k249qz8-5hlOylr71sL15HPPzcfEucac_1Xyq41A-ZjQaIojjktFg0hBkG1OjrIWEqZ3rrHXTiE6blHtoPdo1MOQ4OgmNJmqGEHlhLSZUTDK2I-X8HgM_X4RYj6PjIGV_KDuuRRRt-wa8uLUbAKHWVdVih7gpc8jCfAcydUMf0ZMRfpoNVKcsJDp8WKhhJMo_RONX_A0fyvtZKNLi17EjTo.LUo6fuxm704VKnZZa74dG9Gl5ei-SXpRvtOkp0k5yzA&dib_tag=se&keywords=flash+disk&qid=1769774562&sr=8-131,2026-01-30 20:02:44,2026-01-30 20:02:57,flashdisk
,Metal Robot Shape 64GB USB 2.0 Flash Drive with Keychain Cool Cartoon Memory Stick Cute Jump Drive Wedding Thumb Drive Novelty Flash Drive Data Storag,,Amazon,,B0DY7J7C7K,12.0,13.59,3.1,21883.0,List Price:,Electronics,https://m.media-amazon.com/images/I/51lyfG8WfzL._AC_UY218_.jpg,https://www.amazon.com/Keychain-Cartoon-Wedding-Novelty-Storage/dp/B0DY7J7C7K/ref=sr_1_132?dib=eyJ2IjoiMSJ9.qQFSFppYiN6kdJG_cnf1k249qz8-5hlOylr71sL15HPPzcfEucac_1Xyq41A-ZjQaIojjktFg0hBkG1OjrIWEqZ3rrHXTiE6blHtoPdo1MOQ4OgmNJmqGEHlhLSZUTDK2I-X8HgM_X4RYj6PjIGV_KDuuRRRt-wa8uLUbAKHWVdVih7gpc8jCfAcydUMf0ZMRfpoNVKcsJDp8WKhhJMo_RONX_A0fyvtZKNLi17EjTo.LUo6fuxm704VKnZZa74dG9Gl5ei-SXpRvtOkp0k5yzA&dib_tag=se&keywords=flash+disk&qid=1769774562&sr=8-132,2026-01-30 20:02:44,2026-01-30 20:02:57,flashdisk
,SanDisk Cruzer Glide 32GB (5 Pack) USB 2.0 Flash Drive (SDCZ60-032G) Pen Drive Bundle with (2) Everything But Stromboli Lanyards,,Amazon,,B00XJXYONO,30.0,33.19,4.9,3729.0,50+ bought in past month,Electronics,https://m.media-amazon.com/images/I/71cu166QMVL._AC_UY218_.jpg,https://www.amazon.com/SanDisk-Cruzer-Glide-Flash-SDCZ60-032G/dp/B00XJXYONO/ref=sr_1_133?dib=eyJ2IjoiMSJ9.qQFSFppYiN6kdJG_cnf1k249qz8-5hlOylr71sL15HPPzcfEucac_1Xyq41A-ZjQaIojjktFg0hBkG1OjrIWEqZ3rrHXTiE6blHtoPdo1MOQ4OgmNJmqGEHlhLSZUTDK2I-X8HgM_X4RYj6PjIGV_KDuuRRRt-wa8uLUbAKHWVdVih7gpc8jCfAcydUMf0ZMRfpoNVKcsJDp8WKhhJMo_RONX_A0fyvtZKNLi17EjTo.LUo6fuxm704VKnZZa74dG9Gl5ei-SXpRvtOkp0k5yzA&dib_tag=se&keywords=flash+disk&qid=1769774562&sr=8-133,2026-01-30 20:02:44,2026-01-30 20:02:57,flashdisk
,SanDisk Cruzer Ultra 32GB USB 3.0 Flash Drive SDCZ48-032G-U46 up to 100MB/s (Pack of 2),,Amazon,,B00KAJPAPQ,21.0,25.03,4.6,47804.0,(GBP 10.86GBP10.86/count),Electronics,https://m.media-amazon.com/images/I/61bTqqLpBaL._AC_UY218_.jpg,https://www.amazon.com/SanDisk-Cruzer-Ultra-Flash-SDCZ48-032G-U46/dp/B00KAJPAPQ/ref=sr_1_134?dib=eyJ2IjoiMSJ9.qQFSFppYiN6kdJG_cnf1k249qz8-5hlOylr71sL15HPPzcfEucac_1Xyq41A-ZjQaIojjktFg0hBkG1OjrIWEqZ3rrHXTiE6blHtoPdo1MOQ4OgmNJmqGEHlhLSZUTDK2I-X8HgM_X4RYj6PjIGV_KDuuRRRt-wa8uLUbAKHWVdVih7gpc8jCfAcydUMf0ZMRfpoNVKcsJDp8WKhhJMo_RONX_A0fyvtZKNLi17EjTo.LUo6fuxm704VKnZZa74dG9Gl5ei-SXpRvtOkp0k5yzA&dib_tag=se&keywords=flash+disk&qid=1769774562&sr=8-134,2026-01-30 20:02:44,2026-01-30 20:02:57,flashdisk
,SanDisk Cruzer Blade 32GB (5 pack) USB 2.0 Flash Drive Jump Drive Pen Drive SDCZ50-032G - Five Pack w/ (2) Everything But Stromboli (TM) Lanyard,,Amazon,,B00IFU6DU8,27.0,30.64,3.6,14792.0,Amazon,Electronics,https://m.media-amazon.com/images/I/51GjpR3BsnL._AC_UY218_.jpg,https://www.amazon.com/SanDisk-Cruzer-Blade-Flash-SDCZ50-032G/dp/B00IFU6DU8/ref=sr_1_135?dib=eyJ2IjoiMSJ9.qQFSFppYiN6kdJG_cnf1k249qz8-5hlOylr71sL15HPPzcfEucac_1Xyq41A-ZjQaIojjktFg0hBkG1OjrIWEqZ3rrHXTiE6blHtoPdo1MOQ4OgmNJmqGEHlhLSZUTDK2I-X8HgM_X4RYj6PjIGV_KDuuRRRt-wa8uLUbAKHWVdVih7gpc8jCfAcydUMf0ZMRfpoNVKcsJDp8WKhhJMo_RONX_A0fyvtZKNLi17EjTo.LUo6fuxm704VKnZZa74dG9Gl5ei-SXpRvtOkp0k5yzA&dib_tag=se&keywords=flash+disk&qid=1769774562&sr=8-135,2026-01-30 20:02:44,2026-01-30 20:02:57,flashdisk
,SanDisk 128GB Cruzer Glide 3.0 USB Flash Drive (10 Pack Bundle) Jump Drive Pen Drive Works with Laptop Computers with USB 2.0/3.0 Port (SDCZ600-128G-G,,Amazon,,B07SPF93H5,88.0,111.81,4.6,6072.0,Amazon,Electronics,https://m.media-amazon.com/images/I/71Z08hnrKRL._AC_UY218_.jpg,https://www.amazon.com/SanDisk-Computers-SDCZ600-128G-G35-Everything-Stromboli/dp/B07SPF93H5/ref=sr_1_136?dib=eyJ2IjoiMSJ9.qQFSFppYiN6kdJG_cnf1k249qz8-5hlOylr71sL15HPPzcfEucac_1Xyq41A-ZjQaIojjktFg0hBkG1OjrIWEqZ3rrHXTiE6blHtoPdo1MOQ4OgmNJmqGEHlhLSZUTDK2I-X8HgM_X4RYj6PjIGV_KDuuRRRt-wa8uLUbAKHWVdVih7gpc8jCfAcydUMf0ZMRfpoNVKcsJDp8WKhhJMo_RONX_A0fyvtZKNLi17EjTo.LUo6fuxm704VKnZZa74dG9Gl5ei-SXpRvtOkp0k5yzA&dib_tag=se&keywords=flash+disk&qid=1769774562&sr=8-136,2026-01-30 20:02:44,2026-01-30 20:02:57,flashdisk
,"SanDisk 512GB Ultra Eco USB 3.2 Gen 1 Flash Drive - SDCZ96-512G-G46, Blue-Green",,Amazon,,B0B8X7VCVC,37.0,43.37,3.4,21768.0,More Buying Choices,Electronics,https://m.media-amazon.com/images/I/71nf0sq-ouL._AC_UY218_.jpg,https://www.amazon.com/SanDisk-512GB-Ultra-Flash-Drive/dp/B0B8X7VCVC/ref=sr_1_137?dib=eyJ2IjoiMSJ9.qQFSFppYiN6kdJG_cnf1k249qz8-5hlOylr71sL15HPPzcfEucac_1Xyq41A-ZjQaIojjktFg0hBkG1OjrIWEqZ3rrHXTiE6blHtoPdo1MOQ4OgmNJmqGEHlhLSZUTDK2I-X8HgM_X4RYj6PjIGV_KDuuRRRt-wa8uLUbAKHWVdVih7gpc8jCfAcydUMf0ZMRfpoNVKcsJDp8WKhhJMo_RONX_A0fyvtZKNLi17EjTo.LUo6fuxm704VKnZZa74dG9Gl5ei-SXpRvtOkp0k5yzA&dib_tag=se&keywords=flash+disk&qid=1769774562&sr=8-137,2026-01-30 20:02:44,2026-01-30 20:02:57,flashdisk
,SanDisk 64GB Ultra Fit USB 3.1 Flash Drive Low Profile (SDCZ430-064G-G46) High Speed Memory Pen Drive Bundle with (1) Everything But Stromboli Lanyard,,Amazon,,B08D6X84TN,9.0,10.49,4.2,48844.0,50+ bought in past month,Electronics,https://m.media-amazon.com/images/I/41EQgjx42XL._AC_UY218_.jpg,https://www.amazon.com/SanDisk-Fit-SDCZ430-064G-G46-Everything-Stromboli/dp/B08D6X84TN/ref=sr_1_138?dib=eyJ2IjoiMSJ9.qQFSFppYiN6kdJG_cnf1k249qz8-5hlOylr71sL15HPPzcfEucac_1Xyq41A-ZjQaIojjktFg0hBkG1OjrIWEqZ3rrHXTiE6blHtoPdo1MOQ4OgmNJmqGEHlhLSZUTDK2I-X8HgM_X4RYj6PjIGV_KDuuRRRt-wa8uLUbAKHWVdVih7gpc8jCfAcydUMf0ZMRfpoNVKcsJDp8WKhhJMo_RONX_A0fyvtZKNLi17EjTo.LUo6fuxm704VKnZZa74dG9Gl5ei-SXpRvtOkp0k5yzA&dib_tag=se&keywords=flash+disk&qid=1769774562&sr=8-138,2026-01-30 20:02:44,2026-01-30 20:02:57,flashdisk
,K&ZZ 128GB USB C Flash Drive 1 Pack Dual USB-C Thumb Drive 3.0 Push-Pull USB A + Type C Memory Stick Photo Stick for Smartphone Tablet Laptop iPhone 1,,Amazon,,B0D457CDSV,11.0,12.53,3.0,5854.0,100+ bought in past month,Electronics,https://m.media-amazon.com/images/I/61UV0QYjJTL._AC_UY218_.jpg,https://www.amazon.com/sspa/click?ie=UTF8&spc=MToyNTgwNTU4MTMwNjY3MDMxOjE3Njk3NzQ1NjM6c3BfbXRmOjMwMTEzMjYzNDk5OTEwMjo6MDo6&url=%2FZZ-Flash-Memory-iPhone-Photos%2Fdp%2FB0D457CDSV%2Fref%3Dsr_1_140_sspa%3Fdib%3DeyJ2IjoiMSJ9.qQFSFppYiN6kdJG_cnf1k249qz8-5hlOylr71sL15HPPzcfEucac_1Xyq41A-ZjQaIojjktFg0hBkG1OjrIWEqZ3rrHXTiE6blHtoPdo1MOQ4OgmNJmqGEHlhLSZUTDK2I-X8HgM_X4RYj6PjIGV_KDuuRRRt-wa8uLUbAKHWVdVih7gpc8jCfAcydUMf0ZMRfpoNVKcsJDp8WKhhJMo_RONX_A0fyvtZKNLi17EjTo.LUo6fuxm704VKnZZa74dG9Gl5ei-SXpRvtOkp0k5yzA%26dib_tag%3Dse%26keywords%3Dflash%2Bdisk%26qid%3D1769774562%26sr%3D8-140-spons%26sp_csd%3Dd2lkZ2V0TmFtZT1zcF9tdGY%26psc%3D1,2026-01-30 20:02:44,2026-01-30 20:02:57,flashdisk
,"SanDisk 256GB Ultra Slider USB Type-C Flash Drive - Up to 400MB/s, USB 3.2 Gen 1, Retractable Connector - SDCZ480-256G-G46​",,Amazon,,B0CP62S615,0.0,0.0,3.1,11681.0,100+ bought in past month,Electronics,https://m.media-amazon.com/images/I/519iXVAbsmL._AC_UY218_.jpg,https://www.amazon.com/SanDisk-256GB-Ultra-Slider-Type-C/dp/B0CP62S615/ref=sr_1_141?dib=eyJ2IjoiMSJ9.qQFSFppYiN6kdJG_cnf1k249qz8-5hlOylr71sL15HPPzcfEucac_1Xyq41A-ZjQaIojjktFg0hBkG1OjrIWEqZ3rrHXTiE6blHtoPdo1MOQ4OgmNJmqGEHlhLSZUTDK2I-X8HgM_X4RYj6PjIGV_KDuuRRRt-wa8uLUbAKHWVdVih7gpc8jCfAcydUMf0ZMRfpoNVKcsJDp8WKhhJMo_RONX_A0fyvtZKNLi17EjTo.LUo6fuxm704VKnZZa74dG9Gl5ei-SXpRvtOkp0k5yzA&dib_tag=se&keywords=flash+disk&qid=1769774562&sr=8-141,2026-01-30 20:02:44,2026-01-30 20:02:57,flashdisk
,Micro Center SuperSpeed 2 Pack 16GB USB 3.0 Flash Drive Gum Size Memory Stick Thumb Drive Data Storage Jump Drive (16G 2-Pack),,Amazon,,B07JH53M4T,0.0,0.0,4.2,2030.0,100+ bought in past month,Electronics,https://m.media-amazon.com/images/I/81XB+0QH6aL._AC_UY218_.jpg,https://www.amazon.com/SuperSpeed-16GB-USB-3-0-Storage/dp/B07JH53M4T/ref=sr_1_142?dib=eyJ2IjoiMSJ9.qQFSFppYiN6kdJG_cnf1k249qz8-5hlOylr71sL15HPPzcfEucac_1Xyq41A-ZjQaIojjktFg0hBkG1OjrIWEqZ3rrHXTiE6blHtoPdo1MOQ4OgmNJmqGEHlhLSZUTDK2I-X8HgM_X4RYj6PjIGV_KDuuRRRt-wa8uLUbAKHWVdVih7gpc8jCfAcydUMf0ZMRfpoNVKcsJDp8WKhhJMo_RONX_A0fyvtZKNLi17EjTo.LUo6fuxm704VKnZZa74dG9Gl5ei-SXpRvtOkp0k5yzA&dib_tag=se&keywords=flash+disk&qid=1769774562&sr=8-142,2026-01-30 20:02:44,2026-01-30 20:02:57,flashdisk
,SanDisk Ultra Flair USB (5 Pack) 3.0 32GB Flash Drive High Performance SDCZ73-032G-G46 - with (2) Everything But Stromboli (tm) Lanyard,,Amazon,,B01B3HKNOQ,34.0,43.86,3.2,23243.0,Amazon,Electronics,https://m.media-amazon.com/images/I/71Vslu0U4DL._AC_UY218_.jpg,https://www.amazon.com/SanDisk-Ultra-Flair-Performance-SDCZ73-032G-G46/dp/B01B3HKNOQ/ref=sr_1_143?dib=eyJ2IjoiMSJ9.qQFSFppYiN6kdJG_cnf1k249qz8-5hlOylr71sL15HPPzcfEucac_1Xyq41A-ZjQaIojjktFg0hBkG1OjrIWEqZ3rrHXTiE6blHtoPdo1MOQ4OgmNJmqGEHlhLSZUTDK2I-X8HgM_X4RYj6PjIGV_KDuuRRRt-wa8uLUbAKHWVdVih7gpc8jCfAcydUMf0ZMRfpoNVKcsJDp8WKhhJMo_RONX_A0fyvtZKNLi17EjTo.LUo6fuxm704VKnZZa74dG9Gl5ei-SXpRvtOkp0k5yzA&dib_tag=se&keywords=flash+disk&qid=1769774562&sr=8-143,2026-01-30 20:02:44,2026-01-30 20:02:57,flashdisk
,"AreTop 2GB USB Flash Drives 100 Pack, AreTop Premium USB2.0 Thumb Drives Bulk USB Pendrive Memory Stick Jump Drive 100 Pack Flash Drives Bulk (2GB 100",,Amazon,,B07ZRC4CKQ,133.0,172.26,4.8,48123.0,(GBP 1.33GBP1.33/count),Electronics,https://m.media-amazon.com/images/I/71LyK8HS9+L._AC_UY218_.jpg,https://www.amazon.com/sspa/click?ie=UTF8&spc=MToyMzE2MDg4ODkxMjc5NjI2OjE3Njk3NzQ1NzY6c3BfYXRmX25leHQ6MzAxMTE0NDY1NTk4OTAyOjowOjo&url=%2FPremium-Classic-Computer-Storage-Pendrive%2Fdp%2FB07ZRC4CKQ%2Fref%3Dsr_1_161_sspa%3Fdib%3DeyJ2IjoiMSJ9.9rX0eVANiv0Xd1Hf6wUPTzkqypbqrNvN4gRjzD_hiyTmWLDWnPwnuI6nYLdbqjLhwxz7XBHfcIgJofkGqhouWPYAQQ46lBt9Q7FRs9rOF3UGv66jYyZw28Z4nAzkol-JgRj3IZW7-KZMg6ye2KvO7Rrpr8KQ6U0hC_rf0Rv2h4hzlhb8rY56kYfo9UI6aXopXGvLR7KNgOX0tTccvmA_R6zinkJyRHRa7yDASDUxGds.SrqkD6yY3_Ej4s-fOXRthWy6zk5vTTF2r1NFeMpmvso%26dib_tag%3Dse%26keywords%3Dflash%2Bdisk%26qid%3D1769774576%26sr%3D8-161-spons%26sp_csd%3Dd2lkZ2V0TmFtZT1zcF9hdGZfbmV4dA%26psc%3D1,2026-01-30 20:02:57,2026-01-30 20:02:57,flashdisk
,Verbatim 128GB PinStripe USB 2.0 Flash Drive Retractable Thumb Drive - Black,,Amazon,,B009GX7D0M,11.0,12.43,3.2,15147.0,200+ bought in past month,Electronics,https://m.media-amazon.com/images/I/71NKKEKkkyL._AC_UY218_.jpg,https://www.amazon.com/sspa/click?ie=UTF8&spc=MToyMzE2MDg4ODkxMjc5NjI2OjE3Njk3NzQ1NzY6c3BfYXRmX25leHQ6MzAxMTI5NzE4ODMwOTAyOjowOjo&url=%2FVerbatim-128GB-Pinstripe-Flash-Drive%2Fdp%2FB009GX7D0M%2Fref%3Dsr_1_162_sspa%3Fdib%3DeyJ2IjoiMSJ9.9rX0eVANiv0Xd1Hf6wUPTzkqypbqrNvN4gRjzD_hiyTmWLDWnPwnuI6nYLdbqjLhwxz7XBHfcIgJofkGqhouWPYAQQ46lBt9Q7FRs9rOF3UGv66jYyZw28Z4nAzkol-JgRj3IZW7-KZMg6ye2KvO7Rrpr8KQ6U0hC_rf0Rv2h4hzlhb8rY56kYfo9UI6aXopXGvLR7KNgOX0tTccvmA_R6zinkJyRHRa7yDASDUxGds.SrqkD6yY3_Ej4s-fOXRthWy6zk5vTTF2r1NFeMpmvso%26dib_tag%3Dse%26keywords%3Dflash%2Bdisk%26qid%3D1769774576%26sr%3D8-162-spons%26sp_csd%3Dd2lkZ2V0TmFtZT1zcF9hdGZfbmV4dA%26psc%3D1,2026-01-30 20:02:57,2026-01-30 20:02:57,flashdisk
,"Transcend ESD310 128GB External SSD, Up to 1,050MB/s, Dual USB Flash Drive for iPhone/iPad/Mac/Windows, Android/Tablet/PC, USB 3.2 Gen 2 Thumb Drive P",,Amazon,,B0DGQ1J68R,20.0,23.09,4.6,42564.0,500+ bought in past month,Electronics,https://m.media-amazon.com/images/I/61WTtdHhquL._AC_UY218_.jpg,https://www.amazon.com/Transcend-ESD310C-External-Portable-Compatible/dp/B0DGQ1J68R/ref=sr_1_163?dib=eyJ2IjoiMSJ9.9rX0eVANiv0Xd1Hf6wUPTzkqypbqrNvN4gRjzD_hiyTmWLDWnPwnuI6nYLdbqjLhwxz7XBHfcIgJofkGqhouWPYAQQ46lBt9Q7FRs9rOF3UGv66jYyZw28Z4nAzkol-JgRj3IZW7-KZMg6ye2KvO7Rrpr8KQ6U0hC_rf0Rv2h4hzlhb8rY56kYfo9UI6aXopXGvLR7KNgOX0tTccvmA_R6zinkJyRHRa7yDASDUxGds.SrqkD6yY3_Ej4s-fOXRthWy6zk5vTTF2r1NFeMpmvso&dib_tag=se&keywords=flash+disk&qid=1769774576&sr=8-163,2026-01-30 20:02:57,2026-01-30 20:02:57,flashdisk
,SanDisk Cruzer Glide 32GB (10 Pack) Cruzer USB 2.0 Flash Drive Jump Drive Pen Drive CZ60 Bundle with (5) Everything But Stromboli Lanyards,,Amazon,,B018SWA1RS,53.0,68.25,4.3,25432.0,Amazon,Electronics,https://m.media-amazon.com/images/I/81EnvFHb1DL._AC_UY218_.jpg,https://www.amazon.com/SanDisk-Cruzer-Glide-Flash-SDCZ60-032G/dp/B018SWA1RS/ref=sr_1_164?dib=eyJ2IjoiMSJ9.9rX0eVANiv0Xd1Hf6wUPTzkqypbqrNvN4gRjzD_hiyTmWLDWnPwnuI6nYLdbqjLhwxz7XBHfcIgJofkGqhouWPYAQQ46lBt9Q7FRs9rOF3UGv66jYyZw28Z4nAzkol-JgRj3IZW7-KZMg6ye2KvO7Rrpr8KQ6U0hC_rf0Rv2h4hzlhb8rY56kYfo9UI6aXopXGvLR7KNgOX0tTccvmA_R6zinkJyRHRa7yDASDUxGds.SrqkD6yY3_Ej4s-fOXRthWy6zk5vTTF2r1NFeMpmvso&dib_tag=se&keywords=flash+disk&qid=1769774576&sr=8-164,2026-01-30 20:02:57,2026-01-30 20:02:57,flashdisk
,"Christmas USB Flash Drive 5 Pack 8GB, Leizhan Novelty Thumb Drive Thanksgiving Memory Stick Santa Claus, Christmas Tree, Elk, Snowman, Dog Pendrive Ne",,Amazon,,B07WVGW1VC,19.0,22.21,4.0,3938.0,(GBP 3.99GBP3.99/count),Electronics,https://m.media-amazon.com/images/I/513vfCJKCJL._AC_UY218_.jpg,https://www.amazon.com/Drives-Novelty-Thanksgiving-Christmas-Snowman/dp/B07WVGW1VC/ref=sr_1_165?dib=eyJ2IjoiMSJ9.9rX0eVANiv0Xd1Hf6wUPTzkqypbqrNvN4gRjzD_hiyTmWLDWnPwnuI6nYLdbqjLhwxz7XBHfcIgJofkGqhouWPYAQQ46lBt9Q7FRs9rOF3UGv66jYyZw28Z4nAzkol-JgRj3IZW7-KZMg6ye2KvO7Rrpr8KQ6U0hC_rf0Rv2h4hzlhb8rY56kYfo9UI6aXopXGvLR7KNgOX0tTccvmA_R6zinkJyRHRa7yDASDUxGds.SrqkD6yY3_Ej4s-fOXRthWy6zk5vTTF2r1NFeMpmvso&dib_tag=se&keywords=flash+disk&qid=1769774576&sr=8-165,2026-01-30 20:02:57,2026-01-30 20:02:57,flashdisk
,Integral 32GB Secure 360 Encrypted USB3.0 Flash Drive (256-bit AES Encryption),,Amazon,,B00TUBVRIE,13.0,16.08,3.3,8937.0,Amazon,Electronics,https://m.media-amazon.com/images/I/71i3nu2KRuL._AC_UY218_.jpg,https://www.amazon.com/Integral-Secure-Encrypted-256-bit-Encryption/dp/B00TUBVRIE/ref=sr_1_166?dib=eyJ2IjoiMSJ9.9rX0eVANiv0Xd1Hf6wUPTzkqypbqrNvN4gRjzD_hiyTmWLDWnPwnuI6nYLdbqjLhwxz7XBHfcIgJofkGqhouWPYAQQ46lBt9Q7FRs9rOF3UGv66jYyZw28Z4nAzkol-JgRj3IZW7-KZMg6ye2KvO7Rrpr8KQ6U0hC_rf0Rv2h4hzlhb8rY56kYfo9UI6aXopXGvLR7KNgOX0tTccvmA_R6zinkJyRHRa7yDASDUxGds.SrqkD6yY3_Ej4s-fOXRthWy6zk5vTTF2r1NFeMpmvso&dib_tag=se&keywords=flash+disk&qid=1769774576&sr=8-166,2026-01-30 20:02:57,2026-01-30 20:02:57,flashdisk
,"Aiibe 10pcs 16GB USB 2.0 Flash Drives Bulk 10 Pack Swivel USB Memory Stick 16GB Thumb Drives Zip Drive Jump Drive with LED Indicator (16G, 10 Pack, Bl",,Amazon,,B07F666PT4,24.0,29.17,3.5,17335.0,50+ bought in past month,Electronics,https://m.media-amazon.com/images/I/71H3NZVlEPL._AC_UY218_.jpg,https://www.amazon.com/Aiibe-Drives-10-Swivel-Indicator/dp/B07F666PT4/ref=sr_1_167?dib=eyJ2IjoiMSJ9.9rX0eVANiv0Xd1Hf6wUPTzkqypbqrNvN4gRjzD_hiyTmWLDWnPwnuI6nYLdbqjLhwxz7XBHfcIgJofkGqhouWPYAQQ46lBt9Q7FRs9rOF3UGv66jYyZw28Z4nAzkol-JgRj3IZW7-KZMg6ye2KvO7Rrpr8KQ6U0hC_rf0Rv2h4hzlhb8rY56kYfo9UI6aXopXGvLR7KNgOX0tTccvmA_R6zinkJyRHRa7yDASDUxGds.SrqkD6yY3_Ej4s-fOXRthWy6zk5vTTF2r1NFeMpmvso&dib_tag=se&keywords=flash+disk&qid=1769774576&sr=8-167,2026-01-30 20:02:57,2026-01-30 20:02:57,flashdisk
,5 Pack Rectangle Wood 2.0/3.0 USB Flash Drive USB Disk Memory Stick with Wooden (2.0/32GB),,Amazon,,B07QRVDV7L,15.0,19.03,3.9,18603.0,Amazon,Electronics,https://m.media-amazon.com/images/I/61t62QgV7BL._AC_UY218_.jpg,https://www.amazon.com/Rectangle-Flash-Drive-Memory-Wooden/dp/B07QRVDV7L/ref=sr_1_168?dib=eyJ2IjoiMSJ9.9rX0eVANiv0Xd1Hf6wUPTzkqypbqrNvN4gRjzD_hiyTmWLDWnPwnuI6nYLdbqjLhwxz7XBHfcIgJofkGqhouWPYAQQ46lBt9Q7FRs9rOF3UGv66jYyZw28Z4nAzkol-JgRj3IZW7-KZMg6ye2KvO7Rrpr8KQ6U0hC_rf0Rv2h4hzlhb8rY56kYfo9UI6aXopXGvLR7KNgOX0tTccvmA_R6zinkJyRHRa7yDASDUxGds.SrqkD6yY3_Ej4s-fOXRthWy6zk5vTTF2r1NFeMpmvso&dib_tag=se&keywords=flash+disk&qid=1769774576&sr=8-168,2026-01-30 20:02:57,2026-01-30 20:02:57,flashdisk
,Wooden USB Flash Drives PENDRIVE Thumb Drives U Disk Memory Sticks for Birthday Business Valentine's Day Present (64GB USB3.0),,Amazon,,B0BDX8CGSQ,13.0,16.7,4.1,49675.0,Amazon,Electronics,https://m.media-amazon.com/images/I/71MPyoeN9aL._AC_UY218_.jpg,https://www.amazon.com/PENDRIVE-Christmas-Birthday-Business-Valentines/dp/B0BDX8CGSQ/ref=sr_1_169?dib=eyJ2IjoiMSJ9.9rX0eVANiv0Xd1Hf6wUPTzkqypbqrNvN4gRjzD_hiyTmWLDWnPwnuI6nYLdbqjLhwxz7XBHfcIgJofkGqhouWPYAQQ46lBt9Q7FRs9rOF3UGv66jYyZw28Z4nAzkol-JgRj3IZW7-KZMg6ye2KvO7Rrpr8KQ6U0hC_rf0Rv2h4hzlhb8rY56kYfo9UI6aXopXGvLR7KNgOX0tTccvmA_R6zinkJyRHRa7yDASDUxGds.SrqkD6yY3_Ej4s-fOXRthWy6zk5vTTF2r1NFeMpmvso&dib_tag=se&keywords=flash+disk&qid=1769774576&sr=8-169,2026-01-30 20:02:57,2026-01-30 20:02:57,flashdisk
,Bilious 64GB Flash Drive Animal Series Waterproof USB 3.0 Thumb Drive Cute Cartoon Memory Stick Small Size USB Drive Gift,,Amazon,,B0B9FWMWSH,8.0,9.59,3.8,27480.0,Amazon,Electronics,https://m.media-amazon.com/images/I/610w874hPbL._AC_UY218_.jpg,https://www.amazon.com/Bilious-Animal-Waterproof-Cartoon-Memory/dp/B0B9FWMWSH/ref=sr_1_170?dib=eyJ2IjoiMSJ9.9rX0eVANiv0Xd1Hf6wUPTzkqypbqrNvN4gRjzD_hiyTmWLDWnPwnuI6nYLdbqjLhwxz7XBHfcIgJofkGqhouWPYAQQ46lBt9Q7FRs9rOF3UGv66jYyZw28Z4nAzkol-JgRj3IZW7-KZMg6ye2KvO7Rrpr8KQ6U0hC_rf0Rv2h4hzlhb8rY56kYfo9UI6aXopXGvLR7KNgOX0tTccvmA_R6zinkJyRHRa7yDASDUxGds.SrqkD6yY3_Ej4s-fOXRthWy6zk5vTTF2r1NFeMpmvso&dib_tag=se&keywords=flash+disk&qid=1769774576&sr=8-170,2026-01-30 20:02:57,2026-01-30 20:02:57,flashdisk
,128GB USB Flash Drives 1 Pack 128GB Thumb Drives Memory Stick Jump Drive with LED Light for Storage and Backup (1 Pack Blue),,Amazon,,B0CHB2BJF6,9.0,10.94,5.0,5225.0,100+ bought in past month,Electronics,https://m.media-amazon.com/images/I/61L+Lasr4oL._AC_UY218_.jpg,https://www.amazon.com/sspa/click?ie=UTF8&spc=MToyMzE2MDg4ODkxMjc5NjI2OjE3Njk3NzQ1NzY6c3BfbXRmOjMwMDA0ODk3Nzk4MjQwMjo6MDo6&url=%2FSamData-Drives-Memory-Storage-Backup%2Fdp%2FB0CHB2BJF6%2Fref%3Dsr_1_171_sspa%3Fdib%3DeyJ2IjoiMSJ9.9rX0eVANiv0Xd1Hf6wUPTzkqypbqrNvN4gRjzD_hiyTmWLDWnPwnuI6nYLdbqjLhwxz7XBHfcIgJofkGqhouWPYAQQ46lBt9Q7FRs9rOF3UGv66jYyZw28Z4nAzkol-JgRj3IZW7-KZMg6ye2KvO7Rrpr8KQ6U0hC_rf0Rv2h4hzlhb8rY56kYfo9UI6aXopXGvLR7KNgOX0tTccvmA_R6zinkJyRHRa7yDASDUxGds.SrqkD6yY3_Ej4s-fOXRthWy6zk5vTTF2r1NFeMpmvso%26dib_tag%3Dse%26keywords%3Dflash%2Bdisk%26qid%3D1769774576%26sr%3D8-171-spons%26sp_csd%3Dd2lkZ2V0TmFtZT1zcF9tdGY%26psc%3D1,2026-01-30 20:02:57,2026-01-30 20:02:57,flashdisk
,Verbatim 128GB Pinstripe USB 3.2 Gen 1 Flash Drive Retractable Thumb Drive - Black,,Amazon,,B01DWNMFM2,0.0,0.0,4.5,34290.0,50+ bought in past month,Electronics,https://m.media-amazon.com/images/I/61jFTnoNhSS._AC_UY218_.jpg,https://www.amazon.com/sspa/click?ie=UTF8&spc=MToyMzE2MDg4ODkxMjc5NjI2OjE3Njk3NzQ1NzY6c3BfbXRmOjMwMTEyOTcxODgzMTAwMjo6MDo6&url=%2F128GB-Pinstripe-USB-Flash-Drive%2Fdp%2FB01DWNMFM2%2Fref%3Dsr_1_172_sspa%3Fdib%3DeyJ2IjoiMSJ9.9rX0eVANiv0Xd1Hf6wUPTzkqypbqrNvN4gRjzD_hiyTmWLDWnPwnuI6nYLdbqjLhwxz7XBHfcIgJofkGqhouWPYAQQ46lBt9Q7FRs9rOF3UGv66jYyZw28Z4nAzkol-JgRj3IZW7-KZMg6ye2KvO7Rrpr8KQ6U0hC_rf0Rv2h4hzlhb8rY56kYfo9UI6aXopXGvLR7KNgOX0tTccvmA_R6zinkJyRHRa7yDASDUxGds.SrqkD6yY3_Ej4s-fOXRthWy6zk5vTTF2r1NFeMpmvso%26dib_tag%3Dse%26keywords%3Dflash%2Bdisk%26qid%3D1769774576%26sr%3D8-172-spons%26sp_csd%3Dd2lkZ2V0TmFtZT1zcF9tdGY%26psc%3D1,2026-01-30 20:02:57,2026-01-30 20:02:57,flashdisk
,High-Speed Cassette Tape Shape Flash | Flash Disk Cassette Tape Flash | Audio Cassette USB Stick White 2GB | Memory Stick Thumb Drives,,Amazon,,B0BGYPPJ8D,7.0,7.85,3.4,34395.0,Typical:,Electronics,https://m.media-amazon.com/images/I/41G8e1V3QML._AC_UY218_.jpg,https://www.amazon.com/High-Speed-Cassette-Shape-Memory-Drives/dp/B0BGYPPJ8D/ref=sr_1_173?dib=eyJ2IjoiMSJ9.9rX0eVANiv0Xd1Hf6wUPTzkqypbqrNvN4gRjzD_hiyTmWLDWnPwnuI6nYLdbqjLhwxz7XBHfcIgJofkGqhouWPYAQQ46lBt9Q7FRs9rOF3UGv66jYyZw28Z4nAzkol-JgRj3IZW7-KZMg6ye2KvO7Rrpr8KQ6U0hC_rf0Rv2h4hzlhb8rY56kYfo9UI6aXopXGvLR7KNgOX0tTccvmA_R6zinkJyRHRa7yDASDUxGds.SrqkD6yY3_Ej4s-fOXRthWy6zk5vTTF2r1NFeMpmvso&dib_tag=se&keywords=flash+disk&qid=1769774576&sr=8-173,2026-01-30 20:02:57,2026-01-30 20:02:57,flashdisk
,Hard Drive Eraser Bootable USB Flash Drive – Secure Disk Wipe Utility for PC | Permanently Delete Data to DOD 5220.22-M Standard – Safe for HDD & SSD,,Amazon,,B083D59T5Q,14.0,18.01,3.4,13142.0,Shop products from small business brands sold in A,Electronics,https://m.media-amazon.com/images/I/71LRttQ18NL._AC_UY218_.jpg,https://www.amazon.com/Hard-Drive-Permanent-Disk-Eraser/dp/B083D59T5Q/ref=sr_1_174?dib=eyJ2IjoiMSJ9.9rX0eVANiv0Xd1Hf6wUPTzkqypbqrNvN4gRjzD_hiyTmWLDWnPwnuI6nYLdbqjLhwxz7XBHfcIgJofkGqhouWPYAQQ46lBt9Q7FRs9rOF3UGv66jYyZw28Z4nAzkol-JgRj3IZW7-KZMg6ye2KvO7Rrpr8KQ6U0hC_rf0Rv2h4hzlhb8rY56kYfo9UI6aXopXGvLR7KNgOX0tTccvmA_R6zinkJyRHRa7yDASDUxGds.SrqkD6yY3_Ej4s-fOXRthWy6zk5vTTF2r1NFeMpmvso&dib_tag=se&keywords=flash+disk&qid=1769774576&sr=8-174,2026-01-30 20:02:57,2026-01-30 20:02:57,flashdisk
,"TOPESEL 64GB USB 3.0 Type C Dual OTG Flash Drive USB C Thumb Drive Memory Stick for USB-C Smartphones, Tablets & New MacBook",,Amazon,,B07G2X8H4M,8.0,10.3,3.2,47131.0,Amazon,Electronics,https://m.media-amazon.com/images/I/61oMf9kZEQL._AC_UY218_.jpg,https://www.amazon.com/TOPESEL-Memory-Smartphones-Tablets-MacBook/dp/B07G2X8H4M/ref=sr_1_175?dib=eyJ2IjoiMSJ9.9rX0eVANiv0Xd1Hf6wUPTzkqypbqrNvN4gRjzD_hiyTmWLDWnPwnuI6nYLdbqjLhwxz7XBHfcIgJofkGqhouWPYAQQ46lBt9Q7FRs9rOF3UGv66jYyZw28Z4nAzkol-JgRj3IZW7-KZMg6ye2KvO7Rrpr8KQ6U0hC_rf0Rv2h4hzlhb8rY56kYfo9UI6aXopXGvLR7KNgOX0tTccvmA_R6zinkJyRHRa7yDASDUxGds.SrqkD6yY3_Ej4s-fOXRthWy6zk5vTTF2r1NFeMpmvso&dib_tag=se&keywords=flash+disk&qid=1769774576&sr=8-175,2026-01-30 20:02:57,2026-01-30 20:02:57,flashdisk
,"Gaming Laptop, 15.6inch Laptop with AMD Ryzen 7 7730U(8C/16T, Up to 4.5GHz), 16GB RAM 512GB NVMe SSD Windows 11 High Performance Laptop Computer, Up t",,Amazon,,B0GD61F6FC,370.0,424.95,4.9,29677.0,New on Amazon in past month,Electronics,https://m.media-amazon.com/images/I/81jFW4cV7bL._AC_UY218_.jpg,https://www.amazon.com/KAIGERR-15-6inch-Performance-Computer-Graphics/dp/B0GD61F6FC/ref=sr_1_3?dib=eyJ2IjoiMSJ9.5huBRjvxL8fMgZEVwN2uT1nJ-vkUqPLcgdqB_nVMv-VOnBSDIt_Z-LX6RY6XezM-kmlmcUPIMzoiKpAbwlpC2Gr_NNBW8RG_MdnupD-EeH6AhdKqoPzruzW8yQ_VLcrRnvfmZZ8cykvqkD4_ZD0WZui49uQHOWPKN_CjA20xFwi9zbN0vXVz1EmPJpwRCwFu-rp_Lh5CaZBpsbkTEs7OyIZohk5Dp9NPTiMSUCGxRT0.AWgEYDk2O85wOlRZUb393Qv_lBHQSFWIqN4CqsOQXfo&dib_tag=se&keywords=laptop&qid=1769784193&sr=8-3,2026-01-30 22:43:15,2026-01-30 22:44:59,laptop
,"Dell 15 Laptop DC15250-15.6-inch FHD (1920x1080) 120Hz Display, Intel Core i5-1334U Processor, 16GB DDR4 RAM, 512GB SSD, Intel UHD Graphics, Windows 1",,Amazon,,B0F167PYK7,428.0,501.68,4.9,8969.0,500+ bought in past month,Electronics,https://m.media-amazon.com/images/I/71I9chrFYFL._AC_UY218_.jpg,https://www.amazon.com/Dell-DC15250-15-6-inch-1920x1080-i5-1334U-Processor/dp/B0F167PYK7/ref=sr_1_4?dib=eyJ2IjoiMSJ9.5huBRjvxL8fMgZEVwN2uT1nJ-vkUqPLcgdqB_nVMv-VOnBSDIt_Z-LX6RY6XezM-kmlmcUPIMzoiKpAbwlpC2Gr_NNBW8RG_MdnupD-EeH6AhdKqoPzruzW8yQ_VLcrRnvfmZZ8cykvqkD4_ZD0WZui49uQHOWPKN_CjA20xFwi9zbN0vXVz1EmPJpwRCwFu-rp_Lh5CaZBpsbkTEs7OyIZohk5Dp9NPTiMSUCGxRT0.AWgEYDk2O85wOlRZUb393Qv_lBHQSFWIqN4CqsOQXfo&dib_tag=se&keywords=laptop&qid=1769784193&sr=8-4,2026-01-30 22:43:15,2026-01-30 22:44:59,laptop
,"Dell 15 Laptop DC15255-15.6-inch FHD 120Hz Display, AMD Ryzen 5-7520U, 8GB LPDDR5 RAM, 512GB SSD, AMD Radeon 610M Graphics, Windows 11 Home, Onsite Se",,Amazon,,B0FCTFGTPY,274.0,310.58,4.4,2527.0,400+ bought in past month,Electronics,https://m.media-amazon.com/images/I/71jQbkYw5KL._AC_UY218_.jpg,https://www.amazon.com/Dell-DC15255-15-6-inch-Display-5-7520U-Graphics/dp/B0FCTFGTPY/ref=sr_1_5?dib=eyJ2IjoiMSJ9.5huBRjvxL8fMgZEVwN2uT1nJ-vkUqPLcgdqB_nVMv-VOnBSDIt_Z-LX6RY6XezM-kmlmcUPIMzoiKpAbwlpC2Gr_NNBW8RG_MdnupD-EeH6AhdKqoPzruzW8yQ_VLcrRnvfmZZ8cykvqkD4_ZD0WZui49uQHOWPKN_CjA20xFwi9zbN0vXVz1EmPJpwRCwFu-rp_Lh5CaZBpsbkTEs7OyIZohk5Dp9NPTiMSUCGxRT0.AWgEYDk2O85wOlRZUb393Qv_lBHQSFWIqN4CqsOQXfo&dib_tag=se&keywords=laptop&qid=1769784193&sr=8-5,2026-01-30 22:43:15,2026-01-30 22:44:59,laptop
,"HP 14 Laptop, Intel Celeron N4020, 4 GB RAM, 64 GB Storage, 14-inch Micro-edge HD Display, Windows 11 Home, Thin & Portable, 4K Graphics, One Year of ",,Amazon,,B0947BJ67M,129.0,151.62,4.2,21736.0,7K+ bought in past month,Electronics,https://m.media-amazon.com/images/I/815uX7wkOZS._AC_UY218_.jpg,https://www.amazon.com/HP-Micro-edge-Microsoft-14-dq0040nr-Snowflake/dp/B0947BJ67M/ref=sr_1_6?dib=eyJ2IjoiMSJ9.5huBRjvxL8fMgZEVwN2uT1nJ-vkUqPLcgdqB_nVMv-VOnBSDIt_Z-LX6RY6XezM-kmlmcUPIMzoiKpAbwlpC2Gr_NNBW8RG_MdnupD-EeH6AhdKqoPzruzW8yQ_VLcrRnvfmZZ8cykvqkD4_ZD0WZui49uQHOWPKN_CjA20xFwi9zbN0vXVz1EmPJpwRCwFu-rp_Lh5CaZBpsbkTEs7OyIZohk5Dp9NPTiMSUCGxRT0.AWgEYDk2O85wOlRZUb393Qv_lBHQSFWIqN4CqsOQXfo&dib_tag=se&keywords=laptop&qid=1769784193&sr=8-6,2026-01-30 22:43:15,2026-01-30 22:44:59,laptop
,"Lenovo V15 Gen 4 Business Laptop, 15.6"" FHD Display, Intel Core i5-13420H (Beat i7-1355U), HDMI, RJ45, Webcam, Numeric Keypad, Wi-Fi, Windows 11 Pro, ",,Amazon,,B0D1YQJKY2,370.0,440.48,3.2,18146.0,1K+ bought in past month,Electronics,https://m.media-amazon.com/images/I/71N9tTF6pML._AC_UY218_.jpg,https://www.amazon.com/Lenovo-V15-Business-i5-13420H-i7-1355U/dp/B0D1YQJKY2/ref=sr_1_8?dib=eyJ2IjoiMSJ9.5huBRjvxL8fMgZEVwN2uT1nJ-vkUqPLcgdqB_nVMv-VOnBSDIt_Z-LX6RY6XezM-kmlmcUPIMzoiKpAbwlpC2Gr_NNBW8RG_MdnupD-EeH6AhdKqoPzruzW8yQ_VLcrRnvfmZZ8cykvqkD4_ZD0WZui49uQHOWPKN_CjA20xFwi9zbN0vXVz1EmPJpwRCwFu-rp_Lh5CaZBpsbkTEs7OyIZohk5Dp9NPTiMSUCGxRT0.AWgEYDk2O85wOlRZUb393Qv_lBHQSFWIqN4CqsOQXfo&dib_tag=se&keywords=laptop&qid=1769784193&sr=8-8,2026-01-30 22:43:15,2026-01-30 22:44:59,laptop
,"Dell 15 Laptop DC15250-15.6-inch FHD 120Hz Display, 13th Gen Intel Core i7-1355U, 16GB DDR5 RAM, 512GB SSD, Intel UHD Graphics, Windows 11 Home, 1 Yea",,Amazon,,B0G11WY59L,0.0,0.0,4.8,23438.0,100+ bought in past month,Electronics,https://m.media-amazon.com/images/I/71AZek1CVTL._AC_UY218_.jpg,https://www.amazon.com/Dell-DC15250-15-6-inch-Display-i7-1355U-Graphics/dp/B0G11WY59L/ref=sr_1_9?dib=eyJ2IjoiMSJ9.5huBRjvxL8fMgZEVwN2uT1nJ-vkUqPLcgdqB_nVMv-VOnBSDIt_Z-LX6RY6XezM-kmlmcUPIMzoiKpAbwlpC2Gr_NNBW8RG_MdnupD-EeH6AhdKqoPzruzW8yQ_VLcrRnvfmZZ8cykvqkD4_ZD0WZui49uQHOWPKN_CjA20xFwi9zbN0vXVz1EmPJpwRCwFu-rp_Lh5CaZBpsbkTEs7OyIZohk5Dp9NPTiMSUCGxRT0.AWgEYDk2O85wOlRZUb393Qv_lBHQSFWIqN4CqsOQXfo&dib_tag=se&keywords=laptop&qid=1769784193&sr=8-9,2026-01-30 22:43:15,2026-01-30 22:44:59,laptop
,"2026 15.6"" Traditional Laptop Computer for Work and Study, 16GB RAM 256GB SSD, 4425Y up to 2.4GHz, Windows 11 Pro with Office 365, FHD 1080P IPS Displ",,Amazon,,B0GF6R4B17,0.0,0.0,3.1,36832.0,New on Amazon in past month,Electronics,https://m.media-amazon.com/images/I/71autnF3EgL._AC_UY218_.jpg,https://www.amazon.com/Traditional-Computer-Windows-Display-Portable/dp/B0GF6R4B17/ref=sr_1_10?dib=eyJ2IjoiMSJ9.5huBRjvxL8fMgZEVwN2uT1nJ-vkUqPLcgdqB_nVMv-VOnBSDIt_Z-LX6RY6XezM-kmlmcUPIMzoiKpAbwlpC2Gr_NNBW8RG_MdnupD-EeH6AhdKqoPzruzW8yQ_VLcrRnvfmZZ8cykvqkD4_ZD0WZui49uQHOWPKN_CjA20xFwi9zbN0vXVz1EmPJpwRCwFu-rp_Lh5CaZBpsbkTEs7OyIZohk5Dp9NPTiMSUCGxRT0.AWgEYDk2O85wOlRZUb393Qv_lBHQSFWIqN4CqsOQXfo&dib_tag=se&keywords=laptop&qid=1769784193&sr=8-10,2026-01-30 22:43:15,2026-01-30 22:44:59,laptop
,"ASUS ROG Strix G16 (2025) Gaming Laptop, 16” FHD+ 16:10 165Hz/3ms Display, NVIDIA® GeForce RTX™ 5060 Laptop GPU, Intel® Core™ i7 Processor 14650HX, 16",,Amazon,,B0DZZWMB2L,1017.0,1192.08,4.3,41483.0,List:,Electronics,https://m.media-amazon.com/images/I/81n1T4CYfmL._AC_UY218_.jpg,https://www.amazon.com/ASUS-ROG-Strix-Gaming-Laptop/dp/B0DZZWMB2L/ref=sr_1_11?dib=eyJ2IjoiMSJ9.5huBRjvxL8fMgZEVwN2uT1nJ-vkUqPLcgdqB_nVMv-VOnBSDIt_Z-LX6RY6XezM-kmlmcUPIMzoiKpAbwlpC2Gr_NNBW8RG_MdnupD-EeH6AhdKqoPzruzW8yQ_VLcrRnvfmZZ8cykvqkD4_ZD0WZui49uQHOWPKN_CjA20xFwi9zbN0vXVz1EmPJpwRCwFu-rp_Lh5CaZBpsbkTEs7OyIZohk5Dp9NPTiMSUCGxRT0.AWgEYDk2O85wOlRZUb393Qv_lBHQSFWIqN4CqsOQXfo&dib_tag=se&keywords=laptop&qid=1769784193&sr=8-11,2026-01-30 22:43:15,2026-01-30 22:44:59,laptop
,"15.6"" Laptop, 32GB RAM 512GB SSD, Pentium 6500Y Processor (Beat N5095, Up to 3.4GHz), Laptop Computer with FHD IPS Display, Dual Band Wi-Fi 5, BT 5.0,",,Amazon,,B0FWQN69B9,0.0,0.0,3.4,49463.0,Amazon,Electronics,https://m.media-amazon.com/images/I/71M0lbhCd8L._AC_UY218_.jpg,https://www.amazon.com/sspa/click?ie=UTF8&spc=MTo2MTY5NjI0MDc3OTczMzk2OjE3Njk3ODQxOTM6c3BfbXRmOjMwMTE0OTYyMjIyNDgwMjo6MDo6&url=%2FEvospan-Pentium-Processor-Computer-Display%2Fdp%2FB0FWQN69B9%2Fref%3Dsr_1_12_sspa%3Fdib%3DeyJ2IjoiMSJ9.5huBRjvxL8fMgZEVwN2uT1nJ-vkUqPLcgdqB_nVMv-VOnBSDIt_Z-LX6RY6XezM-kmlmcUPIMzoiKpAbwlpC2Gr_NNBW8RG_MdnupD-EeH6AhdKqoPzruzW8yQ_VLcrRnvfmZZ8cykvqkD4_ZD0WZui49uQHOWPKN_CjA20xFwi9zbN0vXVz1EmPJpwRCwFu-rp_Lh5CaZBpsbkTEs7OyIZohk5Dp9NPTiMSUCGxRT0.AWgEYDk2O85wOlRZUb393Qv_lBHQSFWIqN4CqsOQXfo%26dib_tag%3Dse%26keywords%3Dlaptop%26qid%3D1769784193%26sr%3D8-12-spons%26sp_csd%3Dd2lkZ2V0TmFtZT1zcF9tdGY%26psc%3D1,2026-01-30 22:43:15,2026-01-30 22:44:59,laptop
,"2026 New 15.6'' Laptop Win 11 Pro, Intel Core i3 Processor, 8GB RAM, 256GB SSD, 1080p FHD IPS Display, Backlit Keyboard, Fingerprint, WiFi5&BT5, Mini-",,Amazon,,B0G1BWBNV1,152.0,194.82,4.0,12890.0,100+ bought in past month,Electronics,https://m.media-amazon.com/images/I/61PRrVZA8GL._AC_UY218_.jpg,https://www.amazon.com/Processor-Display-Keyboard-Fingerprint-Mini-HDMI/dp/B0G1BWBNV1/ref=sr_1_13?dib=eyJ2IjoiMSJ9.5huBRjvxL8fMgZEVwN2uT1nJ-vkUqPLcgdqB_nVMv-VOnBSDIt_Z-LX6RY6XezM-kmlmcUPIMzoiKpAbwlpC2Gr_NNBW8RG_MdnupD-EeH6AhdKqoPzruzW8yQ_VLcrRnvfmZZ8cykvqkD4_ZD0WZui49uQHOWPKN_CjA20xFwi9zbN0vXVz1EmPJpwRCwFu-rp_Lh5CaZBpsbkTEs7OyIZohk5Dp9NPTiMSUCGxRT0.AWgEYDk2O85wOlRZUb393Qv_lBHQSFWIqN4CqsOQXfo&dib_tag=se&keywords=laptop&qid=1769784193&sr=8-13,2026-01-30 22:43:15,2026-01-30 22:44:59,laptop
,"Dell Latitude 5420 14"" FHD Business Laptop Computer, Intel Quad-Core i5-1145G7, 16GB DDR4 RAM, 256GB SSD, Camera, HDMI, Windows 11 Pro (Renewed)",,Amazon,,B0F53SQRH4,0.0,0.0,4.0,27916.0,500+ bought in past month,Electronics,https://m.media-amazon.com/images/I/616jxxM4VLL._AC_UY218_.jpg,https://www.amazon.com/Dell-Latitude-5420-Quad-Core-i5-1145G7/dp/B0F53SQRH4/ref=sr_1_14?dib=eyJ2IjoiMSJ9.5huBRjvxL8fMgZEVwN2uT1nJ-vkUqPLcgdqB_nVMv-VOnBSDIt_Z-LX6RY6XezM-kmlmcUPIMzoiKpAbwlpC2Gr_NNBW8RG_MdnupD-EeH6AhdKqoPzruzW8yQ_VLcrRnvfmZZ8cykvqkD4_ZD0WZui49uQHOWPKN_CjA20xFwi9zbN0vXVz1EmPJpwRCwFu-rp_Lh5CaZBpsbkTEs7OyIZohk5Dp9NPTiMSUCGxRT0.AWgEYDk2O85wOlRZUb393Qv_lBHQSFWIqN4CqsOQXfo&dib_tag=se&keywords=laptop&qid=1769784193&sr=8-14,2026-01-30 22:43:15,2026-01-30 22:44:59,laptop
,"HP Chromebook 14 Laptop, Intel Celeron N4120, 4 GB RAM, 64 GB eMMC, 14"" HD Display, Chrome OS, Thin Design, 4K Graphics, Long Battery Life, Ash Gray K",,Amazon,,B09SVSBVP1,118.0,146.42,3.0,32922.0,3K+ bought in past month,Electronics,https://m.media-amazon.com/images/I/71tXLOE7wIL._AC_UY218_.jpg,https://www.amazon.com/HP-Chromebook-Graphics-Keyboard-14a-na0226nr/dp/B09SVSBVP1/ref=sr_1_15?dib=eyJ2IjoiMSJ9.5huBRjvxL8fMgZEVwN2uT1nJ-vkUqPLcgdqB_nVMv-VOnBSDIt_Z-LX6RY6XezM-kmlmcUPIMzoiKpAbwlpC2Gr_NNBW8RG_MdnupD-EeH6AhdKqoPzruzW8yQ_VLcrRnvfmZZ8cykvqkD4_ZD0WZui49uQHOWPKN_CjA20xFwi9zbN0vXVz1EmPJpwRCwFu-rp_Lh5CaZBpsbkTEs7OyIZohk5Dp9NPTiMSUCGxRT0.AWgEYDk2O85wOlRZUb393Qv_lBHQSFWIqN4CqsOQXfo&dib_tag=se&keywords=laptop&qid=1769784193&sr=8-15,2026-01-30 22:43:15,2026-01-30 22:44:59,laptop
,Lenovo laptop Model 1,,Amazon,,AMZ_SAMPLE_2_0,932.89,1891.75,3.8,31015.0,Lenovo Store,Electronics,https://via.placeholder.com/150?text=Lenovo,https://www.amazon.com/dp/SAMPLE20,2026-01-30 22:43:26,2026-01-30 22:44:59,laptop
,Dell laptop Model 2,,Amazon,,AMZ_SAMPLE_2_1,578.87,1984.4,5.0,22455.0,Dell Store,Electronics,https://via.placeholder.com/150?text=Dell,https://www.amazon.com/dp/SAMPLE21,2026-01-30 22:43:26,2026-01-30 22:44:59,laptop
,Dell laptop Model 3,,Amazon,,AMZ_SAMPLE_2_2,1518.28,649.4,3.6,43240.0,Dell Store,Electronics,https://via.placeholder.com/150?text=Dell,https://www.amazon.com/dp/SAMPLE22,2026-01-30 22:43:26,2026-01-30 22:44:59,laptop
,Samsung laptop Model 4,,Amazon,,AMZ_SAMPLE_2_3,1573.39,1479.79,4.8,21257.0,Samsung Store,Electronics,https://via.placeholder.com/150?text=Samsung,https://www.amazon.com/dp/SAMPLE23,2026-01-30 22:43:26,2026-01-30 22:44:59,laptop
,Apple laptop Model 5,,Amazon,,AMZ_SAMPLE_2_4,242.06,2135.5,4.6,13605.0,Apple Store,Electronics,https://via.placeholder.com/150?text=Apple,https://www.amazon.com/dp/SAMPLE24,2026-01-30 22:43:26,2026-01-30 22:44:59,laptop
,Samsung laptop Model 1,,Amazon,,AMZ_SAMPLE_3_0,398.7,2293.23,4.6,46367.0,Samsung Store,Electronics,https://via.placeholder.com/150?text=Samsung,https://www.amazon.com/dp/SAMPLE30,2026-01-30 22:43:34,2026-01-30 22:44:59,laptop
,HP laptop Model 2,,Amazon,,AMZ_SAMPLE_3_1,596.23,2356.59,4.5,14569.0,HP Store,Electronics,https://via.placeholder.com/150?text=HP,https://www.amazon.com/dp/SAMPLE31,2026-01-30 22:43:34,2026-01-30 22:44:59,laptop
,HP laptop Model 3,,Amazon,,AMZ_SAMPLE_3_2,711.35,488.59,4.8,6921.0,HP Store,Electronics,https://via.placeholder.com/150?text=HP,https://www.amazon.com/dp/SAMPLE32,2026-01-30 22:43:34,2026-01-30 22:44:59,laptop
,Dell laptop Model 4,,Amazon,,AMZ_SAMPLE_3_3,602.47,672.44,3.9,14261.0,Dell Store,Electronics,https://via.placeholder.com/150?text=Dell,https://www.amazon.com/dp/SAMPLE33,2026-01-30 22:43:34,2026-01-30 22:44:59,laptop
,HP laptop Model 5,,Amazon,,AMZ_SAMPLE_3_4,375.06,615.21,4.8,43218.0,HP Store,Electronics,https://via.placeholder.com/150?text=HP,https://www.amazon.com/dp/SAMPLE34,2026-01-30 22:43:34,2026-01-30 22:44:59,laptop
,Samsung laptop Model 1,,Amazon,,AMZ_SAMPLE_4_0,1476.83,2455.06,4.9,24463.0,Samsung Store,Electronics,https://via.placeholder.com/150?text=Samsung,https://www.amazon.com/dp/SAMPLE40,2026-01-30 22:43:44,2026-01-30 22:44:59,laptop
,Apple laptop Model 2,,Amazon,,AMZ_SAMPLE_4_1,175.89,2470.85,3.6,41566.0,Apple Store,Electronics,https://via.placeholder.com/150?text=Apple,https://www.amazon.com/dp/SAMPLE41,2026-01-30 22:43:44,2026-01-30 22:44:59,laptop
,Apple laptop Model 3,,Amazon,,AMZ_SAMPLE_4_2,1564.11,238.79,3.9,3202.0,Apple Store,Electronics,https://via.placeholder.com/150?text=Apple,https://www.amazon.com/dp/SAMPLE42,2026-01-30 22:43:44,2026-01-30 22:44:59,laptop
,Apple laptop Model 4,,Amazon,,AMZ_SAMPLE_4_3,361.73,1562.83,4.6,9259.0,Apple Store,Electronics,https://via.placeholder.com/150?text=Apple,https://www.amazon.com/dp/SAMPLE43,2026-01-30 22:43:44,2026-01-30 22:44:59,laptop
,Samsung laptop Model 5,,Amazon,,AMZ_SAMPLE_4_4,603.3,221.68,3.6,28302.0,Samsung Store,Electronics,https://via.placeholder.com/150?text=Samsung,https://www.amazon.com/dp/SAMPLE44,2026-01-30 22:43:44,2026-01-30 22:44:59,laptop
,HP laptop Model 1,,Amazon,,AMZ_SAMPLE_5_0,1684.96,1332.27,4.3,43027.0,HP Store,Electronics,https://via.placeholder.com/150?text=HP,https://www.amazon.com/dp/SAMPLE50,2026-01-30 22:43:55,2026-01-30 22:44:59,laptop
,Samsung laptop Model 2,,Amazon,,AMZ_SAMPLE_5_1,157.57,1905.87,4.0,46810.0,Samsung Store,Electronics,https://via.placeholder.com/150?text=Samsung,https://www.amazon.com/dp/SAMPLE51,2026-01-30 22:43:55,2026-01-30 22:44:59,laptop
,Samsung laptop Model 3,,Amazon,,AMZ_SAMPLE_5_2,1382.8,1735.8,4.4,16412.0,Samsung Store,Electronics,https://via.placeholder.com/150?text=Samsung,https://www.amazon.com/dp/SAMPLE52,2026-01-30 22:43:55,2026-01-30 22:44:59,laptop
,HP laptop Model 4,,Amazon,,AMZ_SAMPLE_5_3,771.5,1111.52,4.8,2633.0,HP Store,Electronics,https://via.placeholder.com/150?text=HP,https://www.amazon.com/dp/SAMPLE53,2026-01-30 22:43:55,2026-01-30 22:44:59,laptop
,Samsung laptop Model 5,,Amazon,,AMZ_SAMPLE_5_4,174.3,2348.09,4.1,5191.0,Samsung Store,Electronics,https://via.placeholder.com/150?text=Samsung,https://www.amazon.com/dp/SAMPLE54,2026-01-30 22:43:55,2026-01-30 22:44:59,laptop
,Samsung laptop Model 1,,Amazon,,AMZ_SAMPLE_6_0,1901.11,1465.68,4.9,8884.0,Samsung Store,Electronics,https://via.placeholder.com/150?text=Samsung,https://www.amazon.com/dp/SAMPLE60,2026-01-30 22:44:06,2026-01-30 22:44:59,laptop
,Dell laptop Model 2,,Amazon,,AMZ_SAMPLE_6_1,1779.02,1533.89,4.4,48170.0,Dell Store,Electronics,https://via.placeholder.com/150?text=Dell,https://www.amazon.com/dp/SAMPLE61,2026-01-30 22:44:06,2026-01-30 22:44:59,laptop
,HP laptop Model 3,,Amazon,,AMZ_SAMPLE_6_2,907.67,515.44,4.2,1615.0,HP Store,Electronics,https://via.placeholder.com/150?text=HP,https://www.amazon.com/dp/SAMPLE62,2026-01-30 22:44:06,2026-01-30 22:44:59,laptop
,Dell laptop Model 4,,Amazon,,AMZ_SAMPLE_6_3,898.82,2283.29,3.8,39964.0,Dell Store,Electronics,https://via.placeholder.com/150?text=Dell,https://www.amazon.com/dp/SAMPLE63,2026-01-30 22:44:06,2026-01-30 22:44:59,laptop
,Samsung laptop Model 5,,Amazon,,AMZ_SAMPLE_6_4,1471.23,1087.62,4.2,25542.0,Samsung Store,Electronics,https://via.placeholder.com/150?text=Samsung,https://www.amazon.com/dp/SAMPLE64,2026-01-30 22:44:06,2026-01-30 22:44:59,laptop
,Dell laptop Model 1,,Amazon,,AMZ_SAMPLE_7_0,480.38,867.48,4.8,5750.0,Dell Store,Electronics,https://via.placeholder.com/150?text=Dell,https://www.amazon.com/dp/SAMPLE70,2026-01-30 22:44:16,2026-01-30 22:44:59,laptop
,Dell laptop Model 2,,Amazon,,AMZ_SAMPLE_7_1,463.92,1953.55,3.7,41253.0,Dell Store,Electronics,https://via.placeholder.com/150?text=Dell,https://www.amazon.com/dp/SAMPLE71,2026-01-30 22:44:16,2026-01-30 22:44:59,laptop
,Samsung laptop Model 3,,Amazon,,AMZ_SAMPLE_7_2,845.07,2140.14,3.8,1222.0,Samsung Store,Electronics,https://via.placeholder.com/150?text=Samsung,https://www.amazon.com/dp/SAMPLE72,2026-01-30 22:44:16,2026-01-30 22:44:59,laptop
,Lenovo laptop Model 4,,Amazon,,AMZ_SAMPLE_7_3,1436.36,2289.61,4.7,25411.0,Lenovo Store,Electronics,https://via.placeholder.com/150?text=Lenovo,https://www.amazon.com/dp/SAMPLE73,2026-01-30 22:44:16,2026-01-30 22:44:59,laptop
,Dell laptop Model 5,,Amazon,,AMZ_SAMPLE_7_4,911.79,432.72,4.1,34876.0,Dell Store,Electronics,https://via.placeholder.com/150?text=Dell,https://www.amazon.com/dp/SAMPLE74,2026-01-30 22:44:16,2026-01-30 22:44:59,laptop
,ASUS 2026 Vivobook 14” FHD Laptop 10-Core Intel Core i5-1334U Iris Xe Graphics 12GB DDR4 256GB NVMe SSD USB-C w/DP WiFi AC BT Webcam HDMI1.4 Windows 1,,Amazon,,B0FH9NMSZQ,261.0,331.73,5.0,28497.0,50+ bought in past month,Electronics,https://m.media-amazon.com/images/I/514F-bCZpLL._AC_UY218_.jpg,https://www.amazon.com/ASUS-Vivobook-10-Core-i5-1334U-Graphics/dp/B0FH9NMSZQ/ref=sr_1_115?dib=eyJ2IjoiMSJ9.N390kM3mSQQULAgf4WcpowvhEjiLIrx1YzFitLftapKMjDiYhVVhtRROdsIdA2w_Q3xAU9JzvAXOhcsH8tYM1OTQotbQ2AQ2p6S15Rsqgk8rBNVl-UlonmYBIOQyEk3p4fya25xRBGlQbzTWrd9DsmxUoYnDRSZoKyZooosGc4BAXvydfxa9aEPQx9_Oz96kudUmOAxc3x0xwCwXzgvH9xjqwBIFkUwK7s8-jrOHhgg.eiIykxdadW0FuTI1PnwPs7S2G4wBfu-4l8IESpFs61Q&dib_tag=se&keywords=laptop&qid=1769784257&sr=8-115,2026-01-30 22:44:19,2026-01-30 22:44:59,laptop
,"Lenovo Legion 5 15AHP10 RTX 5060 Pro Gaming Laptop,15.1 OLED WQXGA(2560 x 1600) 165Hz, AMD Ryzen 7 260(Beats Intel i7-14700), NVIDIA RTX 5060, 32GB DD",,Amazon,,B0FKP8RWTD,0.0,0.0,3.2,25175.0,No featured offers available,Electronics,https://m.media-amazon.com/images/I/71GBz+Y+0EL._AC_UY218_.jpg,https://www.amazon.com/Lenovo-Legion-15AHP10-Gaming-i7-14700/dp/B0FKP8RWTD/ref=sr_1_116?dib=eyJ2IjoiMSJ9.N390kM3mSQQULAgf4WcpowvhEjiLIrx1YzFitLftapKMjDiYhVVhtRROdsIdA2w_Q3xAU9JzvAXOhcsH8tYM1OTQotbQ2AQ2p6S15Rsqgk8rBNVl-UlonmYBIOQyEk3p4fya25xRBGlQbzTWrd9DsmxUoYnDRSZoKyZooosGc4BAXvydfxa9aEPQx9_Oz96kudUmOAxc3x0xwCwXzgvH9xjqwBIFkUwK7s8-jrOHhgg.eiIykxdadW0FuTI1PnwPs7S2G4wBfu-4l8IESpFs61Q&dib_tag=se&keywords=laptop&qid=1769784257&sr=8-116,2026-01-30 22:44:19,2026-01-30 22:44:59,laptop
,"HP Victus 15.6"" Full HD 144Hz Gaming Laptop, Intel Core i5-12450H, NVIDIA GeForce RTX 3050,16GB RAM, 512GB PCIe SSD, Wi-Fi 6, Backlit Keyboard,Windows",,Amazon,,B0DJ3L37TY,0.0,0.0,3.3,17590.0,100+ bought in past month,Electronics,https://m.media-amazon.com/images/I/71cZs6fmSfL._AC_UY218_.jpg,https://www.amazon.com/HP-i5-12450H-GeForce-Keyboard-Performance/dp/B0DJ3L37TY/ref=sr_1_117?dib=eyJ2IjoiMSJ9.N390kM3mSQQULAgf4WcpowvhEjiLIrx1YzFitLftapKMjDiYhVVhtRROdsIdA2w_Q3xAU9JzvAXOhcsH8tYM1OTQotbQ2AQ2p6S15Rsqgk8rBNVl-UlonmYBIOQyEk3p4fya25xRBGlQbzTWrd9DsmxUoYnDRSZoKyZooosGc4BAXvydfxa9aEPQx9_Oz96kudUmOAxc3x0xwCwXzgvH9xjqwBIFkUwK7s8-jrOHhgg.eiIykxdadW0FuTI1PnwPs7S2G4wBfu-4l8IESpFs61Q&dib_tag=se&keywords=laptop&qid=1769784257&sr=8-117,2026-01-30 22:44:19,2026-01-30 22:44:59,laptop
,"HP 17 Laptop, 17.3"" HD+ Touchscreen Display, 12th Gen Intel Core i7-1255U, 64GB RAM, 2TB SSD, Webcam, HDMI, SuperSpeed USB Ports, Wi-Fi 6, Windows 11 ",,Amazon,,B0CKTZVB17,0.0,0.0,4.9,14349.0,No featured offers available,Electronics,https://m.media-amazon.com/images/I/71CGrFl8cjL._AC_UY218_.jpg,https://www.amazon.com/HP-Touchscreen-Display-i7-1255U-SuperSpeed/dp/B0CKTZVB17/ref=sr_1_118?dib=eyJ2IjoiMSJ9.N390kM3mSQQULAgf4WcpowvhEjiLIrx1YzFitLftapKMjDiYhVVhtRROdsIdA2w_Q3xAU9JzvAXOhcsH8tYM1OTQotbQ2AQ2p6S15Rsqgk8rBNVl-UlonmYBIOQyEk3p4fya25xRBGlQbzTWrd9DsmxUoYnDRSZoKyZooosGc4BAXvydfxa9aEPQx9_Oz96kudUmOAxc3x0xwCwXzgvH9xjqwBIFkUwK7s8-jrOHhgg.eiIykxdadW0FuTI1PnwPs7S2G4wBfu-4l8IESpFs61Q&dib_tag=se&keywords=laptop&qid=1769784257&sr=8-118,2026-01-30 22:44:19,2026-01-30 22:44:59,laptop
,"Dell Inspiron 15.6"" FHD Touchscreen Laptop for Student and Business, 8-Core Ryzen 7 (Beat i7-12650H), 32GB RAM 1TB SSD, Long Battery Life, Webcam, Blu",,Amazon,,B0FX2R679S,0.0,0.0,4.5,49218.0,50+ bought in past month,Electronics,https://m.media-amazon.com/images/I/71GzV43J2DL._AC_UY218_.jpg,https://www.amazon.com/Dell-Touchscreen-i7-12650H-Bluetooth-Accessory/dp/B0FX2R679S/ref=sr_1_119?dib=eyJ2IjoiMSJ9.N390kM3mSQQULAgf4WcpowvhEjiLIrx1YzFitLftapKMjDiYhVVhtRROdsIdA2w_Q3xAU9JzvAXOhcsH8tYM1OTQotbQ2AQ2p6S15Rsqgk8rBNVl-UlonmYBIOQyEk3p4fya25xRBGlQbzTWrd9DsmxUoYnDRSZoKyZooosGc4BAXvydfxa9aEPQx9_Oz96kudUmOAxc3x0xwCwXzgvH9xjqwBIFkUwK7s8-jrOHhgg.eiIykxdadW0FuTI1PnwPs7S2G4wBfu-4l8IESpFs61Q&dib_tag=se&keywords=laptop&qid=1769784257&sr=8-119,2026-01-30 22:44:19,2026-01-30 22:44:59,laptop
,"Acer Aspire Go 15 AI Ready Laptop, 15.6"" FHD (1920 x 1080) IPS Display, AMD Ryzen 7 5825U, AMD Radeon Graphics, 16GB DDR4, 512GB PCIe Gen4 SSD, Wi-Fi ",,Amazon,,B0DTB4R3VP,363.0,442.15,4.1,34219.0,200+ bought in past month,Electronics,https://m.media-amazon.com/images/I/71FPI17lWZL._AC_UY218_.jpg,https://www.amazon.com/Aspire-Display-Graphics-Windows-AG15-42P-R3NB/dp/B0DTB4R3VP/ref=sr_1_120?dib=eyJ2IjoiMSJ9.N390kM3mSQQULAgf4WcpowvhEjiLIrx1YzFitLftapKMjDiYhVVhtRROdsIdA2w_Q3xAU9JzvAXOhcsH8tYM1OTQotbQ2AQ2p6S15Rsqgk8rBNVl-UlonmYBIOQyEk3p4fya25xRBGlQbzTWrd9DsmxUoYnDRSZoKyZooosGc4BAXvydfxa9aEPQx9_Oz96kudUmOAxc3x0xwCwXzgvH9xjqwBIFkUwK7s8-jrOHhgg.eiIykxdadW0FuTI1PnwPs7S2G4wBfu-4l8IESpFs61Q&dib_tag=se&keywords=laptop&qid=1769784257&sr=8-120,2026-01-30 22:44:19,2026-01-30 22:44:59,laptop
,"Dell Inspiron 15 3530 Business Laptop, 15.6"" FHD Touchscreen, 16GB RAM 512GB PCIe SSD Intel 10-Core i5-1334U (Beat i7-1250U), Computer for Student-Hom",,Amazon,,B0FW4MZ4WJ,0.0,0.0,4.1,17078.0,No featured offers available,Electronics,https://m.media-amazon.com/images/I/71sdSJz7GtL._AC_UY218_.jpg,https://www.amazon.com/Dell-Inspiron-Touchscreen-Student-Home-Accessory/dp/B0FW4MZ4WJ/ref=sr_1_121?dib=eyJ2IjoiMSJ9.N390kM3mSQQULAgf4WcpowvhEjiLIrx1YzFitLftapKMjDiYhVVhtRROdsIdA2w_Q3xAU9JzvAXOhcsH8tYM1OTQotbQ2AQ2p6S15Rsqgk8rBNVl-UlonmYBIOQyEk3p4fya25xRBGlQbzTWrd9DsmxUoYnDRSZoKyZooosGc4BAXvydfxa9aEPQx9_Oz96kudUmOAxc3x0xwCwXzgvH9xjqwBIFkUwK7s8-jrOHhgg.eiIykxdadW0FuTI1PnwPs7S2G4wBfu-4l8IESpFs61Q&dib_tag=se&keywords=laptop&qid=1769784257&sr=8-121,2026-01-30 22:44:19,2026-01-30 22:44:59,laptop
,"HP Chromebook 14 Laptop, Intel Celeron N4000 Processor, 4 GB RAM, 32 GB eMMC, 14” HD Display, Chrome, Lightweight Computer with Webcam and Dual Mics, ",,Amazon,,B08YKGZF7P,122.0,154.84,3.3,10140.0,200+ bought in past month,Electronics,https://m.media-amazon.com/images/I/81b6IIclRfS._AC_UY218_.jpg,https://www.amazon.com/HP-Chromebook-Processor-Lightweight-14a-na0021nr/dp/B08YKGZF7P/ref=sr_1_122?dib=eyJ2IjoiMSJ9.N390kM3mSQQULAgf4WcpowvhEjiLIrx1YzFitLftapKMjDiYhVVhtRROdsIdA2w_Q3xAU9JzvAXOhcsH8tYM1OTQotbQ2AQ2p6S15Rsqgk8rBNVl-UlonmYBIOQyEk3p4fya25xRBGlQbzTWrd9DsmxUoYnDRSZoKyZooosGc4BAXvydfxa9aEPQx9_Oz96kudUmOAxc3x0xwCwXzgvH9xjqwBIFkUwK7s8-jrOHhgg.eiIykxdadW0FuTI1PnwPs7S2G4wBfu-4l8IESpFs61Q&dib_tag=se&keywords=laptop&qid=1769784257&sr=8-122,2026-01-30 22:44:19,2026-01-30 22:44:59,laptop
,"Laptop Computer, 15.6"" FHD IPS Display, Laptop for Student and Business, 16GB RAM 256GB SSD Laptops, 6500Y Processor (up to 3.4GHz), WiFi 5",,Amazon,,B0FV98DFZR,0.0,0.0,4.2,27732.0,Amazon,Electronics,https://m.media-amazon.com/images/I/61Nlta-BGSL._AC_UY218_.jpg,https://www.amazon.com/sspa/click?ie=UTF8&spc=MTozOTk4Nzc2OTkyMTgzMzMxOjE3Njk3ODQyNTc6c3BfbXRmOjMwMTEyNDcyNDYwNzAwMjo6MDo6&url=%2FINHONLAP-Computer-Display-Business-Processor%2Fdp%2FB0FV98DFZR%2Fref%3Dsr_1_123_sspa%3Fdib%3DeyJ2IjoiMSJ9.N390kM3mSQQULAgf4WcpowvhEjiLIrx1YzFitLftapKMjDiYhVVhtRROdsIdA2w_Q3xAU9JzvAXOhcsH8tYM1OTQotbQ2AQ2p6S15Rsqgk8rBNVl-UlonmYBIOQyEk3p4fya25xRBGlQbzTWrd9DsmxUoYnDRSZoKyZooosGc4BAXvydfxa9aEPQx9_Oz96kudUmOAxc3x0xwCwXzgvH9xjqwBIFkUwK7s8-jrOHhgg.eiIykxdadW0FuTI1PnwPs7S2G4wBfu-4l8IESpFs61Q%26dib_tag%3Dse%26keywords%3Dlaptop%26qid%3D1769784257%26sr%3D8-123-spons%26sp_csd%3Dd2lkZ2V0TmFtZT1zcF9tdGY%26psc%3D1,2026-01-30 22:44:19,2026-01-30 22:44:59,laptop
,"15.6-inch, 16GB RAM, 512GB SSD, FHD IPS Display Laptop Computer, N5095 Quad Core, 2.4/5G WiFi, BT4.2 Backlit and Fingerprint, Lightweight and Portable",,Amazon,,B0DBZ5SL9T,187.0,238.7,4.7,21551.0,Amazon,Electronics,https://m.media-amazon.com/images/I/71JO6Sxfk1L._AC_UY218_.jpg,https://www.amazon.com/sspa/click?ie=UTF8&spc=MTozOTk4Nzc2OTkyMTgzMzMxOjE3Njk3ODQyNTc6c3BfbXRmOjMwMDQ5MDA0NDgxNTIwMjo6MDo6&url=%2FUOWAMOU-15-6-inch-Computer-Fingerprint-Lightweight%2Fdp%2FB0DBZ5SL9T%2Fref%3Dsr_1_124_sspa%3Fdib%3DeyJ2IjoiMSJ9.N390kM3mSQQULAgf4WcpowvhEjiLIrx1YzFitLftapKMjDiYhVVhtRROdsIdA2w_Q3xAU9JzvAXOhcsH8tYM1OTQotbQ2AQ2p6S15Rsqgk8rBNVl-UlonmYBIOQyEk3p4fya25xRBGlQbzTWrd9DsmxUoYnDRSZoKyZooosGc4BAXvydfxa9aEPQx9_Oz96kudUmOAxc3x0xwCwXzgvH9xjqwBIFkUwK7s8-jrOHhgg.eiIykxdadW0FuTI1PnwPs7S2G4wBfu-4l8IESpFs61Q%26dib_tag%3Dse%26keywords%3Dlaptop%26qid%3D1769784257%26sr%3D8-124-spons%26sp_csd%3Dd2lkZ2V0TmFtZT1zcF9tdGY%26psc%3D1,2026-01-30 22:44:19,2026-01-30 22:44:59,laptop
,"Lenovo ThinkBook 16 G7 Business Laptop 2025,16"" WUXGA Display, AMD Ryzen 5 7533HS (6-Core), 32GB DDR5 RAM, 1TB PCIe SSD, Wi-Fi 6, Bluetooth, RJ-45, We",,Amazon,,B0FWRP57BH,535.0,657.0,4.6,32446.0,Amazon,Electronics,https://m.media-amazon.com/images/I/61F0ZeXJUSL._AC_UY218_.jpg,https://www.amazon.com/Lenovo-ThinkBook-16-G7-Fingerprint/dp/B0FWRP57BH/ref=sr_1_125?dib=eyJ2IjoiMSJ9.N390kM3mSQQULAgf4WcpowvhEjiLIrx1YzFitLftapKMjDiYhVVhtRROdsIdA2w_Q3xAU9JzvAXOhcsH8tYM1OTQotbQ2AQ2p6S15Rsqgk8rBNVl-UlonmYBIOQyEk3p4fya25xRBGlQbzTWrd9DsmxUoYnDRSZoKyZooosGc4BAXvydfxa9aEPQx9_Oz96kudUmOAxc3x0xwCwXzgvH9xjqwBIFkUwK7s8-jrOHhgg.eiIykxdadW0FuTI1PnwPs7S2G4wBfu-4l8IESpFs61Q&dib_tag=se&keywords=laptop&qid=1769784257&sr=8-125,2026-01-30 22:44:19,2026-01-30 22:44:59,laptop
,"Microsoft Surface Laptop Go 3 (2023) - 12.4"" Touchscreen, Thin & Lightweight, Intel Core i5, 8GB RAM, 256GB SSD SSD, with Windows 11, Platinum Color M",,Amazon,,B0CDKDS8KL,0.0,0.0,3.8,4423.0,No featured offers available,Electronics,https://m.media-amazon.com/images/I/61GqSlHr41L._AC_UY218_.jpg,https://www.amazon.com/Microsoft-Surface-Laptop-Touchscreen-Lightweight/dp/B0CDKDS8KL/ref=sr_1_126?dib=eyJ2IjoiMSJ9.N390kM3mSQQULAgf4WcpowvhEjiLIrx1YzFitLftapKMjDiYhVVhtRROdsIdA2w_Q3xAU9JzvAXOhcsH8tYM1OTQotbQ2AQ2p6S15Rsqgk8rBNVl-UlonmYBIOQyEk3p4fya25xRBGlQbzTWrd9DsmxUoYnDRSZoKyZooosGc4BAXvydfxa9aEPQx9_Oz96kudUmOAxc3x0xwCwXzgvH9xjqwBIFkUwK7s8-jrOHhgg.eiIykxdadW0FuTI1PnwPs7S2G4wBfu-4l8IESpFs61Q&dib_tag=se&keywords=laptop&qid=1769784257&sr=8-126,2026-01-30 22:44:19,2026-01-30 22:44:59,laptop
,"ASUS Vivobook 16 Laptop, 16"" WUXGA 60Hz Display, Intel Core i5-13420H, Iris Xᵉ Graphics, 16GB Memory, 512GB Storage, Windows 11, Cool Silver, F1605VA-",,Amazon,,B0DT7QHR3F,0.0,0.0,4.4,10591.0,300+ bought in past month,Electronics,https://m.media-amazon.com/images/I/71H08DfcnPL._AC_UY218_.jpg,https://www.amazon.com/ASUS-Vivobook-i5-13420H-Graphics-F1605VA-ES56/dp/B0DT7QHR3F/ref=sr_1_127?dib=eyJ2IjoiMSJ9.N390kM3mSQQULAgf4WcpowvhEjiLIrx1YzFitLftapKMjDiYhVVhtRROdsIdA2w_Q3xAU9JzvAXOhcsH8tYM1OTQotbQ2AQ2p6S15Rsqgk8rBNVl-UlonmYBIOQyEk3p4fya25xRBGlQbzTWrd9DsmxUoYnDRSZoKyZooosGc4BAXvydfxa9aEPQx9_Oz96kudUmOAxc3x0xwCwXzgvH9xjqwBIFkUwK7s8-jrOHhgg.eiIykxdadW0FuTI1PnwPs7S2G4wBfu-4l8IESpFs61Q&dib_tag=se&keywords=laptop&qid=1769784257&sr=8-127,2026-01-30 22:44:19,2026-01-30 22:44:59,laptop
,"Laptop Computer, Pentium Gold 6500Y (Up to 3.4GHz), 8GB RAM 256GB SSD, 14-inch IPS FHD Display, Type-C, HDMI, USB3.2, BT5.2, WiFi 5, Long Battery Life",,Amazon,,B0G58SWJGD,151.0,189.54,4.7,28141.0,List:,Electronics,https://m.media-amazon.com/images/I/61kQCsp-PCL._AC_UY218_.jpg,https://www.amazon.com/sspa/click?ie=UTF8&spc=MTozMTQzODI1OTgzNDE0MTEyOjE3Njk3ODQyNjA6c3BfYXRmX25leHQ6MzAxMTM3MDA1ODQ5NjAyOjowOjo&url=%2FBLUEING-Computer-Pentium-14-inch-Portable%2Fdp%2FB0G58SWJGD%2Fref%3Dsr_1_129_sspa%3Fdib%3DeyJ2IjoiMSJ9.pv1VTQlVKErf5AWjmvf2_lsn4GUbDVqIsoY4PL2JraTBUnN3q5Hl1qgViJHE8-tPBBFhlTUaQknAgIcxyA7JbfE8bp-6vJZWqdb8OunCIpXzvkH_AUmR7AfakhDrRKXUHcHkDUaj8oOlzsxKqGXxqOdsIqtgiMgnKfqD4O9Pt4QQeR1y3dYNpskxdEJJ0sF72eYk3iPtCF0soD0PTNCTYMWzsT0sOvtr75HbOORC1RQ.gUVZt9JWKFYVlAxqymxU9JKS5rguVWV6DqSSW5ri7EY%26dib_tag%3Dse%26keywords%3Dlaptop%26qid%3D1769784260%26sr%3D8-129-spons%26sp_csd%3Dd2lkZ2V0TmFtZT1zcF9hdGZfbmV4dA%26psc%3D1,2026-01-30 22:44:22,2026-01-30 22:44:59,laptop
,"14"" FHD Laptop Computers, Laptop with Gold 6500Y (Up to 3.4GHz), 16GB RAM, 512GB SSD, Type-C, HDMI, USB 3.2, WiFi, Bluetooth, Long Battery Life, Thin ",,Amazon,,B0G3QLYN52,179.0,210.48,4.0,32655.0,50+ bought in past month,Electronics,https://m.media-amazon.com/images/I/611sCsW+n9L._AC_UY218_.jpg,https://www.amazon.com/sspa/click?ie=UTF8&spc=MTozMTQzODI1OTgzNDE0MTEyOjE3Njk3ODQyNjA6c3BfYXRmX25leHQ6MzAxMTA5OTY4NjEzMDAyOjowOjo&url=%2FSHBIV-Computers-Bluetooth-Portable-Business%2Fdp%2FB0G3QLYN52%2Fref%3Dsr_1_130_sspa%3Fdib%3DeyJ2IjoiMSJ9.pv1VTQlVKErf5AWjmvf2_lsn4GUbDVqIsoY4PL2JraTBUnN3q5Hl1qgViJHE8-tPBBFhlTUaQknAgIcxyA7JbfE8bp-6vJZWqdb8OunCIpXzvkH_AUmR7AfakhDrRKXUHcHkDUaj8oOlzsxKqGXxqOdsIqtgiMgnKfqD4O9Pt4QQeR1y3dYNpskxdEJJ0sF72eYk3iPtCF0soD0PTNCTYMWzsT0sOvtr75HbOORC1RQ.gUVZt9JWKFYVlAxqymxU9JKS5rguVWV6DqSSW5ri7EY%26dib_tag%3Dse%26keywords%3Dlaptop%26qid%3D1769784260%26sr%3D8-130-spons%26sp_csd%3Dd2lkZ2V0TmFtZT1zcF9hdGZfbmV4dA%26psc%3D1,2026-01-30 22:44:22,2026-01-30 22:44:59,laptop
,"HP 17 Laptop, 17.3” HD+ Display, 11th Gen Intel Core i3-1125G4 Processor, 32GB RAM, 1TB SSD, Wi-Fi, HDMI, Webcam, Windows 11 Home, Silver",,Amazon,,B0C3RNRB8W,0.0,0.0,4.7,19386.0,50+ bought in past month,Electronics,https://m.media-amazon.com/images/I/71kKQIGhFYL._AC_UY218_.jpg,https://www.amazon.com/HP-Display-i3-1125G4-Processor-Windows/dp/B0C3RNRB8W/ref=sr_1_131?dib=eyJ2IjoiMSJ9.pv1VTQlVKErf5AWjmvf2_lsn4GUbDVqIsoY4PL2JraTBUnN3q5Hl1qgViJHE8-tPBBFhlTUaQknAgIcxyA7JbfE8bp-6vJZWqdb8OunCIpXzvkH_AUmR7AfakhDrRKXUHcHkDUaj8oOlzsxKqGXxqOdsIqtgiMgnKfqD4O9Pt4QQeR1y3dYNpskxdEJJ0sF72eYk3iPtCF0soD0PTNCTYMWzsT0sOvtr75HbOORC1RQ.gUVZt9JWKFYVlAxqymxU9JKS5rguVWV6DqSSW5ri7EY&dib_tag=se&keywords=laptop&qid=1769784260&sr=8-131,2026-01-30 22:44:22,2026-01-30 22:44:59,laptop
,"HP 14 inch Laptop, FHD Display, 13th Generation Intel Core i7-1355U, 16 GB RAM, 512 GB SSD, Intel Iris Xe Graphics, Windows 11 Home, 14-ep0199nr (2024",,Amazon,,B0CVM9WLCW,471.0,555.58,4.7,13677.0,More Buying Choices,Electronics,https://m.media-amazon.com/images/I/71tAFyfhMvL._AC_UY218_.jpg,https://www.amazon.com/HP-Generation-i7-1355U-Graphics-14-ep0199nr/dp/B0CVM9WLCW/ref=sr_1_132?dib=eyJ2IjoiMSJ9.pv1VTQlVKErf5AWjmvf2_lsn4GUbDVqIsoY4PL2JraTBUnN3q5Hl1qgViJHE8-tPBBFhlTUaQknAgIcxyA7JbfE8bp-6vJZWqdb8OunCIpXzvkH_AUmR7AfakhDrRKXUHcHkDUaj8oOlzsxKqGXxqOdsIqtgiMgnKfqD4O9Pt4QQeR1y3dYNpskxdEJJ0sF72eYk3iPtCF0soD0PTNCTYMWzsT0sOvtr75HbOORC1RQ.gUVZt9JWKFYVlAxqymxU9JKS5rguVWV6DqSSW5ri7EY&dib_tag=se&keywords=laptop&qid=1769784260&sr=8-132,2026-01-30 22:44:22,2026-01-30 22:44:59,laptop
,"msi Thin 15 15.6” 144Hz FHD Gaming Laptop: Intel Core i7-13620H, NVIDIA Geforce RTX 4050, 16GB DDR4, 512GB NVMe SSD, WiFi 6E, Win 11: Black B13VE-2678",,Amazon,,B0DJB25PF7,0.0,0.0,4.2,35007.0,100+ bought in past month,Electronics,https://m.media-amazon.com/images/I/71MfZpnDWRL._AC_UY218_.jpg,https://www.amazon.com/MSI-Thin-144Hz-Gaming-Laptop/dp/B0DJB25PF7/ref=sr_1_133?dib=eyJ2IjoiMSJ9.pv1VTQlVKErf5AWjmvf2_lsn4GUbDVqIsoY4PL2JraTBUnN3q5Hl1qgViJHE8-tPBBFhlTUaQknAgIcxyA7JbfE8bp-6vJZWqdb8OunCIpXzvkH_AUmR7AfakhDrRKXUHcHkDUaj8oOlzsxKqGXxqOdsIqtgiMgnKfqD4O9Pt4QQeR1y3dYNpskxdEJJ0sF72eYk3iPtCF0soD0PTNCTYMWzsT0sOvtr75HbOORC1RQ.gUVZt9JWKFYVlAxqymxU9JKS5rguVWV6DqSSW5ri7EY&dib_tag=se&keywords=laptop&qid=1769784260&sr=8-133,2026-01-30 22:44:22,2026-01-30 22:44:59,laptop
,"ASUS Vivobook Go 15.6” Slim Laptop, AMD Ryzen 5 7520U, 8GB, 512GB, Windows 11 Home, Cool Silver, Military Grade Durability, Fast Charging, Webcam Shie",,Amazon,,B0CWJB9ZC6,312.0,348.24,3.3,1540.0,200+ bought in past month,Electronics,https://m.media-amazon.com/images/I/71Os2Kn40pL._AC_UY218_.jpg,https://www.amazon.com/ASUS-Vivobook-Laptop-Windows-E1504FA-AS54/dp/B0CWJB9ZC6/ref=sr_1_134?dib=eyJ2IjoiMSJ9.pv1VTQlVKErf5AWjmvf2_lsn4GUbDVqIsoY4PL2JraTBUnN3q5Hl1qgViJHE8-tPBBFhlTUaQknAgIcxyA7JbfE8bp-6vJZWqdb8OunCIpXzvkH_AUmR7AfakhDrRKXUHcHkDUaj8oOlzsxKqGXxqOdsIqtgiMgnKfqD4O9Pt4QQeR1y3dYNpskxdEJJ0sF72eYk3iPtCF0soD0PTNCTYMWzsT0sOvtr75HbOORC1RQ.gUVZt9JWKFYVlAxqymxU9JKS5rguVWV6DqSSW5ri7EY&dib_tag=se&keywords=laptop&qid=1769784260&sr=8-134,2026-01-30 22:44:22,2026-01-30 22:44:59,laptop
,"Dell 16 Laptop DC16251-16.0-inch 16:10 FHD+ Display, Intel Core 7 150U, 16GB DDR5 RAM, 1TB SSD, Intel Graphics, Windows 11 Home, Onsite Service - Plat",,Amazon,,B0FR8FSWSM,0.0,0.0,3.6,10719.0,500+ bought in past month,Electronics,https://m.media-amazon.com/images/I/713D-2c8SpL._AC_UY218_.jpg,https://www.amazon.com/Dell-16-Laptop-DC16251-16-0-inch-Graphics/dp/B0FR8FSWSM/ref=sr_1_135?dib=eyJ2IjoiMSJ9.pv1VTQlVKErf5AWjmvf2_lsn4GUbDVqIsoY4PL2JraTBUnN3q5Hl1qgViJHE8-tPBBFhlTUaQknAgIcxyA7JbfE8bp-6vJZWqdb8OunCIpXzvkH_AUmR7AfakhDrRKXUHcHkDUaj8oOlzsxKqGXxqOdsIqtgiMgnKfqD4O9Pt4QQeR1y3dYNpskxdEJJ0sF72eYk3iPtCF0soD0PTNCTYMWzsT0sOvtr75HbOORC1RQ.gUVZt9JWKFYVlAxqymxU9JKS5rguVWV6DqSSW5ri7EY&dib_tag=se&keywords=laptop&qid=1769784260&sr=8-135,2026-01-30 22:44:22,2026-01-30 22:44:59,laptop
,"HP 17-CN500 2025 Business Laptop 17.3"" FHD IPS 12-Core Intel Ultra 7 255U 16GB DDR5 1TB SSD Intel Graphics Wi-Fi 6 Backlit Keyboard Win11 Pro w/ONT 32",,Amazon,,B0FLDPQHGN,0.0,0.0,3.9,16527.0,No featured offers available,Electronics,https://m.media-amazon.com/images/I/61LdecwlWYL._AC_UY218_.jpg,https://www.amazon.com/HP-17-CN500-Business-Graphics-Keyboard/dp/B0FLDPQHGN/ref=sr_1_136?dib=eyJ2IjoiMSJ9.pv1VTQlVKErf5AWjmvf2_lsn4GUbDVqIsoY4PL2JraTBUnN3q5Hl1qgViJHE8-tPBBFhlTUaQknAgIcxyA7JbfE8bp-6vJZWqdb8OunCIpXzvkH_AUmR7AfakhDrRKXUHcHkDUaj8oOlzsxKqGXxqOdsIqtgiMgnKfqD4O9Pt4QQeR1y3dYNpskxdEJJ0sF72eYk3iPtCF0soD0PTNCTYMWzsT0sOvtr75HbOORC1RQ.gUVZt9JWKFYVlAxqymxU9JKS5rguVWV6DqSSW5ri7EY&dib_tag=se&keywords=laptop&qid=1769784260&sr=8-136,2026-01-30 22:44:22,2026-01-30 22:44:59,laptop
,"ASUS Vivobook 18 Laptop, 18” WUXGA 144Hz Display, AMD Ryzen 7 260 with XDNA NPU, AMD Radeon Graphics, 32GB RAM, 1TB SSD, Quiet Blue, M1807HA-DB79",,Amazon,,B0FFQG56LC,0.0,0.0,3.8,26284.0,No featured offers available,Electronics,https://m.media-amazon.com/images/I/61qbdWp0AgL._AC_UY218_.jpg,https://www.amazon.com/ASUS-Vivobook-Display-Graphics-M1807HA-DB79/dp/B0FFQG56LC/ref=sr_1_137?dib=eyJ2IjoiMSJ9.pv1VTQlVKErf5AWjmvf2_lsn4GUbDVqIsoY4PL2JraTBUnN3q5Hl1qgViJHE8-tPBBFhlTUaQknAgIcxyA7JbfE8bp-6vJZWqdb8OunCIpXzvkH_AUmR7AfakhDrRKXUHcHkDUaj8oOlzsxKqGXxqOdsIqtgiMgnKfqD4O9Pt4QQeR1y3dYNpskxdEJJ0sF72eYk3iPtCF0soD0PTNCTYMWzsT0sOvtr75HbOORC1RQ.gUVZt9JWKFYVlAxqymxU9JKS5rguVWV6DqSSW5ri7EY&dib_tag=se&keywords=laptop&qid=1769784260&sr=8-137,2026-01-30 22:44:22,2026-01-30 22:44:59,laptop
,"Lenovo IdeaPad 1 Everyday Laptop, 14"" HD Display, 8GB RAM, 384GB Storage(128GB eMMC + 256GB PCIe), 1 Yr Office 365 Included, Intel Core Processor, Win",,Amazon,,B0F2HG7Z1G,0.0,0.0,4.0,2419.0,100+ bought in past month,Electronics,https://m.media-amazon.com/images/I/71PMGePvChL._AC_UY218_.jpg,https://www.amazon.com/Lenovo-IdeaPad-Everyday-Processor-Thunderobot/dp/B0F2HG7Z1G/ref=sr_1_138?dib=eyJ2IjoiMSJ9.pv1VTQlVKErf5AWjmvf2_lsn4GUbDVqIsoY4PL2JraTBUnN3q5Hl1qgViJHE8-tPBBFhlTUaQknAgIcxyA7JbfE8bp-6vJZWqdb8OunCIpXzvkH_AUmR7AfakhDrRKXUHcHkDUaj8oOlzsxKqGXxqOdsIqtgiMgnKfqD4O9Pt4QQeR1y3dYNpskxdEJJ0sF72eYk3iPtCF0soD0PTNCTYMWzsT0sOvtr75HbOORC1RQ.gUVZt9JWKFYVlAxqymxU9JKS5rguVWV6DqSSW5ri7EY&dib_tag=se&keywords=laptop&qid=1769784260&sr=8-138,2026-01-30 22:44:22,2026-01-30 22:44:59,laptop
,"GEEKOM GeekBook X14 Pro Laptop, 2.2lbs Ultra Thin 14"" 2.8K OLED Laptop Computer, Ultra 9 185H, 32GB LPDDR5x 7500MHz RAM 2TB SSD, Up to 16 Hour, 2X USB",,Amazon,,B0FZ9THFGK,907.0,1173.38,4.3,25035.0,List Price:,Electronics,https://m.media-amazon.com/images/I/7127awbpXBL._AC_UY218_.jpg,https://www.amazon.com/sspa/click?ie=UTF8&spc=MTozMTQzODI1OTgzNDE0MTEyOjE3Njk3ODQyNjA6c3BfbXRmOjMwMTE0NzgwMjE5NzgwMjo6MDo6&url=%2FGEEKOM-GeekBook-Computer-LPDDR5x-Fingerprint%2Fdp%2FB0FZ9THFGK%2Fref%3Dsr_1_139_sspa%3Fdib%3DeyJ2IjoiMSJ9.pv1VTQlVKErf5AWjmvf2_lsn4GUbDVqIsoY4PL2JraTBUnN3q5Hl1qgViJHE8-tPBBFhlTUaQknAgIcxyA7JbfE8bp-6vJZWqdb8OunCIpXzvkH_AUmR7AfakhDrRKXUHcHkDUaj8oOlzsxKqGXxqOdsIqtgiMgnKfqD4O9Pt4QQeR1y3dYNpskxdEJJ0sF72eYk3iPtCF0soD0PTNCTYMWzsT0sOvtr75HbOORC1RQ.gUVZt9JWKFYVlAxqymxU9JKS5rguVWV6DqSSW5ri7EY%26dib_tag%3Dse%26keywords%3Dlaptop%26qid%3D1769784260%26sr%3D8-139-spons%26sp_csd%3Dd2lkZ2V0TmFtZT1zcF9tdGY%26psc%3D1,2026-01-30 22:44:22,2026-01-30 22:44:59,laptop
,"15.6 Inch Laptop 16GB RAM 512GB SSD, Gold Pentium Processor (Up to 3.4GHz), Expandable to 1TB, IPS FHD Display, 38WH, USB3.2, Type-C, HDMI, WiFi 5, Wi",,Amazon,,B0FXM493GN,188.0,208.34,4.7,19028.0,List:,Electronics,https://m.media-amazon.com/images/I/71cWFXKUIPL._AC_UY218_.jpg,https://www.amazon.com/sspa/click?ie=UTF8&spc=MTozMTQzODI1OTgzNDE0MTEyOjE3Njk3ODQyNjA6c3BfbXRmOjMwMTEzMjI5MjcxMTQwMjo6MDo6&url=%2FMAXVELTH-Pentium-Processor-Expandable-Notebook%2Fdp%2FB0FXM493GN%2Fref%3Dsr_1_140_sspa%3Fdib%3DeyJ2IjoiMSJ9.pv1VTQlVKErf5AWjmvf2_lsn4GUbDVqIsoY4PL2JraTBUnN3q5Hl1qgViJHE8-tPBBFhlTUaQknAgIcxyA7JbfE8bp-6vJZWqdb8OunCIpXzvkH_AUmR7AfakhDrRKXUHcHkDUaj8oOlzsxKqGXxqOdsIqtgiMgnKfqD4O9Pt4QQeR1y3dYNpskxdEJJ0sF72eYk3iPtCF0soD0PTNCTYMWzsT0sOvtr75HbOORC1RQ.gUVZt9JWKFYVlAxqymxU9JKS5rguVWV6DqSSW5ri7EY%26dib_tag%3Dse%26keywords%3Dlaptop%26qid%3D1769784260%26sr%3D8-140-spons%26sp_csd%3Dd2lkZ2V0TmFtZT1zcF9tdGY%26psc%3D1,2026-01-30 22:44:22,2026-01-30 22:44:59,laptop
,"Dell Inspiron 3530 Laptop - 15.6-inch FHD (1920x1080) Display, Intel Core i3-1305U Processor, 8GB DDR4 RAM, 512GB SSD, Intel UHD Graphics, Windows 11 ",,Amazon,,B0FGQRCZL3,0.0,0.0,4.9,25644.0,100+ bought in past month,Electronics,https://m.media-amazon.com/images/I/71iIEPk5qOL._AC_UY218_.jpg,https://www.amazon.com/Dell-Inspiron-3530-Laptop-15-6-inch/dp/B0FGQRCZL3/ref=sr_1_141?dib=eyJ2IjoiMSJ9.pv1VTQlVKErf5AWjmvf2_lsn4GUbDVqIsoY4PL2JraTBUnN3q5Hl1qgViJHE8-tPBBFhlTUaQknAgIcxyA7JbfE8bp-6vJZWqdb8OunCIpXzvkH_AUmR7AfakhDrRKXUHcHkDUaj8oOlzsxKqGXxqOdsIqtgiMgnKfqD4O9Pt4QQeR1y3dYNpskxdEJJ0sF72eYk3iPtCF0soD0PTNCTYMWzsT0sOvtr75HbOORC1RQ.gUVZt9JWKFYVlAxqymxU9JKS5rguVWV6DqSSW5ri7EY&dib_tag=se&keywords=laptop&qid=1769784260&sr=8-141,2026-01-30 22:44:22,2026-01-30 22:44:59,laptop
,"Lenovo ThinkPad E14 Gen 6 14"" FHD+ Display, Intel Ultra 5-125U, 16GB DDR5 RAM, 512GB SSD PCIe, Backlit Keyboard, WiFi 6E + BT, RJ-45, FHD Webcam, Wind",,Amazon,,B0FW74PB1T,544.0,688.59,4.0,37715.0,50+ bought in past month,Electronics,https://m.media-amazon.com/images/I/71e4PIpif0L._AC_UY218_.jpg,https://www.amazon.com/Lenovo-ThinkPad-E14-Keyboard-Business/dp/B0FW74PB1T/ref=sr_1_142?dib=eyJ2IjoiMSJ9.pv1VTQlVKErf5AWjmvf2_lsn4GUbDVqIsoY4PL2JraTBUnN3q5Hl1qgViJHE8-tPBBFhlTUaQknAgIcxyA7JbfE8bp-6vJZWqdb8OunCIpXzvkH_AUmR7AfakhDrRKXUHcHkDUaj8oOlzsxKqGXxqOdsIqtgiMgnKfqD4O9Pt4QQeR1y3dYNpskxdEJJ0sF72eYk3iPtCF0soD0PTNCTYMWzsT0sOvtr75HbOORC1RQ.gUVZt9JWKFYVlAxqymxU9JKS5rguVWV6DqSSW5ri7EY&dib_tag=se&keywords=laptop&qid=1769784260&sr=8-142,2026-01-30 22:44:22,2026-01-30 22:44:59,laptop
,"ASUS ROG Strix G16 (2025) Gaming Laptop, 16” FHD+ 16:10 165Hz/3ms, NVIDIA® GeForce RTX™ 5050, Intel® Core™ i5-13450HX, 16GB DDR5-5600, 1TB PCIe Gen 4 ",,Amazon,,B0FFJ16XQ9,966.0,1136.4,3.2,10796.0,50+ bought in past month,Electronics,https://m.media-amazon.com/images/I/61LlFyN+B3L._AC_UY218_.jpg,https://www.amazon.com/ASUS-ROG-Strix-Gaming-Laptop/dp/B0FFJ16XQ9/ref=sr_1_143?dib=eyJ2IjoiMSJ9.pv1VTQlVKErf5AWjmvf2_lsn4GUbDVqIsoY4PL2JraTBUnN3q5Hl1qgViJHE8-tPBBFhlTUaQknAgIcxyA7JbfE8bp-6vJZWqdb8OunCIpXzvkH_AUmR7AfakhDrRKXUHcHkDUaj8oOlzsxKqGXxqOdsIqtgiMgnKfqD4O9Pt4QQeR1y3dYNpskxdEJJ0sF72eYk3iPtCF0soD0PTNCTYMWzsT0sOvtr75HbOORC1RQ.gUVZt9JWKFYVlAxqymxU9JKS5rguVWV6DqSSW5ri7EY&dib_tag=se&keywords=laptop&qid=1769784260&sr=8-143,2026-01-30 22:44:22,2026-01-30 22:44:59,laptop
,Apple laptop Model 1,,Amazon,,AMZ_SAMPLE_10_0,406.28,1851.85,3.6,19692.0,Apple Store,Electronics,https://via.placeholder.com/150?text=Apple,https://www.amazon.com/dp/SAMPLE100,2026-01-30 22:44:30,2026-01-30 22:44:59,laptop
,Lenovo laptop Model 2,,Amazon,,AMZ_SAMPLE_10_1,1625.25,1556.7,4.2,35690.0,Lenovo Store,Electronics,https://via.placeholder.com/150?text=Lenovo,https://www.amazon.com/dp/SAMPLE101,2026-01-30 22:44:30,2026-01-30 22:44:59,laptop
,Apple laptop Model 3,,Amazon,,AMZ_SAMPLE_10_2,1180.82,1154.94,3.9,24452.0,Apple Store,Electronics,https://via.placeholder.com/150?text=Apple,https://www.amazon.com/dp/SAMPLE102,2026-01-30 22:44:30,2026-01-30 22:44:59,laptop
,Apple laptop Model 4,,Amazon,,AMZ_SAMPLE_10_3,1848.48,1361.17,4.5,32082.0,Apple Store,Electronics,https://via.placeholder.com/150?text=Apple,https://www.amazon.com/dp/SAMPLE103,2026-01-30 22:44:30,2026-01-30 22:44:59,laptop
,Apple laptop Model 5,,Amazon,,AMZ_SAMPLE_10_4,601.29,985.67,3.7,18914.0,Apple Store,Electronics,https://via.placeholder.com/150?text=Apple,https://www.amazon.com/dp/SAMPLE104,2026-01-30 22:44:30,2026-01-30 22:44:59,laptop
,Dell laptop Model 1,,Amazon,,AMZ_SAMPLE_11_0,1734.85,233.85,4.4,5027.0,Dell Store,Electronics,https://via.placeholder.com/150?text=Dell,https://www.amazon.com/dp/SAMPLE110,2026-01-30 22:44:40,2026-01-30 22:44:59,laptop
,Lenovo laptop Model 2,,Amazon,,AMZ_SAMPLE_11_1,275.1,256.44,3.7,7624.0,Lenovo Store,Electronics,https://via.placeholder.com/150?text=Lenovo,https://www.amazon.com/dp/SAMPLE111,2026-01-30 22:44:40,2026-01-30 22:44:59,laptop
,HP laptop Model 3,,Amazon,,AMZ_SAMPLE_11_2,1686.94,1227.4,4.7,4219.0,HP Store,Electronics,https://via.placeholder.com/150?text=HP,https://www.amazon.com/dp/SAMPLE112,2026-01-30 22:44:40,2026-01-30 22:44:59,laptop
,Apple laptop Model 4,,Amazon,,AMZ_SAMPLE_11_3,567.64,1063.66,3.6,48412.0,Apple Store,Electronics,https://via.placeholder.com/150?text=Apple,https://www.amazon.com/dp/SAMPLE113,2026-01-30 22:44:40,2026-01-30 22:44:59,laptop
,Samsung laptop Model 5,,Amazon,,AMZ_SAMPLE_11_4,1274.58,2068.84,3.9,15690.0,Samsung Store,Electronics,https://via.placeholder.com/150?text=Samsung,https://www.amazon.com/dp/SAMPLE114,2026-01-30 22:44:40,2026-01-30 22:44:59,laptop
,HP laptop Model 1,,Amazon,,AMZ_SAMPLE_12_0,537.3,1285.12,4.7,22553.0,HP Store,Electronics,https://via.placeholder.com/150?text=HP,https://www.amazon.com/dp/SAMPLE120,2026-01-30 22:44:51,2026-01-30 22:44:59,laptop
,Apple laptop Model 2,,Amazon,,AMZ_SAMPLE_12_1,237.2,294.22,3.8,38256.0,Apple Store,Electronics,https://via.placeholder.com/150?text=Apple,https://www.amazon.com/dp/SAMPLE121,2026-01-30 22:44:51,2026-01-30 22:44:59,laptop
,Apple laptop Model 3,,Amazon,,AMZ_SAMPLE_12_2,1268.25,1010.62,4.0,8010.0,Apple Store,Electronics,https://via.placeholder.com/150?text=Apple,https://www.amazon.com/dp/SAMPLE122,2026-01-30 22:44:51,2026-01-30 22:44:59,laptop
,Apple laptop Model 4,,Amazon,,AMZ_SAMPLE_12_3,1159.51,609.31,4.0,37047.0,Apple Store,Electronics,https://via.placeholder.com/150?text=Apple,https://www.amazon.com/dp/SAMPLE123,2026-01-30 22:44:51,2026-01-30 22:44:59,laptop
,HP laptop Model 5,,Amazon,,AMZ_SAMPLE_12_4,767.53,832.77,4.1,4356.0,HP Store,Electronics,https://via.placeholder.com/150?text=HP,https://www.amazon.com/dp/SAMPLE124,2026-01-30 22:44:51,2026-01-30 22:44:59,laptop
,Lenovo laptop Model 1,,Amazon,,AMZ_SAMPLE_13_0,939.55,479.84,4.3,46846.0,Lenovo Store,Electronics,https://via.placeholder.com/150?text=Lenovo,https://www.amazon.com/dp/SAMPLE130,2026-01-30 22:44:59,2026-01-30 22:44:59,laptop
,Lenovo laptop Model 2,,Amazon,,AMZ_SAMPLE_13_1,1240.7,980.41,4.6,28586.0,Lenovo Store,Electronics,https://via.placeholder.com/150?text=Lenovo,https://www.amazon.com/dp/SAMPLE131,2026-01-30 22:44:59,2026-01-30 22:44:59,laptop
,Dell laptop Model 3,,Amazon,,AMZ_SAMPLE_13_2,1120.44,992.18,4.0,1549.0,Dell Store,Electronics,https://via.placeholder.com/150?text=Dell,https://www.amazon.com/dp/SAMPLE132,2026-01-30 22:44:59,2026-01-30 22:44:59,laptop
,Dell laptop Model 4,,Amazon,,AMZ_SAMPLE_13_3,333.84,1859.24,3.9,6682.0,Dell Store,Electronics,https://via.placeholder.com/150?text=Dell,https://www.amazon.com/dp/SAMPLE133,2026-01-30 22:44:59,2026-01-30 22:44:59,laptop
,Samsung laptop Model 5,,Amazon,,AMZ_SAMPLE_13_4,245.38,440.84,4.8,2225.0,Samsung Store,Electronics,https://via.placeholder.com/150?text=Samsung,https://www.amazon.com/dp/SAMPLE134,2026-01-30 22:44:59,2026-01-30 22:44:59,laptop
