id,platform,product_id,name,current_price,original_price,rating,review_count,store_name,category,details,image_url,crawled_at,last_updated
1,Amazon,AMZ_NOTEBOOK_0001,Canon Action Camera Camera Notebook Model 1,2014.00,2071.00,4.40,3854,,Cameras & Photography,"""{\""megapixels\"": \""40\"", \""sensor\"": \""CMOS\"", \""video\"": \""4K\""}""",https://images.amazon.com/notebook_1.jpg,2026-01-29 16:57:38,2026-01-30 17:56:38
2,Amazon,AMZ_NOTEBOOK_0002,Sony Bridge Camera Notebook Model 2,1206.00,1479.00,3.60,48300,,Cameras & Photography,"""{\""megapixels\"": \""16\"", \""sensor\"": \""CMOS\"", \""video\"": \""4K\""}""",https://images.amazon.com/notebook_2.jpg,2026-01-29 16:57:38,2026-01-30 17:56:38
3,Amazon,AMZ_NOTEBOOK_0003,Nikon Bridge Camera Notebook Model 3,1928.00,2156.00,3.60,45031,,Cameras & Photography,"""{\""megapixels\"": \""37\"", \""sensor\"": \""CMOS\"", \""video\"": \""4K\""}""",https://images.amazon.com/notebook_3.jpg,2026-01-29 16:57:38,2026-01-30 17:56:38
4,Amazon,AMZ_NOTEBOOK_0004,Fujifilm Mirrorless Camera Notebook Model 4,2689.00,2977.00,3.90,43587,,Cameras & Photography,"""{\""megapixels\"": \""18\"", \""sensor\"": \""CMOS\"", \""video\"": \""4K\""}""",https://images.amazon.com/notebook_4.jpg,2026-01-29 16:57:38,2026-01-30 17:56:38
5,Amazon,AMZ_NOTEBOOK_0005,Fujifilm Bridge Camera Notebook Model 5,1909.00,2174.00,4.50,38313,,Cameras & Photography,"""{\""megapixels\"": \""37\"", \""sensor\"": \""CMOS\"", \""video\"": \""4K\""}""",https://images.amazon.com/notebook_5.jpg,2026-01-29 16:57:38,2026-01-30 17:56:38
6,Amazon,AMZ_NOTEBOOK_0006,Nikon Bridge Camera Notebook Model 6,1638.00,1900.00,3.70,21341,,Cameras & Photography,"""{\""megapixels\"": \""49\"", \""sensor\"": \""CMOS\"", \""video\"": \""4K\""}""",https://images.amazon.com/notebook_6.jpg,2026-01-29 16:57:38,2026-01-30 17:56:38
7,Amazon,AMZ_NOTEBOOK_0007,Fujifilm Action Camera Camera Notebook Model 7,2243.00,2416.00,3.60,1284,,Cameras & Photography,"""{\""megapixels\"": \""34\"", \""sensor\"": \""CMOS\"", \""video\"": \""4K\""}""",https://images.amazon.com/notebook_7.jpg,2026-01-29 16:57:38,2026-01-30 17:56:38
8,Amazon,AMZ_NOTEBOOK_0008,Nikon Bridge Camera Notebook Model 8,2788.00,2839.00,4.70,37327,,Cameras & Photography,"""{\""megapixels\"": \""24\"", \""sensor\"": \""CMOS\"", \""video\"": \""4K\""}""",https://images.amazon.com/notebook_8.jpg,2026-01-29 16:57:38,2026-01-30 17:56:38
9,Amazon,AMZ_NOTEBOOK_0009,Panasonic Bridge Camera Notebook Model 9,2845.00,2987.00,4.30,27804,,Cameras & Photography,"""{\""megapixels\"": \""48\"", \""sensor\"": \""CMOS\"", \""video\"": \""4K\""}""",https://images.amazon.com/notebook_9.jpg,2026-01-29 16:57:38,2026-01-30 17:56:38
10,Amazon,AMZ_NOTEBOOK_0010,Sony DSLR Camera Notebook Model 10,2840.00,3111.00,3.60,24819,,Cameras & Photography,"""{\""megapixels\"": \""30\"", \""sensor\"": \""CMOS\"", \""video\"": \""4K\""}""",https://images.amazon.com/notebook_10.jpg,2026-01-29 16:57:38,2026-01-30 17:56:38
11,Amazon,AMZ_NOTEBOOK_0011,Fujifilm Mirrorless Camera Notebook Model 11,2999.00,3087.00,4.80,47096,,Cameras & Photography,"""{\""megapixels\"": \""33\"", \""sensor\"": \""CMOS\"", \""video\"": \""4K\""}""",https://images.amazon.com/notebook_11.jpg,2026-01-29 16:57:38,2026-01-30 17:56:38
12,Amazon,AMZ_NOTEBOOK_0012,Sony Mirrorless Camera Notebook Model 12,1875.00,2047.00,4.60,36365,,Cameras & Photography,"""{\""megapixels\"": \""30\"", \""sensor\"": \""CMOS\"", \""video\"": \""4K\""}""",https://images.amazon.com/notebook_12.jpg,2026-01-29 16:57:38,2026-01-30 17:56:38
13,Amazon,AMZ_NOTEBOOK_0013,Canon DSLR Camera Notebook Model 13,1328.00,1609.00,4.30,46071,,Cameras & Photography,"""{\""megapixels\"": \""26\"", \""sensor\"": \""CMOS\"", \""video\"": \""4K\""}""",https://images.amazon.com/notebook_13.jpg,2026-01-29 16:57:38,2026-01-30 17:56:38
14,Amazon,AMZ_NOTEBOOK_0014,Nikon Action Camera Camera Notebook Model 14,2985.00,3080.00,3.90,15441,,Cameras & Photography,"""{\""megapixels\"": \""19\"", \""sensor\"": \""CMOS\"", \""video\"": \""4K\""}""",https://images.amazon.com/notebook_14.jpg,2026-01-29 16:57:38,2026-01-30 17:56:38
15,Amazon,AMZ_NOTEBOOK_0015,Fujifilm DSLR Camera Notebook Model 15,2774.00,3046.00,4.60,19827,,Cameras & Photography,"""{\""megapixels\"": \""48\"", \""sensor\"": \""CMOS\"", \""video\"": \""4K\""}""",https://images.amazon.com/notebook_15.jpg,2026-01-29 16:57:38,2026-01-30 17:56:38
16,Amazon,AMZ_NOTEBOOK_0016,Sony Bridge Camera Notebook Model 16,1971.00,2131.00,4.80,31587,,Cameras & Photography,"""{\""megapixels\"": \""42\"", \""sensor\"": \""CMOS\"", \""video\"": \""4K\""}""",https://images.amazon.com/notebook_16.jpg,2026-01-29 16:57:38,2026-01-30 17:56:38
17,Amazon,AMZ_NOTEBOOK_0017,Canon Compact Camera Notebook Model 17,875.00,1015.00,3.60,47061,,Cameras & Photography,"""{\""megapixels\"": \""42\"", \""sensor\"": \""CMOS\"", \""video\"": \""4K\""}""",https://images.amazon.com/notebook_17.jpg,2026-01-29 16:57:38,2026-01-30 17:56:38
18,Amazon,AMZ_NOTEBOOK_0018,Fujifilm Mirrorless Camera Notebook Model 18,2224.00,2470.00,3.70,47454,,Cameras & Photography,"""{\""megapixels\"": \""40\"", \""sensor\"": \""CMOS\"", \""video\"": \""4K\""}""",https://images.amazon.com/notebook_18.jpg,2026-01-29 16:57:38,2026-01-30 17:56:38
19,Amazon,AMZ_NOTEBOOK_0019,Fujifilm Compact Camera Notebook Model 19,2162.00,2422.00,4.70,37217,,Cameras & Photography,"""{\""megapixels\"": \""18\"", \""sensor\"": \""CMOS\"", \""video\"": \""4K\""}""",https://images.amazon.com/notebook_19.jpg,2026-01-29 16:57:38,2026-01-30 17:56:38
20,Amazon,AMZ_NOTEBOOK_0020,Nikon Bridge Camera Notebook Model 20,2949.00,3070.00,4.70,45362,,Cameras & Photography,"""{\""megapixels\"": \""48\"", \""sensor\"": \""CMOS\"", \""video\"": \""4K\""}""",https://images.amazon.com/notebook_20.jpg,2026-01-29 16:57:38,2026-01-30 17:56:38
21,Amazon,AMZ_NOTEBOOK_0021,GoPro Action Camera Camera Notebook Model 21,712.00,948.00,3.80,1545,,Cameras & Photography,"""{\""megapixels\"": \""24\"", \""sensor\"": \""CMOS\"", \""video\"": \""4K\""}""",https://images.amazon.com/notebook_21.jpg,2026-01-29 16:57:38,2026-01-30 17:56:38
22,Amazon,AMZ_NOTEBOOK_0022,Canon DSLR Camera Notebook Model 22,2762.00,2823.00,3.80,26456,,Cameras & Photography,"""{\""megapixels\"": \""41\"", \""sensor\"": \""CMOS\"", \""video\"": \""4K\""}""",https://images.amazon.com/notebook_22.jpg,2026-01-29 16:57:38,2026-01-30 17:56:38
23,Amazon,AMZ_NOTEBOOK_0023,GoPro Action Camera Camera Notebook Model 23,2206.00,2266.00,3.90,17509,,Cameras & Photography,"""{\""megapixels\"": \""38\"", \""sensor\"": \""CMOS\"", \""video\"": \""4K\""}""",https://images.amazon.com/notebook_23.jpg,2026-01-29 16:57:38,2026-01-30 17:56:38
24,Amazon,AMZ_NOTEBOOK_0024,GoPro Action Camera Camera Notebook Model 24,2880.00,3096.00,4.70,14536,,Cameras & Photography,"""{\""megapixels\"": \""43\"", \""sensor\"": \""CMOS\"", \""video\"": \""4K\""}""",https://images.amazon.com/notebook_24.jpg,2026-01-29 16:57:38,2026-01-30 17:56:38
25,Amazon,AMZ_NOTEBOOK_0025,Sony Mirrorless Camera Notebook Model 25,2892.00,3047.00,3.60,17926,,Cameras & Photography,"""{\""megapixels\"": \""23\"", \""sensor\"": \""CMOS\"", \""video\"": \""4K\""}""",https://images.amazon.com/notebook_25.jpg,2026-01-29 16:57:38,2026-01-30 17:56:38
26,Amazon,AMZ_NOTEBOOK_0026,Panasonic DSLR Camera Notebook Model 26,2770.00,3003.00,3.60,41992,,Cameras & Photography,"""{\""megapixels\"": \""47\"", \""sensor\"": \""CMOS\"", \""video\"": \""4K\""}""",https://images.amazon.com/notebook_26.jpg,2026-01-29 16:57:38,2026-01-30 17:56:38
27,Amazon,AMZ_NOTEBOOK_0027,Nikon Compact Camera Notebook Model 27,1739.00,1972.00,3.60,48339,,Cameras & Photography,"""{\""megapixels\"": \""20\"", \""sensor\"": \""CMOS\"", \""video\"": \""4K\""}""",https://images.amazon.com/notebook_27.jpg,2026-01-29 16:57:38,2026-01-30 17:56:38
28,Amazon,AMZ_NOTEBOOK_0028,Panasonic Mirrorless Camera Notebook Model 28,2614.00,2909.00,4.80,36523,,Cameras & Photography,"""{\""megapixels\"": \""50\"", \""sensor\"": \""CMOS\"", \""video\"": \""4K\""}""",https://images.amazon.com/notebook_28.jpg,2026-01-29 16:57:38,2026-01-30 17:56:38
29,Amazon,AMZ_NOTEBOOK_0029,Sony Mirrorless Camera Notebook Model 29,1904.00,2006.00,4.10,36566,,Cameras & Photography,"""{\""megapixels\"": \""22\"", \""sensor\"": \""CMOS\"", \""video\"": \""4K\""}""",https://images.amazon.com/notebook_29.jpg,2026-01-29 16:57:38,2026-01-30 17:56:38
30,Amazon,AMZ_NOTEBOOK_0030,GoPro Mirrorless Camera Notebook Model 30,1515.00,1636.00,4.90,19549,,Cameras & Photography,"""{\""megapixels\"": \""24\"", \""sensor\"": \""CMOS\"", \""video\"": \""4K\""}""",https://images.amazon.com/notebook_30.jpg,2026-01-29 16:57:38,2026-01-30 17:56:38
31,JD.com (Sample),10000001,小米耳机 型号1 高性能版,6822.00,7017.00,3.70,29903,,,{},https://img.example.com/product_1.jpg,2026-01-27 23:27:11,2026-01-30 17:56:38
32,JD.com (Sample),10000002,三星手表 型号2 高性能版,3110.00,6487.00,3.70,28624,,,{},https://img.example.com/product_2.jpg,2026-01-27 23:27:11,2026-01-30 17:56:38
33,JD.com (Sample),10000003,三星手表 型号3 高性能版,4967.00,5164.00,4.20,47531,,,{},https://img.example.com/product_3.jpg,2026-01-27 23:27:11,2026-01-30 17:56:38
34,JD.com (Sample),10000004,VIVO手表 型号4 高性能版,8123.00,5024.00,4.90,33223,,,{},https://img.example.com/product_4.jpg,2026-01-27 23:27:11,2026-01-30 17:56:38
35,JD.com (Sample),10000005,戴尔手表 型号5 高性能版,7636.00,3953.00,4.60,1460,,,{},https://img.example.com/product_5.jpg,2026-01-27 23:27:11,2026-01-30 17:56:38
36,JD.com (Sample),10000006,苹果手表 型号6 高性能版,5018.00,1126.00,4.50,18242,,,{},https://img.example.com/product_6.jpg,2026-01-27 23:27:11,2026-01-30 17:56:38
37,JD.com (Sample),10000007,戴尔笔记本 型号7 高性能版,3701.00,7257.00,4.10,6152,,,{},https://img.example.com/product_7.jpg,2026-01-27 23:27:11,2026-01-30 17:56:38
38,JD.com (Sample),10000008,苹果耳机 型号8 高性能版,8608.00,10430.00,3.90,29649,,,{},https://img.example.com/product_8.jpg,2026-01-27 23:27:11,2026-01-30 17:56:38
39,JD.com (Sample),10000009,苹果平板 型号9 高性能版,2326.00,5010.00,4.80,28670,,,{},https://img.example.com/product_9.jpg,2026-01-27 23:27:11,2026-01-30 17:56:38
40,JD.com (Sample),10000010,华为平板 型号10 高性能版,1958.00,6543.00,3.80,49791,,,{},https://img.example.com/product_10.jpg,2026-01-27 23:27:11,2026-01-30 17:56:38
41,JD.com (Sample),10000011,联想笔记本 型号11 高性能版,7080.00,9530.00,4.80,18020,,,{},https://img.example.com/product_11.jpg,2026-01-27 23:27:11,2026-01-30 17:56:38
42,JD.com (Sample),10000012,戴尔笔记本 型号12 高性能版,9116.00,10584.00,4.30,2347,,,{},https://img.example.com/product_12.jpg,2026-01-27 23:27:11,2026-01-30 17:56:38
43,JD.com (Sample),10000013,VIVO手机 型号13 高性能版,9362.00,9081.00,4.30,43885,,,{},https://img.example.com/product_13.jpg,2026-01-27 23:27:11,2026-01-30 17:56:38
44,JD.com (Sample),10000014,华为平板 型号14 高性能版,1380.00,8090.00,4.10,32164,,,{},https://img.example.com/product_14.jpg,2026-01-27 23:27:11,2026-01-30 17:56:38
45,JD.com (Sample),10000015,联想手机 型号15 高性能版,7936.00,9194.00,3.70,38419,,,{},https://img.example.com/product_15.jpg,2026-01-27 23:27:11,2026-01-30 17:56:38
46,JD.com (Sample),10000016,小米平板 型号16 高性能版,4569.00,5775.00,4.70,38480,,,{},https://img.example.com/product_16.jpg,2026-01-27 23:27:11,2026-01-30 17:56:38
47,JD.com (Sample),10000017,VIVO平板 型号17 高性能版,8742.00,5767.00,4.40,19762,,,{},https://img.example.com/product_17.jpg,2026-01-27 23:27:11,2026-01-30 17:56:38
48,JD.com (Sample),10000018,苹果耳机 型号18 高性能版,9312.00,8076.00,3.50,44083,,,{},https://img.example.com/product_18.jpg,2026-01-27 23:27:11,2026-01-30 17:56:38
49,JD.com (Sample),10000019,华为平板 型号19 高性能版,2443.00,4882.00,5.00,12864,,,{},https://img.example.com/product_19.jpg,2026-01-27 23:27:11,2026-01-30 17:56:38
50,JD.com (Sample),10000020,VIVO平板 型号20 高性能版,2134.00,6803.00,4.70,39000,,,{},https://img.example.com/product_20.jpg,2026-01-27 23:27:11,2026-01-30 17:56:38
51,JD.com (Sample),10000021,VIVO平板 型号21 高性能版,1662.00,5166.00,4.70,17436,,,{},https://img.example.com/product_21.jpg,2026-01-27 23:27:11,2026-01-30 17:56:38
52,JD.com (Sample),10000022,VIVO平板 型号22 高性能版,1331.00,1716.00,4.40,40433,,,{},https://img.example.com/product_22.jpg,2026-01-27 23:27:11,2026-01-30 17:56:38
53,JD.com (Sample),10000023,苹果手机 型号23 高性能版,9805.00,7988.00,4.90,16389,,,{},https://img.example.com/product_23.jpg,2026-01-27 23:27:11,2026-01-30 17:56:38
54,JD.com (Sample),10000024,VIVO笔记本 型号24 高性能版,8561.00,8801.00,4.50,12994,,,{},https://img.example.com/product_24.jpg,2026-01-27 23:27:11,2026-01-30 17:56:38
55,JD.com (Sample),10000025,华为笔记本 型号25 高性能版,9771.00,4401.00,4.60,25220,,,{},https://img.example.com/product_25.jpg,2026-01-27 23:27:11,2026-01-30 17:56:38
56,JD.com (Sample),10000026,戴尔手表 型号26 高性能版,6828.00,8599.00,4.30,2794,,,{},https://img.example.com/product_26.jpg,2026-01-27 23:27:11,2026-01-30 17:56:38
57,JD.com (Sample),10000027,三星笔记本 型号27 高性能版,3626.00,8427.00,4.60,7900,,,{},https://img.example.com/product_27.jpg,2026-01-27 23:27:11,2026-01-30 17:56:38
58,JD.com (Sample),10000028,三星耳机 型号28 高性能版,6344.00,2005.00,3.60,28860,,,{},https://img.example.com/product_28.jpg,2026-01-27 23:27:11,2026-01-30 17:56:38
59,JD.com (Sample),10000029,VIVO平板 型号29 高性能版,4807.00,5382.00,4.90,29148,,,{},https://img.example.com/product_29.jpg,2026-01-27 23:27:11,2026-01-30 17:56:38
60,JD.com (Sample),10000030,OPPO笔记本 型号30 高性能版,1273.00,7660.00,4.60,37829,,,{},https://img.example.com/product_30.jpg,2026-01-27 23:27:11,2026-01-30 17:56:38
361,Amazon,B0DTTKTQWF,"MFi Certified 512GB Flash Drive Photo Stick for iPhone, External Memory Photo Keeper Storage for Data Saver/Backup/Transfer Files/Picture/Video/iPhone",43.00,55.36,3.40,30943,300+ bought in past month,Electronics,{},https://m.media-amazon.com/images/I/61Jg28DRguL._AC_UY218_.jpg,2026-01-30 20:01:49,2026-02-02 19:51:18
362,Amazon,B015CH1PJU,"SanDisk 128GB Ultra Flair USB 3.0 Flash Drive - SDCZ73-128G-G46, black",11.00,14.03,4.80,14912,10K+ bought in past month,Electronics,{},https://m.media-amazon.com/images/I/51q1BJpgGkL._AC_UY218_.jpg,2026-01-30 20:01:49,2026-02-02 19:51:18
363,Amazon,B0B6148YKN,"Amazon Basics 128 GB Ultra Fast USB 3.1 Flash Drive, Black",11.00,14.01,3.80,20736,10K+ bought in past month,Electronics,{},https://m.media-amazon.com/images/I/71RhxfozxvL._AC_UY218_.jpg,2026-01-30 20:01:49,2026-02-02 19:51:18
364,Amazon,B082ZGHXK8,32GB USB Flash Drives 2 Pack 32GB Thumb Drives Memory Stick Jump Drive with LED Light for Storage and Backup (2 Colors: Black Blue),9.00,11.37,3.00,2799,5K+ bought in past month,Electronics,{},https://m.media-amazon.com/images/I/71ULtE83xWL._AC_UY218_.jpg,2026-01-30 20:01:49,2026-02-02 19:51:18
365,Amazon,B0B61DGG18,"Amazon Basics 256 GB Ultra Fast USB 3.1 High Capacity Flash Drive for Data Transfer and Storage, Black",18.00,20.97,3.70,1316,10K+ bought in past month,Electronics,{},https://m.media-amazon.com/images/I/71XXRNmEbeL._AC_UY218_.jpg,2026-01-30 20:01:49,2026-02-02 19:51:18
366,Amazon,B0DRXNKSD5,"Amazon Basics USB Flash Drive, Thumb Drive Memory Stick with USB C and USB A Dual Ports, 256GB, Champagne Silver",19.00,24.43,4.80,8333,3K+ bought in past month,Electronics,{},https://m.media-amazon.com/images/I/614CQHbdKcL._AC_UY218_.jpg,2026-01-30 20:01:49,2026-02-02 19:51:18
367,Amazon,B081QSHG1K,"SanDisk 256GB Ultra USB 3.0 Flash Drive - SDCZ48-256G-GAM46, Black",20.00,23.75,4.10,49455,3K+ bought in past month,Electronics,{},https://m.media-amazon.com/images/I/61TuPtmTScL._AC_UY218_.jpg,2026-01-30 20:01:49,2026-02-02 19:51:18
368,Amazon,B081QSJNRJ,"SanDisk 128GB Ultra USB 3.0 Flash Drive - SDCZ48-128G-GAM46, Black",13.00,15.24,3.40,26876,2K+ bought in past month,Electronics,{},https://m.media-amazon.com/images/I/61T85CGI4ZL._AC_UY218_.jpg,2026-01-30 20:01:49,2026-02-02 19:51:18
369,Amazon,B07S4GGHNR,32GB Memory Stick USB 2.0 Flash Drives Swivel Thumb Drive Pen Drive (32GB Purple),5.00,5.86,3.10,36750,1K+ bought in past month,Electronics,{},https://m.media-amazon.com/images/I/61AZvkftK7L._AC_UY218_.jpg,2026-01-30 20:01:49,2026-02-02 19:51:18
370,Amazon,B0FBS7RH94,"512GB Flash Drive Intended for iPhone, Memory Stick Storage Files Photos Videos Backup, Compatible with iPhone iPad Android PC, Plug and Play, No Appl",22.00,25.59,4.90,35240,50+ bought in past month,Electronics,{},https://m.media-amazon.com/images/I/61nVJWs6wpL._AC_UY218_.jpg,2026-01-30 20:01:49,2026-02-02 19:51:18
371,Amazon,B09RG1TNM7,"PNY 64GB Turbo Attaché 3 USB 3.0 Flash Drive, Silver (Pack of 5)",25.00,30.20,4.00,48473,3K+ bought in past month,Electronics,{},https://m.media-amazon.com/images/I/51qNgGQLpIL._AC_UY218_.jpg,2026-01-30 20:01:49,2026-02-02 19:51:18
372,Amazon,B09FXV3MXF,"ABLAZE 32GB Flash Drive 10 Pack, USB 2.0 Memory Stick with Lanyards Swivel Thumb Drives Bulk 32GB Pendrive U Disk for Data Storage (Mixcolors)",26.00,31.92,4.40,32309,400+ bought in past month,Electronics,{},https://m.media-amazon.com/images/I/71T-gxHQU+L._AC_UY218_.jpg,2026-01-30 20:01:49,2026-02-02 19:51:18
373,Amazon,B08HSS37H7,"SanDisk 32GB 3-Pack Ultra USB 3.0 Flash Drive 32GB (Pack of 3) - SDCZ48-032G-GAM46T, Black",23.00,28.34,3.20,47042,1K+ bought in past month,Electronics,{},https://m.media-amazon.com/images/I/61TuPtmTScL._AC_UY218_.jpg,2026-01-30 20:01:49,2026-02-02 19:51:18
374,Amazon,AMZ_SAMPLE_2_0,Lenovo laptop Model 1,932.89,1891.75,3.80,31015,Lenovo Store,Electronics,{},https://via.placeholder.com/150?text=Lenovo,2026-01-30 20:02:02,2026-02-02 19:51:18
375,Amazon,AMZ_SAMPLE_2_1,Dell laptop Model 2,578.87,1984.40,5.00,22455,Dell Store,Electronics,{},https://via.placeholder.com/150?text=Dell,2026-01-30 20:02:02,2026-02-02 19:51:18
376,Amazon,AMZ_SAMPLE_2_2,Dell laptop Model 3,1518.28,649.40,3.60,43240,Dell Store,Electronics,{},https://via.placeholder.com/150?text=Dell,2026-01-30 20:02:02,2026-02-02 19:51:18
377,Amazon,AMZ_SAMPLE_2_3,Samsung laptop Model 4,1573.39,1479.79,4.80,21257,Samsung Store,Electronics,{},https://via.placeholder.com/150?text=Samsung,2026-01-30 20:02:02,2026-02-02 19:51:18
378,Amazon,AMZ_SAMPLE_2_4,Apple laptop Model 5,242.06,2135.50,4.60,13605,Apple Store,Electronics,{},https://via.placeholder.com/150?text=Apple,2026-01-30 20:02:02,2026-02-02 19:51:18
379,Amazon,B0DDYCT5YS,"PNY 128GB Turbo Attaché 3 USB 3.0 Flash Drive 5-Pack – Grey, P-FD128X5TBOP-MP, 100MB/s, Light-Weight Durable - Data Storage and Transfer",39.00,44.17,4.00,19330,1K+ bought in past month,Electronics,{},https://m.media-amazon.com/images/I/6155RbbYkAL._AC_UY218_.jpg,2026-01-30 20:02:05,2026-02-02 19:51:18
380,Amazon,B0CMXNBGQK,"256GB USB Flash Drive for Phone and Pad, Photo Stick High Speed External USB Thumb Drives Photo Storage Memory Stick for Save More Photos and Videos (",15.00,17.55,5.00,44166,List Price:,Electronics,{},https://m.media-amazon.com/images/I/614ARE4PwrL._AC_UY218_.jpg,2026-01-30 20:02:05,2026-02-02 19:51:18
381,Amazon,B09GW86W6Y,"ThePhotoStick® Omni 128GB USB Flash Drive & Memory Stick – Photo & Video Backup for iPhone, Android, Mac & PC – Multiport Connection to Easily Store &",57.00,67.83,4.60,37844,2K+ bought in past month,Electronics,{},https://m.media-amazon.com/images/I/61Nwje5iDGL._AC_UY218_.jpg,2026-01-30 20:02:05,2026-02-02 19:51:18
382,Amazon,B00RORBNWG,Verbatim 32GB Store 'n' Stay Nano USB 3.2 Gen 1 Flash Drive Snag-free Low Profile Thumb Drive - Blue,5.00,6.37,3.70,22069,1K+ bought in past month,Electronics,{},https://m.media-amazon.com/images/I/61pYZ-CzMSL._AC_UY218_.jpg,2026-01-30 20:02:05,2026-02-02 19:51:18
383,Amazon,B01CKT1DTA,EASTFUN 5Pcs 8GB USB Flash Drive USB 2.0 Flash Memory Stick Thumb Stick Pen(Five Mixed Colors: Blue Purple Rose Green Gold),11.00,13.98,3.50,40843,500+ bought in past month,Electronics,{},https://m.media-amazon.com/images/I/61LFANbLl1L._AC_UY218_.jpg,2026-01-30 20:02:05,2026-02-02 19:51:18
384,Amazon,B0CL289J6Q,Wholesale (Mix Pack) (16MB-64GB) USB 2.0 Metal Flash Memory Stick Pen Drive Storage Thumb U Disk Lot (5PCS - 128MB),6.00,6.92,5.00,6012,Amazon,Electronics,{},https://m.media-amazon.com/images/I/61ulUyh2JYL._AC_UY218_.jpg,2026-01-30 20:02:05,2026-02-02 19:51:18
385,Amazon,B0DSG3FWJB,"SanDisk 512GB Extreme PRO Dual Drive - Up to 1,000MB/s, USB Type-C, and USB Type-A, High-Performance Flash Drive - SDDDE1-512G-G46",46.00,59.11,4.70,19571,1K+ bought in past month,Electronics,{},https://m.media-amazon.com/images/I/61SO6cMhVvL._AC_UY218_.jpg,2026-01-30 20:02:05,2026-02-02 19:51:18
386,Amazon,B0978ZCNSJ,"SanDisk 32GB 3-Pack Cruzer Glide USB 2.0 Flash Drive (3x32GB) - SDCZ60-032G-G46T, Black",0.00,0.00,3.40,40231,500+ bought in past month,Electronics,{},https://m.media-amazon.com/images/I/51pe0ND7gGL._AC_UY218_.jpg,2026-01-30 20:02:05,2026-02-02 19:51:18
387,Amazon,B0CSW6375K,128GB USB C Flash Drive Dual USB 3.0 Flash Drive Type C + USB A Portable Type-C Flash Drive 2-in-1 USB-C Thumb Drive for Smartphone Tablet Computer Ma,12.00,14.04,4.80,46153,6K+ bought in past month,Electronics,{},https://m.media-amazon.com/images/I/51K6hZcFQ4L._AC_UY218_.jpg,2026-01-30 20:02:05,2026-02-02 19:51:18
388,Amazon,B0DS9VVRGJ,"256GB Flash Drive Intended for Phone Tablet Androidphone and Computers, 4 in 1 Photo Stick for Phone Memory Storage Easily Backup Photos Videos, Plug",11.00,13.60,4.90,14893,300+ bought in past month,Electronics,{},https://m.media-amazon.com/images/I/71ZrIAFumpL._AC_UY218_.jpg,2026-01-30 20:02:05,2026-02-02 19:51:18
389,Amazon,B017RD10X8,SanDisk 64GB Cruzer Glide USB 3.0 Flash Drive SDCZ600-064G-B35,11.00,13.57,4.20,3398,400+ bought in past month,Electronics,{},https://m.media-amazon.com/images/I/51gckc6-M+L._AC_UY218_.jpg,2026-01-30 20:02:05,2026-02-02 19:51:18
390,Amazon,B077Y149DL,SanDisk 16GB Ultra Fit USB 3.2 Flash Drive - SDCZ430-016G-G46,8.00,9.91,3.10,4885,400+ bought in past month,Electronics,{},https://m.media-amazon.com/images/I/917k6WqTLSL._AC_UY218_.jpg,2026-01-30 20:02:05,2026-02-02 19:51:18
391,Amazon,B07FLP3TKD,"4GB USB Flash Drive, Flash Stick 4 GB 10 Pack Memory Stick JBOS Swivel Thumb Drives Gig Stick USB2.0 Pen Drive for Fold Digital Date Storage, Zip Driv",18.00,20.66,4.90,26618,50+ bought in past month,Electronics,{},https://m.media-amazon.com/images/I/61lrRFxDPHL._AC_UY218_.jpg,2026-01-30 20:02:05,2026-02-02 19:51:18
392,Amazon,AMZ_SAMPLE_4_0,Samsung laptop Model 1,1476.83,2455.06,4.90,24463,Samsung Store,Electronics,{},https://via.placeholder.com/150?text=Samsung,2026-01-30 20:02:14,2026-02-02 19:51:18
393,Amazon,AMZ_SAMPLE_4_1,Apple laptop Model 2,175.89,2470.85,3.60,41566,Apple Store,Electronics,{},https://via.placeholder.com/150?text=Apple,2026-01-30 20:02:14,2026-02-02 19:51:18
394,Amazon,AMZ_SAMPLE_4_2,Apple laptop Model 3,1564.11,238.79,3.90,3202,Apple Store,Electronics,{},https://via.placeholder.com/150?text=Apple,2026-01-30 20:02:14,2026-02-02 19:51:18
395,Amazon,AMZ_SAMPLE_4_3,Apple laptop Model 4,361.73,1562.83,4.60,9259,Apple Store,Electronics,{},https://via.placeholder.com/150?text=Apple,2026-01-30 20:02:14,2026-02-02 19:51:18
396,Amazon,AMZ_SAMPLE_4_4,Samsung laptop Model 5,603.30,221.68,3.60,28302,Samsung Store,Electronics,{},https://via.placeholder.com/150?text=Samsung,2026-01-30 20:02:14,2026-02-02 19:51:18
397,Amazon,AMZ_SAMPLE_5_0,HP laptop Model 1,1684.96,1332.27,4.30,43027,HP Store,Electronics,{},https://via.placeholder.com/150?text=HP,2026-01-30 20:02:26,2026-02-02 19:51:18
398,Amazon,AMZ_SAMPLE_5_1,Samsung laptop Model 2,157.57,1905.87,4.00,46810,Samsung Store,Electronics,{},https://via.placeholder.com/150?text=Samsung,2026-01-30 20:02:26,2026-02-02 19:51:18
399,Amazon,AMZ_SAMPLE_5_2,Samsung laptop Model 3,1382.80,1735.80,4.40,16412,Samsung Store,Electronics,{},https://via.placeholder.com/150?text=Samsung,2026-01-30 20:02:26,2026-02-02 19:51:18
400,Amazon,AMZ_SAMPLE_5_3,HP laptop Model 4,771.50,1111.52,4.80,2633,HP Store,Electronics,{},https://via.placeholder.com/150?text=HP,2026-01-30 20:02:26,2026-02-02 19:51:18
401,Amazon,AMZ_SAMPLE_5_4,Samsung laptop Model 5,174.30,2348.09,4.10,5191,Samsung Store,Electronics,{},https://via.placeholder.com/150?text=Samsung,2026-01-30 20:02:26,2026-02-02 19:51:18
402,Amazon,B0CHB1RNFR,128GB USB Flash Drives 2 Pack 128GB Thumb Drives Memory Stick Jump Drive with LED Light for Storage and Backup (2 Pack Black),15.00,16.80,3.70,22903,Amazon,Electronics,{},https://m.media-amazon.com/images/I/6131tPOZLoL._AC_UY218_.jpg,2026-01-30 20:02:29,2026-02-02 19:51:18
403,Amazon,B0BYMRK9XZ,"1 Pack 64GB USB Flash Drives USB 2.0 Thumb Drives Memory Stick Jump Drive Zip Drive, Green",5.00,5.89,3.40,2144,50+ bought in past month,Electronics,{},https://m.media-amazon.com/images/I/51KQi9u2+5L._AC_UY218_.jpg,2026-01-30 20:02:29,2026-02-02 19:51:18
404,Amazon,B07LGLQT11,Vansuny 64GB Type C Flash Drive 2 in 1 OTG USB 3.0 + USB C Memory Stick with Keychain Dual Type C Thumb Drive Photo Stick Jump Drive for Android Smart,9.00,10.38,4.70,18215,1K+ bought in past month,Electronics,{},https://m.media-amazon.com/images/I/51YWrNICL5L._AC_UY218_.jpg,2026-01-30 20:02:29,2026-02-02 19:51:18
405,Amazon,B0BV8DWLMM,SanDisk 64GB Ultra USB 3.0 Flash Drive 3-Pack - SDCZ48-064G-U46 Bundle with (3) Everything But Stromboli Lanyards,26.00,31.66,4.20,16605,50+ bought in past month,Electronics,{},https://m.media-amazon.com/images/I/71DyGWKUhQL._AC_UY218_.jpg,2026-01-30 20:02:29,2026-02-02 19:51:18
406,Amazon,B08RNFBNV2,"8GB Flash Drives 5 Pack, Alihelan USB Flash Drive USB 2.0 Thumb Drive Swivel Memory Stick U Disk Jump Drive Zip Drive with Led Indicator (5 Mixed Colo",10.00,11.23,4.00,10627,(GBP 2.07GBP2.07/count),Electronics,{},https://m.media-amazon.com/images/I/61ZjAFshP8L._AC_UY218_.jpg,2026-01-30 20:02:29,2026-02-02 19:51:18
407,Amazon,B0CP43S98Z,"SanDisk 128GB Ultra Luxe USB Type-C Flash Drive - Up to 400MB/s, USB 3.2 Gen 1, Premium Metal Design - SDCZ75-128G-G46",15.00,16.92,3.70,42773,200+ bought in past month,Electronics,{},https://m.media-amazon.com/images/I/61PrLVuIGPL._AC_UY218_.jpg,2026-01-30 20:02:29,2026-02-02 19:51:18
408,Amazon,B007YX9O9O,SanDisk 16GB Cruzer Glide USB 2.0 Flash Drive - SDCZ60-016G-B35,0.00,0.00,4.90,1299,Amazon,Electronics,{},https://m.media-amazon.com/images/I/711aQ7oxvhL._AC_UY218_.jpg,2026-01-30 20:02:29,2026-02-02 19:51:18
409,Amazon,B0CGRFFQHN,"32GB 2 Pack USB 3.2 Gen 1 (USB 3.1) Flash Thumb Drive, External Data Storage Memory Stick Compatible with Computer/Laptop",8.00,10.00,3.90,32675,Amazon,Electronics,{},https://m.media-amazon.com/images/I/61nGxu9c4lL._AC_UY218_.jpg,2026-01-30 20:02:29,2026-02-02 19:51:18
410,Amazon,B0BY2WQTMN,SanDisk 128GB Ultra Luxe USB 3.2 Gen 1 Flash Drive - SDCZ74-128G-GAM46,25.00,31.81,4.30,5192,50+ bought in past month,Electronics,{},https://m.media-amazon.com/images/I/41SoegdWA1L._AC_UY218_.jpg,2026-01-30 20:02:29,2026-02-02 19:51:18
411,Amazon,B0D5GP5DM8,"128GB USB 3.0 Flash Drive, Waterproof Metal USB Memory Stick, Slim Thumb Drive Portable Pen Drive with Keychain Hole Stylish Jump Drive for PC Compute",11.00,12.85,4.30,285,100+ bought in past month,Electronics,{},https://m.media-amazon.com/images/I/51P7fioycgL._AC_UY218_.jpg,2026-01-30 20:02:29,2026-02-02 19:51:18
412,Amazon,B0DZNZ7S4F,"AreTop 8GB Flash Drive 5 Pack FAT32 Thumb Drives Slide Retractable USB Drives 8GB 5 Pack Memory Sticks for Data Storage (Mixed Color:Yellow,Red,Blue,G",10.00,12.57,4.70,27639,200+ bought in past month,Electronics,{},https://m.media-amazon.com/images/I/61hWZ3jj+2L._AC_UY218_.jpg,2026-01-30 20:02:29,2026-02-02 19:51:18
413,Amazon,B01AD70VLW,LEIZHAN USB Flash Drive 32GB Metal Key of Love Key Chain USB Flash Drive high Speed USB Pen Drive Memory Stick u Disk pendrive,8.00,9.67,4.90,41398,List:,Electronics,{},https://m.media-amazon.com/images/I/41ZJeKXCtTL._AC_UY218_.jpg,2026-01-30 20:02:29,2026-02-02 19:51:18
414,Amazon,B0D4QRSW5J,USB Flash Drive 230GB Waterproof USB Stick High Speed Memory Stick 230GB Ultra Large Storage Metal Thumb Drive with Keychain Design for Laptop Compute,10.00,12.98,4.90,4666,500+ bought in past month,Electronics,{},https://m.media-amazon.com/images/I/51JIByl41sL._AC_UY218_.jpg,2026-01-30 20:02:29,2026-02-02 19:51:18
415,Amazon,B0CMXMX4NM,"64GB USB Flash Drive 2 Pack 64 GB USB Thumb Drive Memory Stick Jump Drives Pendrive for Storage (2 Colors, 64G)",10.00,12.40,4.50,373,200+ bought in past month,Electronics,{},https://m.media-amazon.com/images/I/51aZAGvMEhL._AC_UY218_.jpg,2026-01-30 20:02:31,2026-02-02 19:51:18
416,Amazon,B01B3GOCZ8,SanDisk 32GB (Five Pack) USB 3.0 Flash Ultra Memory Drive CZ48 - Bundle with (2) Everything But Stromboli Lanyard,0.00,0.00,3.10,38808,100+ bought in past month,Electronics,{},https://m.media-amazon.com/images/I/71LGWHsY48L._AC_UY218_.jpg,2026-01-30 20:02:31,2026-02-02 19:51:18
417,Amazon,B0CBYYCLZK,"USB Flash Drives,Waterproof Silicone USB2.0 High Speed Thumb Memory Stick Pen Date Storage Pendrive U Disk (32GB,Blue Cat)",8.00,8.91,3.80,8322,Amazon,Electronics,{},https://m.media-amazon.com/images/I/61NMqZ2gD-L._AC_UY218_.jpg,2026-01-30 20:02:31,2026-02-02 19:51:18
418,Amazon,B0CQTH3W7D,512MB USB Flash Drives Thumb Drive U Disk PenDrive Memory Sticks with Type C & OTG Transformer for Pupil Student Presents (Blue),4.00,5.13,4.90,6972,Amazon,Electronics,{},https://m.media-amazon.com/images/I/61RdjzsfrCL._AC_UY218_.jpg,2026-01-30 20:02:31,2026-02-02 19:51:18
419,Amazon,B017RD11JQ,SanDisk - Cruzer Glide 128GB USB 2.0 Flash Drive SDCZ600-128G-G35,10.00,12.80,3.20,42299,More Buying Choices,Electronics,{},https://m.media-amazon.com/images/I/411Nr-kOgPL._AC_UY218_.jpg,2026-01-30 20:02:31,2026-02-02 19:51:18
420,Amazon,B0DSVVY4JT,"USB Flash Drives,16GB / 32GB /64GB Waterproof Cute Lipstick USB 2.0 Data Storage Drive Memory Stick Flash Pen Disk Pendrive (Rose Red, 64, GB)",9.00,9.99,3.80,43466,Amazon,Electronics,{},https://m.media-amazon.com/images/I/41-7YMUV+vL._AC_UY218_.jpg,2026-01-30 20:02:31,2026-02-02 19:51:18
421,Amazon,B0C3LGTW8H,Small Capacity 256MB USB Flash Drives Memory Sticks Pen jumpdrive U Disk Thumb Drive with Type-C/OTG Adaptor for Pupil & Students (Pink),4.00,4.48,4.70,30175,Amazon,Electronics,{},https://m.media-amazon.com/images/I/61lxd1HPqRL._AC_UY218_.jpg,2026-01-30 20:02:31,2026-02-02 19:51:18
422,Amazon,B07SMB81Q9,SanDisk 64GB Cruzer Glide 3.0 USB Flash Drive (10 Pack Bundle) Jump Drive Pen Drive Works with Laptop Computers with USB 2.0/3.0 Port (SDCZ600-064G-G3,68.00,84.58,3.30,32403,100+ bought in past month,Electronics,{},https://m.media-amazon.com/images/I/71Z08hnrKRL._AC_UY218_.jpg,2026-01-30 20:02:31,2026-02-02 19:51:18
423,Amazon,B017JJSNMG,Verbatim 32GB Metal Executive USB 3.0 Flash Drive - Gold - 99105,7.00,8.20,4.70,2115,50+ bought in past month,Electronics,{},https://m.media-amazon.com/images/I/51e-Wfb4ZwL._AC_UY218_.jpg,2026-01-30 20:02:31,2026-02-02 19:51:18
424,Amazon,B09XLP266Y,10 Pack DataOcean 4GB USB 2.0 Flash Drive Memory Stick Thumb Drives (4GB X 10 Mixed Colors),17.00,19.19,4.60,47123,100+ bought in past month,Electronics,{},https://m.media-amazon.com/images/I/71TNXqpaG4L._AC_UY218_.jpg,2026-01-30 20:02:31,2026-02-02 19:51:18
425,Amazon,B0CXMXPSV9,"USB Flash Drive, 16GB/32GB/64GB/128GB USB2.0 Rotatable Memory Stick Date Storage Pendrive Thumb Drives U Disk(64GB,Pink)",10.00,12.46,3.60,5123,Amazon,Electronics,{},https://m.media-amazon.com/images/I/71lEuydPfEL._AC_UY218_.jpg,2026-01-30 20:02:31,2026-02-02 19:51:18
426,Amazon,AMZ_SAMPLE_8_0,Apple flashdisk Model 1,1532.82,1762.39,5.00,17463,Apple Store,Electronics,{},https://via.placeholder.com/150?text=Apple,2026-01-30 20:02:42,2026-02-02 19:51:18
427,Amazon,AMZ_SAMPLE_8_1,Lenovo flashdisk Model 2,1287.00,2267.07,3.80,18210,Lenovo Store,Electronics,{},https://via.placeholder.com/150?text=Lenovo,2026-01-30 20:02:42,2026-02-02 19:51:18
428,Amazon,AMZ_SAMPLE_8_2,Samsung flashdisk Model 3,600.00,515.49,4.20,35382,Samsung Store,Electronics,{},https://via.placeholder.com/150?text=Samsung,2026-01-30 20:02:42,2026-02-02 19:51:18
429,Amazon,AMZ_SAMPLE_8_3,Apple flashdisk Model 4,592.17,2001.14,4.60,34362,Apple Store,Electronics,{},https://via.placeholder.com/150?text=Apple,2026-01-30 20:02:42,2026-02-02 19:51:18
430,Amazon,AMZ_SAMPLE_8_4,Lenovo flashdisk Model 5,1404.58,971.26,3.60,21978,Lenovo Store,Electronics,{},https://via.placeholder.com/150?text=Lenovo,2026-01-30 20:02:42,2026-02-02 19:51:18
431,Amazon,B0894NJ5PZ,SanDisk 64GB iXpand Flash Drive Go – For your iPhone 14 or older - Create space on your iPhone - SDIX60N-064G-GN6NN,26.00,31.31,4.80,40595,100+ bought in past month,Electronics,{},https://m.media-amazon.com/images/I/81Fqh9hd73L._AC_UY218_.jpg,2026-01-30 20:02:44,2026-02-02 19:51:18
432,Amazon,B0DY7J7C7K,Metal Robot Shape 64GB USB 2.0 Flash Drive with Keychain Cool Cartoon Memory Stick Cute Jump Drive Wedding Thumb Drive Novelty Flash Drive Data Storag,12.00,13.59,3.10,21883,List Price:,Electronics,{},https://m.media-amazon.com/images/I/51lyfG8WfzL._AC_UY218_.jpg,2026-01-30 20:02:44,2026-02-02 19:51:18
433,Amazon,B00XJXYONO,SanDisk Cruzer Glide 32GB (5 Pack) USB 2.0 Flash Drive (SDCZ60-032G) Pen Drive Bundle with (2) Everything But Stromboli Lanyards,30.00,33.19,4.90,3729,50+ bought in past month,Electronics,{},https://m.media-amazon.com/images/I/71cu166QMVL._AC_UY218_.jpg,2026-01-30 20:02:44,2026-02-02 19:51:18
434,Amazon,B00KAJPAPQ,SanDisk Cruzer Ultra 32GB USB 3.0 Flash Drive SDCZ48-032G-U46 up to 100MB/s (Pack of 2),21.00,25.03,4.60,47804,(GBP 10.86GBP10.86/count),Electronics,{},https://m.media-amazon.com/images/I/61bTqqLpBaL._AC_UY218_.jpg,2026-01-30 20:02:44,2026-02-02 19:51:18
435,Amazon,B00IFU6DU8,SanDisk Cruzer Blade 32GB (5 pack) USB 2.0 Flash Drive Jump Drive Pen Drive SDCZ50-032G - Five Pack w/ (2) Everything But Stromboli (TM) Lanyard,27.00,30.64,3.60,14792,Amazon,Electronics,{},https://m.media-amazon.com/images/I/51GjpR3BsnL._AC_UY218_.jpg,2026-01-30 20:02:44,2026-02-02 19:51:18
436,Amazon,B07SPF93H5,SanDisk 128GB Cruzer Glide 3.0 USB Flash Drive (10 Pack Bundle) Jump Drive Pen Drive Works with Laptop Computers with USB 2.0/3.0 Port (SDCZ600-128G-G,88.00,111.81,4.60,6072,Amazon,Electronics,{},https://m.media-amazon.com/images/I/71Z08hnrKRL._AC_UY218_.jpg,2026-01-30 20:02:44,2026-02-02 19:51:18
437,Amazon,B0B8X7VCVC,"SanDisk 512GB Ultra Eco USB 3.2 Gen 1 Flash Drive - SDCZ96-512G-G46, Blue-Green",37.00,43.37,3.40,21768,More Buying Choices,Electronics,{},https://m.media-amazon.com/images/I/71nf0sq-ouL._AC_UY218_.jpg,2026-01-30 20:02:44,2026-02-02 19:51:18
438,Amazon,B08D6X84TN,SanDisk 64GB Ultra Fit USB 3.1 Flash Drive Low Profile (SDCZ430-064G-G46) High Speed Memory Pen Drive Bundle with (1) Everything But Stromboli Lanyard,9.00,10.49,4.20,48844,50+ bought in past month,Electronics,{},https://m.media-amazon.com/images/I/41EQgjx42XL._AC_UY218_.jpg,2026-01-30 20:02:44,2026-02-02 19:51:18
439,Amazon,B0D457CDSV,K&ZZ 128GB USB C Flash Drive 1 Pack Dual USB-C Thumb Drive 3.0 Push-Pull USB A + Type C Memory Stick Photo Stick for Smartphone Tablet Laptop iPhone 1,11.00,12.53,3.00,5854,100+ bought in past month,Electronics,{},https://m.media-amazon.com/images/I/61UV0QYjJTL._AC_UY218_.jpg,2026-01-30 20:02:44,2026-02-02 19:51:18
440,Amazon,B0CP62S615,"SanDisk 256GB Ultra Slider USB Type-C Flash Drive - Up to 400MB/s, USB 3.2 Gen 1, Retractable Connector - SDCZ480-256G-G46​",0.00,0.00,3.10,11681,100+ bought in past month,Electronics,{},https://m.media-amazon.com/images/I/519iXVAbsmL._AC_UY218_.jpg,2026-01-30 20:02:44,2026-02-02 19:51:18
441,Amazon,B07JH53M4T,Micro Center SuperSpeed 2 Pack 16GB USB 3.0 Flash Drive Gum Size Memory Stick Thumb Drive Data Storage Jump Drive (16G 2-Pack),0.00,0.00,4.20,2030,100+ bought in past month,Electronics,{},https://m.media-amazon.com/images/I/81XB+0QH6aL._AC_UY218_.jpg,2026-01-30 20:02:44,2026-02-02 19:51:18
442,Amazon,B01B3HKNOQ,SanDisk Ultra Flair USB (5 Pack) 3.0 32GB Flash Drive High Performance SDCZ73-032G-G46 - with (2) Everything But Stromboli (tm) Lanyard,34.00,43.86,3.20,23243,Amazon,Electronics,{},https://m.media-amazon.com/images/I/71Vslu0U4DL._AC_UY218_.jpg,2026-01-30 20:02:44,2026-02-02 19:51:18
443,Amazon,AMZ_SAMPLE_10_0,Apple laptop Model 1,406.28,1851.85,3.60,19692,Apple Store,Electronics,{},https://via.placeholder.com/150?text=Apple,2026-01-30 20:02:55,2026-02-02 19:51:18
444,Amazon,AMZ_SAMPLE_10_1,Lenovo laptop Model 2,1625.25,1556.70,4.20,35690,Lenovo Store,Electronics,{},https://via.placeholder.com/150?text=Lenovo,2026-01-30 20:02:55,2026-02-02 19:51:18
445,Amazon,AMZ_SAMPLE_10_2,Apple laptop Model 3,1180.82,1154.94,3.90,24452,Apple Store,Electronics,{},https://via.placeholder.com/150?text=Apple,2026-01-30 20:02:55,2026-02-02 19:51:18
446,Amazon,AMZ_SAMPLE_10_3,Apple laptop Model 4,1848.48,1361.17,4.50,32082,Apple Store,Electronics,{},https://via.placeholder.com/150?text=Apple,2026-01-30 20:02:55,2026-02-02 19:51:18
447,Amazon,AMZ_SAMPLE_10_4,Apple laptop Model 5,601.29,985.67,3.70,18914,Apple Store,Electronics,{},https://via.placeholder.com/150?text=Apple,2026-01-30 20:02:55,2026-02-02 19:51:18
448,Amazon,B07ZRC4CKQ,"AreTop 2GB USB Flash Drives 100 Pack, AreTop Premium USB2.0 Thumb Drives Bulk USB Pendrive Memory Stick Jump Drive 100 Pack Flash Drives Bulk (2GB 100",133.00,172.26,4.80,48123,(GBP 1.33GBP1.33/count),Electronics,{},https://m.media-amazon.com/images/I/71LyK8HS9+L._AC_UY218_.jpg,2026-01-30 20:02:57,2026-02-02 19:51:18
449,Amazon,B009GX7D0M,Verbatim 128GB PinStripe USB 2.0 Flash Drive Retractable Thumb Drive - Black,11.00,12.43,3.20,15147,200+ bought in past month,Electronics,{},https://m.media-amazon.com/images/I/71NKKEKkkyL._AC_UY218_.jpg,2026-01-30 20:02:57,2026-02-02 19:51:18
450,Amazon,B0DGQ1J68R,"Transcend ESD310 128GB External SSD, Up to 1,050MB/s, Dual USB Flash Drive for iPhone/iPad/Mac/Windows, Android/Tablet/PC, USB 3.2 Gen 2 Thumb Drive P",20.00,23.09,4.60,42564,500+ bought in past month,Electronics,{},https://m.media-amazon.com/images/I/61WTtdHhquL._AC_UY218_.jpg,2026-01-30 20:02:57,2026-02-02 19:51:18
451,Amazon,B018SWA1RS,SanDisk Cruzer Glide 32GB (10 Pack) Cruzer USB 2.0 Flash Drive Jump Drive Pen Drive CZ60 Bundle with (5) Everything But Stromboli Lanyards,53.00,68.25,4.30,25432,Amazon,Electronics,{},https://m.media-amazon.com/images/I/81EnvFHb1DL._AC_UY218_.jpg,2026-01-30 20:02:57,2026-02-02 19:51:18
452,Amazon,B07WVGW1VC,"Christmas USB Flash Drive 5 Pack 8GB, Leizhan Novelty Thumb Drive Thanksgiving Memory Stick Santa Claus, Christmas Tree, Elk, Snowman, Dog Pendrive Ne",19.00,22.21,4.00,3938,(GBP 3.99GBP3.99/count),Electronics,{},https://m.media-amazon.com/images/I/513vfCJKCJL._AC_UY218_.jpg,2026-01-30 20:02:57,2026-02-02 19:51:18
453,Amazon,B00TUBVRIE,Integral 32GB Secure 360 Encrypted USB3.0 Flash Drive (256-bit AES Encryption),13.00,16.08,3.30,8937,Amazon,Electronics,{},https://m.media-amazon.com/images/I/71i3nu2KRuL._AC_UY218_.jpg,2026-01-30 20:02:57,2026-02-02 19:51:18
454,Amazon,B07F666PT4,"Aiibe 10pcs 16GB USB 2.0 Flash Drives Bulk 10 Pack Swivel USB Memory Stick 16GB Thumb Drives Zip Drive Jump Drive with LED Indicator (16G, 10 Pack, Bl",24.00,29.17,3.50,17335,50+ bought in past month,Electronics,{},https://m.media-amazon.com/images/I/71H3NZVlEPL._AC_UY218_.jpg,2026-01-30 20:02:57,2026-02-02 19:51:18
455,Amazon,B07QRVDV7L,5 Pack Rectangle Wood 2.0/3.0 USB Flash Drive USB Disk Memory Stick with Wooden (2.0/32GB),15.00,19.03,3.90,18603,Amazon,Electronics,{},https://m.media-amazon.com/images/I/61t62QgV7BL._AC_UY218_.jpg,2026-01-30 20:02:57,2026-02-02 19:51:18
456,Amazon,B0BDX8CGSQ,Wooden USB Flash Drives PENDRIVE Thumb Drives U Disk Memory Sticks for Birthday Business Valentine's Day Present (64GB USB3.0),13.00,16.70,4.10,49675,Amazon,Electronics,{},https://m.media-amazon.com/images/I/71MPyoeN9aL._AC_UY218_.jpg,2026-01-30 20:02:57,2026-02-02 19:51:18
457,Amazon,B0B9FWMWSH,Bilious 64GB Flash Drive Animal Series Waterproof USB 3.0 Thumb Drive Cute Cartoon Memory Stick Small Size USB Drive Gift,8.00,9.59,3.80,27480,Amazon,Electronics,{},https://m.media-amazon.com/images/I/610w874hPbL._AC_UY218_.jpg,2026-01-30 20:02:57,2026-02-02 19:51:18
458,Amazon,B0CHB2BJF6,128GB USB Flash Drives 1 Pack 128GB Thumb Drives Memory Stick Jump Drive with LED Light for Storage and Backup (1 Pack Blue),9.00,10.94,5.00,5225,100+ bought in past month,Electronics,{},https://m.media-amazon.com/images/I/61L+Lasr4oL._AC_UY218_.jpg,2026-01-30 20:02:57,2026-02-02 19:51:18
459,Amazon,B01DWNMFM2,Verbatim 128GB Pinstripe USB 3.2 Gen 1 Flash Drive Retractable Thumb Drive - Black,0.00,0.00,4.50,34290,50+ bought in past month,Electronics,{},https://m.media-amazon.com/images/I/61jFTnoNhSS._AC_UY218_.jpg,2026-01-30 20:02:57,2026-02-02 19:51:18
460,Amazon,B0BGYPPJ8D,High-Speed Cassette Tape Shape Flash | Flash Disk Cassette Tape Flash | Audio Cassette USB Stick White 2GB | Memory Stick Thumb Drives,7.00,7.85,3.40,34395,Typical:,Electronics,{},https://m.media-amazon.com/images/I/41G8e1V3QML._AC_UY218_.jpg,2026-01-30 20:02:57,2026-02-02 19:51:18
461,Amazon,B083D59T5Q,Hard Drive Eraser Bootable USB Flash Drive – Secure Disk Wipe Utility for PC | Permanently Delete Data to DOD 5220.22-M Standard – Safe for HDD & SSD,14.00,18.01,3.40,13142,Shop products from small business brands sold in A,Electronics,{},https://m.media-amazon.com/images/I/71LRttQ18NL._AC_UY218_.jpg,2026-01-30 20:02:57,2026-02-02 19:51:18
462,Amazon,B07G2X8H4M,"TOPESEL 64GB USB 3.0 Type C Dual OTG Flash Drive USB C Thumb Drive Memory Stick for USB-C Smartphones, Tablets & New MacBook",8.00,10.30,3.20,47131,Amazon,Electronics,{},https://m.media-amazon.com/images/I/61oMf9kZEQL._AC_UY218_.jpg,2026-01-30 20:02:57,2026-02-02 19:51:18
463,JD.com,JD_SAMPLE_1_0,苹果手表型号1,1439.00,1726.00,4.60,56118,苹果官方旗舰店,手表,"{""内存"": ""12GB"", ""品牌"": ""苹果"", ""颜色"": ""蓝色""}",https://via.placeholder.com/150?text=苹果,2026-01-30 20:02:58,2026-02-02 19:51:17
464,JD.com,JD_SAMPLE_1_1,华为手机型号2,9252.00,11102.00,4.10,9742,华为官方旗舰店,手机,"{""内存"": ""12GB"", ""品牌"": ""华为"", ""颜色"": ""黑色""}",https://via.placeholder.com/150?text=华为,2026-01-30 20:02:58,2026-02-02 19:51:17
465,JD.com,JD_SAMPLE_1_2,戴尔手表型号3,3879.00,4654.00,4.30,66864,戴尔官方旗舰店,手表,"{""内存"": ""8GB"", ""品牌"": ""戴尔"", ""颜色"": ""黑色""}",https://via.placeholder.com/150?text=戴尔,2026-01-30 20:02:58,2026-02-02 19:51:17
466,JD.com,JD_SAMPLE_1_3,三星耳机型号4,2115.00,2538.00,4.30,29178,三星官方旗舰店,耳机,"{""内存"": ""16GB"", ""品牌"": ""三星"", ""颜色"": ""白色""}",https://via.placeholder.com/150?text=三星,2026-01-30 20:02:58,2026-02-02 19:51:17
467,JD.com,JD_SAMPLE_1_4,小米手表型号5,6947.00,8336.00,4.90,72693,小米官方旗舰店,手表,"{""内存"": ""12GB"", ""品牌"": ""小米"", ""颜色"": ""白色""}",https://via.placeholder.com/150?text=小米,2026-01-30 20:02:58,2026-02-02 19:51:17
468,JD.com,JD_SAMPLE_1_5,小米平板型号6,1176.00,1411.00,4.70,77454,小米官方旗舰店,平板,"{""内存"": ""12GB"", ""品牌"": ""小米"", ""颜色"": ""蓝色""}",https://via.placeholder.com/150?text=小米,2026-01-30 20:02:58,2026-02-02 19:51:17
469,JD.com,JD_SAMPLE_1_6,戴尔手表型号7,5020.00,6024.00,4.20,7179,戴尔官方旗舰店,手表,"{""内存"": ""12GB"", ""品牌"": ""戴尔"", ""颜色"": ""蓝色""}",https://via.placeholder.com/150?text=戴尔,2026-01-30 20:02:58,2026-02-02 19:51:17
470,JD.com,JD_SAMPLE_1_7,戴尔手机型号8,1258.00,1509.00,4.30,62337,戴尔官方旗舰店,手机,"{""内存"": ""16GB"", ""品牌"": ""戴尔"", ""颜色"": ""白色""}",https://via.placeholder.com/150?text=戴尔,2026-01-30 20:02:58,2026-02-02 19:51:17
471,JD.com,JD_SAMPLE_2_0,华为手机型号1,2546.00,3055.00,3.90,23395,华为官方旗舰店,手机,"{""内存"": ""12GB"", ""品牌"": ""华为"", ""颜色"": ""黑色""}",https://via.placeholder.com/150?text=华为,2026-01-30 20:02:58,2026-02-02 19:51:17
472,JD.com,JD_SAMPLE_2_1,联想手机型号2,5140.00,6168.00,4.10,96867,联想官方旗舰店,手机,"{""内存"": ""16GB"", ""品牌"": ""联想"", ""颜色"": ""白色""}",https://via.placeholder.com/150?text=联想,2026-01-30 20:02:58,2026-02-02 19:51:17
473,JD.com,JD_SAMPLE_2_2,小米笔记本型号3,7697.00,9236.00,4.10,77837,小米官方旗舰店,笔记本,"{""内存"": ""16GB"", ""品牌"": ""小米"", ""颜色"": ""蓝色""}",https://via.placeholder.com/150?text=小米,2026-01-30 20:02:58,2026-02-02 19:51:17
474,JD.com,JD_SAMPLE_2_3,苹果笔记本型号4,1602.00,1922.00,4.20,30594,苹果官方旗舰店,笔记本,"{""内存"": ""12GB"", ""品牌"": ""苹果"", ""颜色"": ""黑色""}",https://via.placeholder.com/150?text=苹果,2026-01-30 20:02:58,2026-02-02 19:51:17
475,JD.com,JD_SAMPLE_2_4,联想平板型号5,9724.00,11668.00,4.50,8714,联想官方旗舰店,平板,"{""内存"": ""12GB"", ""品牌"": ""联想"", ""颜色"": ""白色""}",https://via.placeholder.com/150?text=联想,2026-01-30 20:02:58,2026-02-02 19:51:17
476,JD.com,JD_SAMPLE_2_5,联想耳机型号6,6165.00,7398.00,4.90,11595,联想官方旗舰店,耳机,"{""内存"": ""8GB"", ""品牌"": ""联想"", ""颜色"": ""蓝色""}",https://via.placeholder.com/150?text=联想,2026-01-30 20:02:58,2026-02-02 19:51:17
477,JD.com,JD_SAMPLE_2_6,华为耳机型号7,4187.00,5024.00,4.00,22690,华为官方旗舰店,耳机,"{""内存"": ""12GB"", ""品牌"": ""华为"", ""颜色"": ""黑色""}",https://via.placeholder.com/150?text=华为,2026-01-30 20:02:58,2026-02-02 19:51:17
478,JD.com,JD_SAMPLE_2_7,苹果手表型号8,4130.00,4956.00,4.40,32463,苹果官方旗舰店,手表,"{""内存"": ""16GB"", ""品牌"": ""苹果"", ""颜色"": ""蓝色""}",https://via.placeholder.com/150?text=苹果,2026-01-30 20:02:58,2026-02-02 19:51:17
479,JD.com,JD_SAMPLE_3_0,三星手机型号1,7056.00,8467.00,4.90,25905,三星官方旗舰店,手机,"{""内存"": ""16GB"", ""品牌"": ""三星"", ""颜色"": ""蓝色""}",https://via.placeholder.com/150?text=三星,2026-01-30 20:02:58,2026-02-02 19:51:17
480,JD.com,JD_SAMPLE_3_1,联想手表型号2,1528.00,1833.00,4.70,21312,联想官方旗舰店,手表,"{""内存"": ""8GB"", ""品牌"": ""联想"", ""颜色"": ""蓝色""}",https://via.placeholder.com/150?text=联想,2026-01-30 20:02:58,2026-02-02 19:51:17
481,JD.com,JD_SAMPLE_3_2,小米笔记本型号3,5252.00,6302.00,4.10,92930,小米官方旗舰店,笔记本,"{""内存"": ""16GB"", ""品牌"": ""小米"", ""颜色"": ""蓝色""}",https://via.placeholder.com/150?text=小米,2026-01-30 20:02:58,2026-02-02 19:51:17
482,JD.com,JD_SAMPLE_3_3,小米手机型号4,1742.00,2090.00,4.10,49798,小米官方旗舰店,手机,"{""内存"": ""8GB"", ""品牌"": ""小米"", ""颜色"": ""蓝色""}",https://via.placeholder.com/150?text=小米,2026-01-30 20:02:58,2026-02-02 19:51:17
483,JD.com,JD_SAMPLE_3_4,华为笔记本型号5,1980.00,2376.00,4.60,44426,华为官方旗舰店,笔记本,"{""内存"": ""8GB"", ""品牌"": ""华为"", ""颜色"": ""蓝色""}",https://via.placeholder.com/150?text=华为,2026-01-30 20:02:58,2026-02-02 19:51:17
484,JD.com,JD_SAMPLE_3_5,三星笔记本型号6,2168.00,2601.00,3.90,81224,三星官方旗舰店,笔记本,"{""内存"": ""12GB"", ""品牌"": ""三星"", ""颜色"": ""白色""}",https://via.placeholder.com/150?text=三星,2026-01-30 20:02:58,2026-02-02 19:51:17
485,JD.com,JD_SAMPLE_3_6,三星手表型号7,6216.00,7459.00,4.00,25181,三星官方旗舰店,手表,"{""内存"": ""12GB"", ""品牌"": ""三星"", ""颜色"": ""黑色""}",https://via.placeholder.com/150?text=三星,2026-01-30 20:02:58,2026-02-02 19:51:17
486,JD.com,JD_SAMPLE_3_7,戴尔耳机型号8,2729.00,3274.00,4.30,50551,戴尔官方旗舰店,耳机,"{""内存"": ""8GB"", ""品牌"": ""戴尔"", ""颜色"": ""黑色""}",https://via.placeholder.com/150?text=戴尔,2026-01-30 20:02:58,2026-02-02 19:51:17
487,JD.com,JD_SAMPLE_4_0,三星耳机型号1,6689.00,8026.00,4.80,51003,三星官方旗舰店,耳机,"{""内存"": ""8GB"", ""品牌"": ""三星"", ""颜色"": ""蓝色""}",https://via.placeholder.com/150?text=三星,2026-01-30 20:02:58,2026-02-02 19:51:17
488,JD.com,JD_SAMPLE_4_1,戴尔手表型号2,3876.00,4651.00,3.80,88373,戴尔官方旗舰店,手表,"{""内存"": ""16GB"", ""品牌"": ""戴尔"", ""颜色"": ""黑色""}",https://via.placeholder.com/150?text=戴尔,2026-01-30 20:02:58,2026-02-02 19:51:17
489,JD.com,JD_SAMPLE_4_2,戴尔平板型号3,7463.00,8955.00,4.30,39696,戴尔官方旗舰店,平板,"{""内存"": ""16GB"", ""品牌"": ""戴尔"", ""颜色"": ""黑色""}",https://via.placeholder.com/150?text=戴尔,2026-01-30 20:02:58,2026-02-02 19:51:17
490,JD.com,JD_SAMPLE_4_3,华为笔记本型号4,8410.00,10092.00,4.50,31753,华为官方旗舰店,笔记本,"{""内存"": ""12GB"", ""品牌"": ""华为"", ""颜色"": ""黑色""}",https://via.placeholder.com/150?text=华为,2026-01-30 20:02:58,2026-02-02 19:51:17
491,JD.com,JD_SAMPLE_4_4,苹果手机型号5,4372.00,5246.00,4.50,64462,苹果官方旗舰店,手机,"{""内存"": ""8GB"", ""品牌"": ""苹果"", ""颜色"": ""黑色""}",https://via.placeholder.com/150?text=苹果,2026-01-30 20:02:58,2026-02-02 19:51:17
492,JD.com,JD_SAMPLE_4_5,小米耳机型号6,3806.00,4567.00,4.30,39108,小米官方旗舰店,耳机,"{""内存"": ""12GB"", ""品牌"": ""小米"", ""颜色"": ""蓝色""}",https://via.placeholder.com/150?text=小米,2026-01-30 20:02:58,2026-02-02 19:51:17
493,JD.com,JD_SAMPLE_4_6,苹果笔记本型号7,7608.00,9129.00,4.70,78988,苹果官方旗舰店,笔记本,"{""内存"": ""16GB"", ""品牌"": ""苹果"", ""颜色"": ""白色""}",https://via.placeholder.com/150?text=苹果,2026-01-30 20:02:58,2026-02-02 19:51:17
494,JD.com,JD_SAMPLE_4_7,戴尔平板型号8,2770.00,3324.00,3.90,49334,戴尔官方旗舰店,平板,"{""内存"": ""8GB"", ""品牌"": ""戴尔"", ""颜色"": ""黑色""}",https://via.placeholder.com/150?text=戴尔,2026-01-30 20:02:58,2026-02-02 19:51:17
495,JD.com,JD_SAMPLE_5_0,戴尔平板型号1,3957.00,4748.00,3.90,61524,戴尔官方旗舰店,平板,"{""内存"": ""12GB"", ""品牌"": ""戴尔"", ""颜色"": ""白色""}",https://via.placeholder.com/150?text=戴尔,2026-01-30 20:02:59,2026-02-02 19:51:17
496,JD.com,JD_SAMPLE_5_1,小米手机型号2,9136.00,10963.00,5.00,54483,小米官方旗舰店,手机,"{""内存"": ""16GB"", ""品牌"": ""小米"", ""颜色"": ""白色""}",https://via.placeholder.com/150?text=小米,2026-01-30 20:02:59,2026-02-02 19:51:17
497,JD.com,JD_SAMPLE_5_2,三星笔记本型号3,8486.00,10183.00,4.70,37197,三星官方旗舰店,笔记本,"{""内存"": ""12GB"", ""品牌"": ""三星"", ""颜色"": ""蓝色""}",https://via.placeholder.com/150?text=三星,2026-01-30 20:02:59,2026-02-02 19:51:17
498,JD.com,JD_SAMPLE_5_3,戴尔手表型号4,8474.00,10168.00,4.40,69523,戴尔官方旗舰店,手表,"{""内存"": ""8GB"", ""品牌"": ""戴尔"", ""颜色"": ""黑色""}",https://via.placeholder.com/150?text=戴尔,2026-01-30 20:02:59,2026-02-02 19:51:17
499,JD.com,JD_SAMPLE_5_4,华为笔记本型号5,7152.00,8582.00,4.70,81878,华为官方旗舰店,笔记本,"{""内存"": ""12GB"", ""品牌"": ""华为"", ""颜色"": ""蓝色""}",https://via.placeholder.com/150?text=华为,2026-01-30 20:02:59,2026-02-02 19:51:17
500,JD.com,JD_SAMPLE_5_5,戴尔笔记本型号6,2513.00,3015.00,4.30,40653,戴尔官方旗舰店,笔记本,"{""内存"": ""8GB"", ""品牌"": ""戴尔"", ""颜色"": ""蓝色""}",https://via.placeholder.com/150?text=戴尔,2026-01-30 20:02:59,2026-02-02 19:51:17
501,JD.com,JD_SAMPLE_5_6,小米平板型号7,1034.00,1240.00,5.00,58007,小米官方旗舰店,平板,"{""内存"": ""8GB"", ""品牌"": ""小米"", ""颜色"": ""黑色""}",https://via.placeholder.com/150?text=小米,2026-01-30 20:02:59,2026-02-02 19:51:17
502,JD.com,JD_SAMPLE_5_7,联想笔记本型号8,4203.00,5043.00,3.90,5347,联想官方旗舰店,笔记本,"{""内存"": ""12GB"", ""品牌"": ""联想"", ""颜色"": ""黑色""}",https://via.placeholder.com/150?text=联想,2026-01-30 20:02:59,2026-02-02 19:51:17
503,JD.com,JD_SAMPLE_6_0,华为耳机型号1,9888.00,11865.00,4.70,52629,华为官方旗舰店,耳机,"{""内存"": ""8GB"", ""品牌"": ""华为"", ""颜色"": ""白色""}",https://via.placeholder.com/150?text=华为,2026-01-30 20:02:59,2026-02-02 19:51:17
504,JD.com,JD_SAMPLE_6_1,三星手机型号2,9407.00,11288.00,4.50,6498,三星官方旗舰店,手机,"{""内存"": ""8GB"", ""品牌"": ""三星"", ""颜色"": ""蓝色""}",https://via.placeholder.com/150?text=三星,2026-01-30 20:02:59,2026-02-02 19:51:17
505,JD.com,JD_SAMPLE_6_2,华为耳机型号3,9052.00,10862.00,4.60,75513,华为官方旗舰店,耳机,"{""内存"": ""16GB"", ""品牌"": ""华为"", ""颜色"": ""蓝色""}",https://via.placeholder.com/150?text=华为,2026-01-30 20:02:59,2026-02-02 19:51:17
506,JD.com,JD_SAMPLE_6_3,联想手机型号4,5131.00,6157.00,3.90,22344,联想官方旗舰店,手机,"{""内存"": ""16GB"", ""品牌"": ""联想"", ""颜色"": ""黑色""}",https://via.placeholder.com/150?text=联想,2026-01-30 20:02:59,2026-02-02 19:51:17
507,JD.com,JD_SAMPLE_6_4,联想笔记本型号5,1223.00,1467.00,4.90,95986,联想官方旗舰店,笔记本,"{""内存"": ""16GB"", ""品牌"": ""联想"", ""颜色"": ""黑色""}",https://via.placeholder.com/150?text=联想,2026-01-30 20:02:59,2026-02-02 19:51:17
508,JD.com,JD_SAMPLE_6_5,小米手表型号6,2006.00,2407.00,4.50,66515,小米官方旗舰店,手表,"{""内存"": ""12GB"", ""品牌"": ""小米"", ""颜色"": ""蓝色""}",https://via.placeholder.com/150?text=小米,2026-01-30 20:02:59,2026-02-02 19:51:17
509,JD.com,JD_SAMPLE_6_6,苹果手表型号7,4983.00,5979.00,4.10,63415,苹果官方旗舰店,手表,"{""内存"": ""12GB"", ""品牌"": ""苹果"", ""颜色"": ""黑色""}",https://via.placeholder.com/150?text=苹果,2026-01-30 20:02:59,2026-02-02 19:51:17
510,JD.com,JD_SAMPLE_6_7,联想平板型号8,9943.00,11931.00,4.60,44815,联想官方旗舰店,平板,"{""内存"": ""8GB"", ""品牌"": ""联想"", ""颜色"": ""蓝色""}",https://via.placeholder.com/150?text=联想,2026-01-30 20:02:59,2026-02-02 19:51:17
511,JD.com,JD_SAMPLE_7_0,戴尔耳机型号1,9281.00,11137.00,4.90,96383,戴尔官方旗舰店,耳机,"{""内存"": ""12GB"", ""品牌"": ""戴尔"", ""颜色"": ""蓝色""}",https://via.placeholder.com/150?text=戴尔,2026-01-30 20:02:59,2026-02-02 19:51:17
512,JD.com,JD_SAMPLE_7_1,戴尔手表型号2,4178.00,5013.00,4.20,63126,戴尔官方旗舰店,手表,"{""内存"": ""16GB"", ""品牌"": ""戴尔"", ""颜色"": ""白色""}",https://via.placeholder.com/150?text=戴尔,2026-01-30 20:02:59,2026-02-02 19:51:17
513,JD.com,JD_SAMPLE_7_2,戴尔耳机型号3,3065.00,3678.00,4.70,68911,戴尔官方旗舰店,耳机,"{""内存"": ""16GB"", ""品牌"": ""戴尔"", ""颜色"": ""白色""}",https://via.placeholder.com/150?text=戴尔,2026-01-30 20:02:59,2026-02-02 19:51:17
514,JD.com,JD_SAMPLE_7_3,联想笔记本型号4,2820.00,3384.00,4.70,80375,联想官方旗舰店,笔记本,"{""内存"": ""8GB"", ""品牌"": ""联想"", ""颜色"": ""白色""}",https://via.placeholder.com/150?text=联想,2026-01-30 20:02:59,2026-02-02 19:51:17
515,JD.com,JD_SAMPLE_7_4,三星平板型号5,4018.00,4821.00,4.90,56430,三星官方旗舰店,平板,"{""内存"": ""8GB"", ""品牌"": ""三星"", ""颜色"": ""黑色""}",https://via.placeholder.com/150?text=三星,2026-01-30 20:02:59,2026-02-02 19:51:17
516,JD.com,JD_SAMPLE_7_5,联想耳机型号6,4823.00,5787.00,4.80,28627,联想官方旗舰店,耳机,"{""内存"": ""16GB"", ""品牌"": ""联想"", ""颜色"": ""蓝色""}",https://via.placeholder.com/150?text=联想,2026-01-30 20:02:59,2026-02-02 19:51:17
517,JD.com,JD_SAMPLE_7_6,三星手表型号7,3773.00,4527.00,4.60,64954,三星官方旗舰店,手表,"{""内存"": ""16GB"", ""品牌"": ""三星"", ""颜色"": ""黑色""}",https://via.placeholder.com/150?text=三星,2026-01-30 20:02:59,2026-02-02 19:51:17
518,JD.com,JD_SAMPLE_7_7,华为手机型号8,3129.00,3754.00,4.60,90905,华为官方旗舰店,手机,"{""内存"": ""12GB"", ""品牌"": ""华为"", ""颜色"": ""黑色""}",https://via.placeholder.com/150?text=华为,2026-01-30 20:02:59,2026-02-02 19:51:17
519,JD.com,JD_SAMPLE_8_0,戴尔手机型号1,4643.00,5571.00,4.20,40519,戴尔官方旗舰店,手机,"{""内存"": ""12GB"", ""品牌"": ""戴尔"", ""颜色"": ""白色""}",https://via.placeholder.com/150?text=戴尔,2026-01-30 20:02:59,2026-02-02 19:51:17
520,JD.com,JD_SAMPLE_8_1,小米耳机型号2,4694.00,5632.00,4.40,39962,小米官方旗舰店,耳机,"{""内存"": ""8GB"", ""品牌"": ""小米"", ""颜色"": ""黑色""}",https://via.placeholder.com/150?text=小米,2026-01-30 20:02:59,2026-02-02 19:51:17
521,JD.com,JD_SAMPLE_8_2,三星平板型号3,5730.00,6876.00,4.70,9746,三星官方旗舰店,平板,"{""内存"": ""8GB"", ""品牌"": ""三星"", ""颜色"": ""黑色""}",https://via.placeholder.com/150?text=三星,2026-01-30 20:02:59,2026-02-02 19:51:17
522,JD.com,JD_SAMPLE_8_3,三星手机型号4,5978.00,7173.00,3.90,23726,三星官方旗舰店,手机,"{""内存"": ""8GB"", ""品牌"": ""三星"", ""颜色"": ""黑色""}",https://via.placeholder.com/150?text=三星,2026-01-30 20:02:59,2026-02-02 19:51:17
523,JD.com,JD_SAMPLE_8_4,华为手表型号5,9355.00,11226.00,4.40,13014,华为官方旗舰店,手表,"{""内存"": ""8GB"", ""品牌"": ""华为"", ""颜色"": ""黑色""}",https://via.placeholder.com/150?text=华为,2026-01-30 20:02:59,2026-02-02 19:51:17
524,JD.com,JD_SAMPLE_8_5,小米手表型号6,4801.00,5761.00,3.90,40118,小米官方旗舰店,手表,"{""内存"": ""12GB"", ""品牌"": ""小米"", ""颜色"": ""蓝色""}",https://via.placeholder.com/150?text=小米,2026-01-30 20:02:59,2026-02-02 19:51:17
525,JD.com,JD_SAMPLE_8_6,小米耳机型号7,4263.00,5115.00,4.60,70939,小米官方旗舰店,耳机,"{""内存"": ""12GB"", ""品牌"": ""小米"", ""颜色"": ""白色""}",https://via.placeholder.com/150?text=小米,2026-01-30 20:02:59,2026-02-02 19:51:17
526,JD.com,JD_SAMPLE_8_7,联想手表型号8,5050.00,6060.00,4.40,63014,联想官方旗舰店,手表,"{""内存"": ""16GB"", ""品牌"": ""联想"", ""颜色"": ""黑色""}",https://via.placeholder.com/150?text=联想,2026-01-30 20:02:59,2026-02-02 19:51:17
527,JD.com,JD_SAMPLE_9_0,苹果手机型号1,7933.00,9519.00,4.40,74318,苹果官方旗舰店,手机,"{""内存"": ""16GB"", ""品牌"": ""苹果"", ""颜色"": ""蓝色""}",https://via.placeholder.com/150?text=苹果,2026-01-30 20:02:59,2026-02-02 19:51:17
528,JD.com,JD_SAMPLE_9_1,联想手表型号2,3011.00,3613.00,4.80,38542,联想官方旗舰店,手表,"{""内存"": ""8GB"", ""品牌"": ""联想"", ""颜色"": ""黑色""}",https://via.placeholder.com/150?text=联想,2026-01-30 20:02:59,2026-02-02 19:51:17
529,JD.com,JD_SAMPLE_9_2,联想平板型号3,1612.00,1934.00,4.40,21620,联想官方旗舰店,平板,"{""内存"": ""12GB"", ""品牌"": ""联想"", ""颜色"": ""黑色""}",https://via.placeholder.com/150?text=联想,2026-01-30 20:02:59,2026-02-02 19:51:17
530,JD.com,JD_SAMPLE_9_3,戴尔耳机型号4,7654.00,9184.00,4.80,85119,戴尔官方旗舰店,耳机,"{""内存"": ""8GB"", ""品牌"": ""戴尔"", ""颜色"": ""黑色""}",https://via.placeholder.com/150?text=戴尔,2026-01-30 20:02:59,2026-02-02 19:51:17
531,JD.com,JD_SAMPLE_9_4,苹果手机型号5,1449.00,1738.00,4.90,85770,苹果官方旗舰店,手机,"{""内存"": ""8GB"", ""品牌"": ""苹果"", ""颜色"": ""白色""}",https://via.placeholder.com/150?text=苹果,2026-01-30 20:02:59,2026-02-02 19:51:17
532,JD.com,JD_SAMPLE_9_5,华为笔记本型号6,3033.00,3639.00,4.20,99331,华为官方旗舰店,笔记本,"{""内存"": ""16GB"", ""品牌"": ""华为"", ""颜色"": ""蓝色""}",https://via.placeholder.com/150?text=华为,2026-01-30 20:02:59,2026-02-02 19:51:17
533,JD.com,JD_SAMPLE_9_6,联想平板型号7,2432.00,2918.00,4.40,57697,联想官方旗舰店,平板,"{""内存"": ""12GB"", ""品牌"": ""联想"", ""颜色"": ""蓝色""}",https://via.placeholder.com/150?text=联想,2026-01-30 20:02:59,2026-02-02 19:51:17
534,JD.com,JD_SAMPLE_9_7,联想手表型号8,5118.00,6141.00,4.60,67393,联想官方旗舰店,手表,"{""内存"": ""8GB"", ""品牌"": ""联想"", ""颜色"": ""蓝色""}",https://via.placeholder.com/150?text=联想,2026-01-30 20:02:59,2026-02-02 19:51:17
535,JD.com,JD_SAMPLE_10_0,华为手表型号1,7526.00,9031.00,3.90,62284,华为官方旗舰店,手表,"{""内存"": ""16GB"", ""品牌"": ""华为"", ""颜色"": ""黑色""}",https://via.placeholder.com/150?text=华为,2026-01-30 20:03:00,2026-02-02 19:51:17
536,JD.com,JD_SAMPLE_10_1,三星耳机型号2,4917.00,5900.00,3.90,31722,三星官方旗舰店,耳机,"{""内存"": ""8GB"", ""品牌"": ""三星"", ""颜色"": ""白色""}",https://via.placeholder.com/150?text=三星,2026-01-30 20:03:00,2026-02-02 19:51:17
537,JD.com,JD_SAMPLE_10_2,华为手机型号3,7601.00,9121.00,4.00,94465,华为官方旗舰店,手机,"{""内存"": ""8GB"", ""品牌"": ""华为"", ""颜色"": ""白色""}",https://via.placeholder.com/150?text=华为,2026-01-30 20:03:00,2026-02-02 19:51:17
538,JD.com,JD_SAMPLE_10_3,苹果耳机型号4,8610.00,10332.00,4.70,88596,苹果官方旗舰店,耳机,"{""内存"": ""8GB"", ""品牌"": ""苹果"", ""颜色"": ""蓝色""}",https://via.placeholder.com/150?text=苹果,2026-01-30 20:03:00,2026-02-02 19:51:17
539,JD.com,JD_SAMPLE_10_4,苹果平板型号5,7324.00,8788.00,4.10,92470,苹果官方旗舰店,平板,"{""内存"": ""8GB"", ""品牌"": ""苹果"", ""颜色"": ""蓝色""}",https://via.placeholder.com/150?text=苹果,2026-01-30 20:03:00,2026-02-02 19:51:17
540,JD.com,JD_SAMPLE_10_5,苹果笔记本型号6,1416.00,1699.00,4.00,52672,苹果官方旗舰店,笔记本,"{""内存"": ""8GB"", ""品牌"": ""苹果"", ""颜色"": ""蓝色""}",https://via.placeholder.com/150?text=苹果,2026-01-30 20:03:00,2026-02-02 19:51:17
541,JD.com,JD_SAMPLE_10_6,三星平板型号7,3005.00,3606.00,5.00,22895,三星官方旗舰店,平板,"{""内存"": ""12GB"", ""品牌"": ""三星"", ""颜色"": ""黑色""}",https://via.placeholder.com/150?text=三星,2026-01-30 20:03:00,2026-02-02 19:51:17
542,JD.com,JD_SAMPLE_10_7,联想笔记本型号8,9626.00,11551.00,4.10,27712,联想官方旗舰店,笔记本,"{""内存"": ""8GB"", ""品牌"": ""联想"", ""颜色"": ""蓝色""}",https://via.placeholder.com/150?text=联想,2026-01-30 20:03:00,2026-02-02 19:51:17
543,JD.com,JD_SAMPLE_11_0,苹果手表型号1,3178.00,3813.00,4.60,29875,苹果官方旗舰店,手表,"{""内存"": ""8GB"", ""品牌"": ""苹果"", ""颜色"": ""黑色""}",https://via.placeholder.com/150?text=苹果,2026-01-30 20:03:00,2026-02-02 19:51:17
544,JD.com,JD_SAMPLE_11_1,小米平板型号2,9517.00,11420.00,4.60,55322,小米官方旗舰店,平板,"{""内存"": ""12GB"", ""品牌"": ""小米"", ""颜色"": ""蓝色""}",https://via.placeholder.com/150?text=小米,2026-01-30 20:03:00,2026-02-02 19:51:17
545,JD.com,JD_SAMPLE_11_2,联想手机型号3,9892.00,11870.00,4.30,38070,联想官方旗舰店,手机,"{""内存"": ""16GB"", ""品牌"": ""联想"", ""颜色"": ""蓝色""}",https://via.placeholder.com/150?text=联想,2026-01-30 20:03:00,2026-02-02 19:51:17
546,JD.com,JD_SAMPLE_11_3,戴尔手机型号4,1378.00,1653.00,4.30,58155,戴尔官方旗舰店,手机,"{""内存"": ""12GB"", ""品牌"": ""戴尔"", ""颜色"": ""蓝色""}",https://via.placeholder.com/150?text=戴尔,2026-01-30 20:03:00,2026-02-02 19:51:17
547,JD.com,JD_SAMPLE_11_4,华为手表型号5,6893.00,8271.00,4.40,49889,华为官方旗舰店,手表,"{""内存"": ""8GB"", ""品牌"": ""华为"", ""颜色"": ""白色""}",https://via.placeholder.com/150?text=华为,2026-01-30 20:03:00,2026-02-02 19:51:17
548,JD.com,JD_SAMPLE_11_5,苹果耳机型号6,6435.00,7722.00,4.70,61714,苹果官方旗舰店,耳机,"{""内存"": ""8GB"", ""品牌"": ""苹果"", ""颜色"": ""白色""}",https://via.placeholder.com/150?text=苹果,2026-01-30 20:03:00,2026-02-02 19:51:17
549,JD.com,JD_SAMPLE_11_6,苹果平板型号7,5572.00,6686.00,4.10,64362,苹果官方旗舰店,平板,"{""内存"": ""12GB"", ""品牌"": ""苹果"", ""颜色"": ""黑色""}",https://via.placeholder.com/150?text=苹果,2026-01-30 20:03:00,2026-02-02 19:51:17
550,JD.com,JD_SAMPLE_11_7,华为手机型号8,5682.00,6818.00,4.40,87678,华为官方旗舰店,手机,"{""内存"": ""16GB"", ""品牌"": ""华为"", ""颜色"": ""蓝色""}",https://via.placeholder.com/150?text=华为,2026-01-30 20:03:00,2026-02-02 19:51:17
551,jd,JD_SAMPLE_12_0,小米手表型号1,6060.00,7272.00,4.40,86695,小米官方旗舰店,手表,"{""内存"": ""8GB"", ""品牌"": ""小米"", ""颜色"": ""蓝色""}",https://via.placeholder.com/150?text=小米,2026-01-30 19:59:27,2026-02-02 19:51:19
552,jd,JD_SAMPLE_12_1,小米平板型号2,7836.00,9403.00,4.40,40782,小米官方旗舰店,平板,"{""内存"": ""16GB"", ""品牌"": ""小米"", ""颜色"": ""黑色""}",https://via.placeholder.com/150?text=小米,2026-01-30 19:59:27,2026-02-02 19:51:19
553,jd,JD_SAMPLE_12_2,华为手机型号3,5494.00,6592.00,3.90,47867,华为官方旗舰店,手机,"{""内存"": ""12GB"", ""品牌"": ""华为"", ""颜色"": ""白色""}",https://via.placeholder.com/150?text=华为,2026-01-30 19:59:27,2026-02-02 19:51:19
554,jd,JD_SAMPLE_12_3,华为耳机型号4,1520.00,1824.00,5.00,46451,华为官方旗舰店,耳机,"{""内存"": ""12GB"", ""品牌"": ""华为"", ""颜色"": ""黑色""}",https://via.placeholder.com/150?text=华为,2026-01-30 19:59:27,2026-02-02 19:51:19
555,jd,JD_SAMPLE_12_4,华为笔记本型号5,5311.00,6373.00,4.90,31866,华为官方旗舰店,笔记本,"{""内存"": ""16GB"", ""品牌"": ""华为"", ""颜色"": ""白色""}",https://via.placeholder.com/150?text=华为,2026-01-30 19:59:27,2026-02-02 19:51:19
556,jd,JD_SAMPLE_1_0,苹果手表型号1,1439.00,1726.00,4.60,56118,苹果官方旗舰店,手表,"{""内存"": ""12GB"", ""品牌"": ""苹果"", ""颜色"": ""蓝色""}",https://via.placeholder.com/150?text=苹果,2026-01-30 20:02:58,2026-02-02 19:51:18
557,jd,JD_SAMPLE_1_1,华为手机型号2,9252.00,11102.00,4.10,9742,华为官方旗舰店,手机,"{""内存"": ""12GB"", ""品牌"": ""华为"", ""颜色"": ""黑色""}",https://via.placeholder.com/150?text=华为,2026-01-30 20:02:58,2026-02-02 19:51:18
558,jd,JD_SAMPLE_1_2,戴尔手表型号3,3879.00,4654.00,4.30,66864,戴尔官方旗舰店,手表,"{""内存"": ""8GB"", ""品牌"": ""戴尔"", ""颜色"": ""黑色""}",https://via.placeholder.com/150?text=戴尔,2026-01-30 20:02:58,2026-02-02 19:51:18
559,jd,JD_SAMPLE_1_3,三星耳机型号4,2115.00,2538.00,4.30,29178,三星官方旗舰店,耳机,"{""内存"": ""16GB"", ""品牌"": ""三星"", ""颜色"": ""白色""}",https://via.placeholder.com/150?text=三星,2026-01-30 20:02:58,2026-02-02 19:51:18
560,jd,JD_SAMPLE_1_4,小米手表型号5,6947.00,8336.00,4.90,72693,小米官方旗舰店,手表,"{""内存"": ""12GB"", ""品牌"": ""小米"", ""颜色"": ""白色""}",https://via.placeholder.com/150?text=小米,2026-01-30 20:02:58,2026-02-02 19:51:18
561,jd,JD_SAMPLE_1_5,小米平板型号6,1176.00,1411.00,4.70,77454,小米官方旗舰店,平板,"{""内存"": ""12GB"", ""品牌"": ""小米"", ""颜色"": ""蓝色""}",https://via.placeholder.com/150?text=小米,2026-01-30 20:02:58,2026-02-02 19:51:18
562,jd,JD_SAMPLE_1_6,戴尔手表型号7,5020.00,6024.00,4.20,7179,戴尔官方旗舰店,手表,"{""内存"": ""12GB"", ""品牌"": ""戴尔"", ""颜色"": ""蓝色""}",https://via.placeholder.com/150?text=戴尔,2026-01-30 20:02:58,2026-02-02 19:51:18
563,jd,JD_SAMPLE_1_7,戴尔手机型号8,1258.00,1509.00,4.30,62337,戴尔官方旗舰店,手机,"{""内存"": ""16GB"", ""品牌"": ""戴尔"", ""颜色"": ""白色""}",https://via.placeholder.com/150?text=戴尔,2026-01-30 20:02:58,2026-02-02 19:51:18
564,jd,JD_SAMPLE_2_0,华为手机型号1,2546.00,3055.00,3.90,23395,华为官方旗舰店,手机,"{""内存"": ""12GB"", ""品牌"": ""华为"", ""颜色"": ""黑色""}",https://via.placeholder.com/150?text=华为,2026-01-30 20:02:58,2026-02-02 19:51:18
565,jd,JD_SAMPLE_2_1,联想手机型号2,5140.00,6168.00,4.10,96867,联想官方旗舰店,手机,"{""内存"": ""16GB"", ""品牌"": ""联想"", ""颜色"": ""白色""}",https://via.placeholder.com/150?text=联想,2026-01-30 20:02:58,2026-02-02 19:51:18
566,jd,JD_SAMPLE_2_2,小米笔记本型号3,7697.00,9236.00,4.10,77837,小米官方旗舰店,笔记本,"{""内存"": ""16GB"", ""品牌"": ""小米"", ""颜色"": ""蓝色""}",https://via.placeholder.com/150?text=小米,2026-01-30 20:02:58,2026-02-02 19:51:18
567,jd,JD_SAMPLE_2_3,苹果笔记本型号4,1602.00,1922.00,4.20,30594,苹果官方旗舰店,笔记本,"{""内存"": ""12GB"", ""品牌"": ""苹果"", ""颜色"": ""黑色""}",https://via.placeholder.com/150?text=苹果,2026-01-30 20:02:58,2026-02-02 19:51:18
568,jd,JD_SAMPLE_2_4,联想平板型号5,9724.00,11668.00,4.50,8714,联想官方旗舰店,平板,"{""内存"": ""12GB"", ""品牌"": ""联想"", ""颜色"": ""白色""}",https://via.placeholder.com/150?text=联想,2026-01-30 20:02:58,2026-02-02 19:51:18
569,jd,JD_SAMPLE_2_5,联想耳机型号6,6165.00,7398.00,4.90,11595,联想官方旗舰店,耳机,"{""内存"": ""8GB"", ""品牌"": ""联想"", ""颜色"": ""蓝色""}",https://via.placeholder.com/150?text=联想,2026-01-30 20:02:58,2026-02-02 19:51:18
570,jd,JD_SAMPLE_2_6,华为耳机型号7,4187.00,5024.00,4.00,22690,华为官方旗舰店,耳机,"{""内存"": ""12GB"", ""品牌"": ""华为"", ""颜色"": ""黑色""}",https://via.placeholder.com/150?text=华为,2026-01-30 20:02:58,2026-02-02 19:51:18
571,jd,JD_SAMPLE_2_7,苹果手表型号8,4130.00,4956.00,4.40,32463,苹果官方旗舰店,手表,"{""内存"": ""16GB"", ""品牌"": ""苹果"", ""颜色"": ""蓝色""}",https://via.placeholder.com/150?text=苹果,2026-01-30 20:02:58,2026-02-02 19:51:18
572,jd,JD_SAMPLE_3_0,三星手机型号1,7056.00,8467.00,4.90,25905,三星官方旗舰店,手机,"{""内存"": ""16GB"", ""品牌"": ""三星"", ""颜色"": ""蓝色""}",https://via.placeholder.com/150?text=三星,2026-01-30 20:02:58,2026-02-02 19:51:18
573,jd,JD_SAMPLE_3_1,联想手表型号2,1528.00,1833.00,4.70,21312,联想官方旗舰店,手表,"{""内存"": ""8GB"", ""品牌"": ""联想"", ""颜色"": ""蓝色""}",https://via.placeholder.com/150?text=联想,2026-01-30 20:02:58,2026-02-02 19:51:18
574,jd,JD_SAMPLE_3_2,小米笔记本型号3,5252.00,6302.00,4.10,92930,小米官方旗舰店,笔记本,"{""内存"": ""16GB"", ""品牌"": ""小米"", ""颜色"": ""蓝色""}",https://via.placeholder.com/150?text=小米,2026-01-30 20:02:58,2026-02-02 19:51:18
575,jd,JD_SAMPLE_3_3,小米手机型号4,1742.00,2090.00,4.10,49798,小米官方旗舰店,手机,"{""内存"": ""8GB"", ""品牌"": ""小米"", ""颜色"": ""蓝色""}",https://via.placeholder.com/150?text=小米,2026-01-30 20:02:58,2026-02-02 19:51:18
576,jd,JD_SAMPLE_3_4,华为笔记本型号5,1980.00,2376.00,4.60,44426,华为官方旗舰店,笔记本,"{""内存"": ""8GB"", ""品牌"": ""华为"", ""颜色"": ""蓝色""}",https://via.placeholder.com/150?text=华为,2026-01-30 20:02:58,2026-02-02 19:51:18
577,jd,JD_SAMPLE_3_5,三星笔记本型号6,2168.00,2601.00,3.90,81224,三星官方旗舰店,笔记本,"{""内存"": ""12GB"", ""品牌"": ""三星"", ""颜色"": ""白色""}",https://via.placeholder.com/150?text=三星,2026-01-30 20:02:58,2026-02-02 19:51:18
578,jd,JD_SAMPLE_3_6,三星手表型号7,6216.00,7459.00,4.00,25181,三星官方旗舰店,手表,"{""内存"": ""12GB"", ""品牌"": ""三星"", ""颜色"": ""黑色""}",https://via.placeholder.com/150?text=三星,2026-01-30 20:02:58,2026-02-02 19:51:18
579,jd,JD_SAMPLE_3_7,戴尔耳机型号8,2729.00,3274.00,4.30,50551,戴尔官方旗舰店,耳机,"{""内存"": ""8GB"", ""品牌"": ""戴尔"", ""颜色"": ""黑色""}",https://via.placeholder.com/150?text=戴尔,2026-01-30 20:02:58,2026-02-02 19:51:18
580,jd,JD_SAMPLE_4_0,三星耳机型号1,6689.00,8026.00,4.80,51003,三星官方旗舰店,耳机,"{""内存"": ""8GB"", ""品牌"": ""三星"", ""颜色"": ""蓝色""}",https://via.placeholder.com/150?text=三星,2026-01-30 20:02:58,2026-02-02 19:51:18
581,jd,JD_SAMPLE_4_1,戴尔手表型号2,3876.00,4651.00,3.80,88373,戴尔官方旗舰店,手表,"{""内存"": ""16GB"", ""品牌"": ""戴尔"", ""颜色"": ""黑色""}",https://via.placeholder.com/150?text=戴尔,2026-01-30 20:02:58,2026-02-02 19:51:18
582,jd,JD_SAMPLE_4_2,戴尔平板型号3,7463.00,8955.00,4.30,39696,戴尔官方旗舰店,平板,"{""内存"": ""16GB"", ""品牌"": ""戴尔"", ""颜色"": ""黑色""}",https://via.placeholder.com/150?text=戴尔,2026-01-30 20:02:58,2026-02-02 19:51:18
583,jd,JD_SAMPLE_4_3,华为笔记本型号4,8410.00,10092.00,4.50,31753,华为官方旗舰店,笔记本,"{""内存"": ""12GB"", ""品牌"": ""华为"", ""颜色"": ""黑色""}",https://via.placeholder.com/150?text=华为,2026-01-30 20:02:58,2026-02-02 19:51:18
584,jd,JD_SAMPLE_4_4,苹果手机型号5,4372.00,5246.00,4.50,64462,苹果官方旗舰店,手机,"{""内存"": ""8GB"", ""品牌"": ""苹果"", ""颜色"": ""黑色""}",https://via.placeholder.com/150?text=苹果,2026-01-30 20:02:58,2026-02-02 19:51:18
585,jd,JD_SAMPLE_4_5,小米耳机型号6,3806.00,4567.00,4.30,39108,小米官方旗舰店,耳机,"{""内存"": ""12GB"", ""品牌"": ""小米"", ""颜色"": ""蓝色""}",https://via.placeholder.com/150?text=小米,2026-01-30 20:02:58,2026-02-02 19:51:18
586,jd,JD_SAMPLE_4_6,苹果笔记本型号7,7608.00,9129.00,4.70,78988,苹果官方旗舰店,笔记本,"{""内存"": ""16GB"", ""品牌"": ""苹果"", ""颜色"": ""白色""}",https://via.placeholder.com/150?text=苹果,2026-01-30 20:02:58,2026-02-02 19:51:18
587,jd,JD_SAMPLE_4_7,戴尔平板型号8,2770.00,3324.00,3.90,49334,戴尔官方旗舰店,平板,"{""内存"": ""8GB"", ""品牌"": ""戴尔"", ""颜色"": ""黑色""}",https://via.placeholder.com/150?text=戴尔,2026-01-30 20:02:58,2026-02-02 19:51:18
588,jd,JD_SAMPLE_5_0,戴尔平板型号1,3957.00,4748.00,3.90,61524,戴尔官方旗舰店,平板,"{""内存"": ""12GB"", ""品牌"": ""戴尔"", ""颜色"": ""白色""}",https://via.placeholder.com/150?text=戴尔,2026-01-30 20:02:59,2026-02-02 19:51:18
589,jd,JD_SAMPLE_5_1,小米手机型号2,9136.00,10963.00,5.00,54483,小米官方旗舰店,手机,"{""内存"": ""16GB"", ""品牌"": ""小米"", ""颜色"": ""白色""}",https://via.placeholder.com/150?text=小米,2026-01-30 20:02:59,2026-02-02 19:51:18
590,jd,JD_SAMPLE_5_2,三星笔记本型号3,8486.00,10183.00,4.70,37197,三星官方旗舰店,笔记本,"{""内存"": ""12GB"", ""品牌"": ""三星"", ""颜色"": ""蓝色""}",https://via.placeholder.com/150?text=三星,2026-01-30 20:02:59,2026-02-02 19:51:19
591,jd,JD_SAMPLE_5_3,戴尔手表型号4,8474.00,10168.00,4.40,69523,戴尔官方旗舰店,手表,"{""内存"": ""8GB"", ""品牌"": ""戴尔"", ""颜色"": ""黑色""}",https://via.placeholder.com/150?text=戴尔,2026-01-30 20:02:59,2026-02-02 19:51:19
592,jd,JD_SAMPLE_5_4,华为笔记本型号5,7152.00,8582.00,4.70,81878,华为官方旗舰店,笔记本,"{""内存"": ""12GB"", ""品牌"": ""华为"", ""颜色"": ""蓝色""}",https://via.placeholder.com/150?text=华为,2026-01-30 20:02:59,2026-02-02 19:51:19
593,jd,JD_SAMPLE_5_5,戴尔笔记本型号6,2513.00,3015.00,4.30,40653,戴尔官方旗舰店,笔记本,"{""内存"": ""8GB"", ""品牌"": ""戴尔"", ""颜色"": ""蓝色""}",https://via.placeholder.com/150?text=戴尔,2026-01-30 20:02:59,2026-02-02 19:51:19
594,jd,JD_SAMPLE_5_6,小米平板型号7,1034.00,1240.00,5.00,58007,小米官方旗舰店,平板,"{""内存"": ""8GB"", ""品牌"": ""小米"", ""颜色"": ""黑色""}",https://via.placeholder.com/150?text=小米,2026-01-30 20:02:59,2026-02-02 19:51:19
595,jd,JD_SAMPLE_5_7,联想笔记本型号8,4203.00,5043.00,3.90,5347,联想官方旗舰店,笔记本,"{""内存"": ""12GB"", ""品牌"": ""联想"", ""颜色"": ""黑色""}",https://via.placeholder.com/150?text=联想,2026-01-30 20:02:59,2026-02-02 19:51:19
596,jd,JD_SAMPLE_6_0,华为耳机型号1,9888.00,11865.00,4.70,52629,华为官方旗舰店,耳机,"{""内存"": ""8GB"", ""品牌"": ""华为"", ""颜色"": ""白色""}",https://via.placeholder.com/150?text=华为,2026-01-30 20:02:59,2026-02-02 19:51:19
597,jd,JD_SAMPLE_6_1,三星手机型号2,9407.00,11288.00,4.50,6498,三星官方旗舰店,手机,"{""内存"": ""8GB"", ""品牌"": ""三星"", ""颜色"": ""蓝色""}",https://via.placeholder.com/150?text=三星,2026-01-30 20:02:59,2026-02-02 19:51:19
598,jd,JD_SAMPLE_6_2,华为耳机型号3,9052.00,10862.00,4.60,75513,华为官方旗舰店,耳机,"{""内存"": ""16GB"", ""品牌"": ""华为"", ""颜色"": ""蓝色""}",https://via.placeholder.com/150?text=华为,2026-01-30 20:02:59,2026-02-02 19:51:19
599,jd,JD_SAMPLE_6_3,联想手机型号4,5131.00,6157.00,3.90,22344,联想官方旗舰店,手机,"{""内存"": ""16GB"", ""品牌"": ""联想"", ""颜色"": ""黑色""}",https://via.placeholder.com/150?text=联想,2026-01-30 20:02:59,2026-02-02 19:51:19
600,jd,JD_SAMPLE_6_4,联想笔记本型号5,1223.00,1467.00,4.90,95986,联想官方旗舰店,笔记本,"{""内存"": ""16GB"", ""品牌"": ""联想"", ""颜色"": ""黑色""}",https://via.placeholder.com/150?text=联想,2026-01-30 20:02:59,2026-02-02 19:51:19
601,jd,JD_SAMPLE_6_5,小米手表型号6,2006.00,2407.00,4.50,66515,小米官方旗舰店,手表,"{""内存"": ""12GB"", ""品牌"": ""小米"", ""颜色"": ""蓝色""}",https://via.placeholder.com/150?text=小米,2026-01-30 20:02:59,2026-02-02 19:51:19
602,jd,JD_SAMPLE_6_6,苹果手表型号7,4983.00,5979.00,4.10,63415,苹果官方旗舰店,手表,"{""内存"": ""12GB"", ""品牌"": ""苹果"", ""颜色"": ""黑色""}",https://via.placeholder.com/150?text=苹果,2026-01-30 20:02:59,2026-02-02 19:51:19
603,jd,JD_SAMPLE_6_7,联想平板型号8,9943.00,11931.00,4.60,44815,联想官方旗舰店,平板,"{""内存"": ""8GB"", ""品牌"": ""联想"", ""颜色"": ""蓝色""}",https://via.placeholder.com/150?text=联想,2026-01-30 20:02:59,2026-02-02 19:51:19
604,jd,JD_SAMPLE_7_0,戴尔耳机型号1,9281.00,11137.00,4.90,96383,戴尔官方旗舰店,耳机,"{""内存"": ""12GB"", ""品牌"": ""戴尔"", ""颜色"": ""蓝色""}",https://via.placeholder.com/150?text=戴尔,2026-01-30 20:02:59,2026-02-02 19:51:19
605,jd,JD_SAMPLE_7_1,戴尔手表型号2,4178.00,5013.00,4.20,63126,戴尔官方旗舰店,手表,"{""内存"": ""16GB"", ""品牌"": ""戴尔"", ""颜色"": ""白色""}",https://via.placeholder.com/150?text=戴尔,2026-01-30 20:02:59,2026-02-02 19:51:19
606,jd,JD_SAMPLE_7_2,戴尔耳机型号3,3065.00,3678.00,4.70,68911,戴尔官方旗舰店,耳机,"{""内存"": ""16GB"", ""品牌"": ""戴尔"", ""颜色"": ""白色""}",https://via.placeholder.com/150?text=戴尔,2026-01-30 20:02:59,2026-02-02 19:51:19
607,jd,JD_SAMPLE_7_3,联想笔记本型号4,2820.00,3384.00,4.70,80375,联想官方旗舰店,笔记本,"{""内存"": ""8GB"", ""品牌"": ""联想"", ""颜色"": ""白色""}",https://via.placeholder.com/150?text=联想,2026-01-30 20:02:59,2026-02-02 19:51:19
608,jd,JD_SAMPLE_7_4,三星平板型号5,4018.00,4821.00,4.90,56430,三星官方旗舰店,平板,"{""内存"": ""8GB"", ""品牌"": ""三星"", ""颜色"": ""黑色""}",https://via.placeholder.com/150?text=三星,2026-01-30 20:02:59,2026-02-02 19:51:19
609,jd,JD_SAMPLE_7_5,联想耳机型号6,4823.00,5787.00,4.80,28627,联想官方旗舰店,耳机,"{""内存"": ""16GB"", ""品牌"": ""联想"", ""颜色"": ""蓝色""}",https://via.placeholder.com/150?text=联想,2026-01-30 20:02:59,2026-02-02 19:51:19
610,jd,JD_SAMPLE_7_6,三星手表型号7,3773.00,4527.00,4.60,64954,三星官方旗舰店,手表,"{""内存"": ""16GB"", ""品牌"": ""三星"", ""颜色"": ""黑色""}",https://via.placeholder.com/150?text=三星,2026-01-30 20:02:59,2026-02-02 19:51:19
611,jd,JD_SAMPLE_7_7,华为手机型号8,3129.00,3754.00,4.60,90905,华为官方旗舰店,手机,"{""内存"": ""12GB"", ""品牌"": ""华为"", ""颜色"": ""黑色""}",https://via.placeholder.com/150?text=华为,2026-01-30 20:02:59,2026-02-02 19:51:19
612,jd,JD_SAMPLE_8_0,戴尔手机型号1,4643.00,5571.00,4.20,40519,戴尔官方旗舰店,手机,"{""内存"": ""12GB"", ""品牌"": ""戴尔"", ""颜色"": ""白色""}",https://via.placeholder.com/150?text=戴尔,2026-01-30 20:02:59,2026-02-02 19:51:19
613,jd,JD_SAMPLE_8_1,小米耳机型号2,4694.00,5632.00,4.40,39962,小米官方旗舰店,耳机,"{""内存"": ""8GB"", ""品牌"": ""小米"", ""颜色"": ""黑色""}",https://via.placeholder.com/150?text=小米,2026-01-30 20:02:59,2026-02-02 19:51:19
614,jd,JD_SAMPLE_8_2,三星平板型号3,5730.00,6876.00,4.70,9746,三星官方旗舰店,平板,"{""内存"": ""8GB"", ""品牌"": ""三星"", ""颜色"": ""黑色""}",https://via.placeholder.com/150?text=三星,2026-01-30 20:02:59,2026-02-02 19:51:19
615,jd,JD_SAMPLE_8_3,三星手机型号4,5978.00,7173.00,3.90,23726,三星官方旗舰店,手机,"{""内存"": ""8GB"", ""品牌"": ""三星"", ""颜色"": ""黑色""}",https://via.placeholder.com/150?text=三星,2026-01-30 20:02:59,2026-02-02 19:51:19
616,jd,JD_SAMPLE_8_4,华为手表型号5,9355.00,11226.00,4.40,13014,华为官方旗舰店,手表,"{""内存"": ""8GB"", ""品牌"": ""华为"", ""颜色"": ""黑色""}",https://via.placeholder.com/150?text=华为,2026-01-30 20:02:59,2026-02-02 19:51:19
617,jd,JD_SAMPLE_8_5,小米手表型号6,4801.00,5761.00,3.90,40118,小米官方旗舰店,手表,"{""内存"": ""12GB"", ""品牌"": ""小米"", ""颜色"": ""蓝色""}",https://via.placeholder.com/150?text=小米,2026-01-30 20:02:59,2026-02-02 19:51:19
618,jd,JD_SAMPLE_8_6,小米耳机型号7,4263.00,5115.00,4.60,70939,小米官方旗舰店,耳机,"{""内存"": ""12GB"", ""品牌"": ""小米"", ""颜色"": ""白色""}",https://via.placeholder.com/150?text=小米,2026-01-30 20:02:59,2026-02-02 19:51:19
619,jd,JD_SAMPLE_8_7,联想手表型号8,5050.00,6060.00,4.40,63014,联想官方旗舰店,手表,"{""内存"": ""16GB"", ""品牌"": ""联想"", ""颜色"": ""黑色""}",https://via.placeholder.com/150?text=联想,2026-01-30 20:02:59,2026-02-02 19:51:19
620,jd,JD_SAMPLE_9_0,苹果手机型号1,7933.00,9519.00,4.40,74318,苹果官方旗舰店,手机,"{""内存"": ""16GB"", ""品牌"": ""苹果"", ""颜色"": ""蓝色""}",https://via.placeholder.com/150?text=苹果,2026-01-30 20:02:59,2026-02-02 19:51:19
621,jd,JD_SAMPLE_9_1,联想手表型号2,3011.00,3613.00,4.80,38542,联想官方旗舰店,手表,"{""内存"": ""8GB"", ""品牌"": ""联想"", ""颜色"": ""黑色""}",https://via.placeholder.com/150?text=联想,2026-01-30 20:02:59,2026-02-02 19:51:19
622,jd,JD_SAMPLE_9_2,联想平板型号3,1612.00,1934.00,4.40,21620,联想官方旗舰店,平板,"{""内存"": ""12GB"", ""品牌"": ""联想"", ""颜色"": ""黑色""}",https://via.placeholder.com/150?text=联想,2026-01-30 20:02:59,2026-02-02 19:51:19
623,jd,JD_SAMPLE_9_3,戴尔耳机型号4,7654.00,9184.00,4.80,85119,戴尔官方旗舰店,耳机,"{""内存"": ""8GB"", ""品牌"": ""戴尔"", ""颜色"": ""黑色""}",https://via.placeholder.com/150?text=戴尔,2026-01-30 20:02:59,2026-02-02 19:51:19
624,jd,JD_SAMPLE_9_4,苹果手机型号5,1449.00,1738.00,4.90,85770,苹果官方旗舰店,手机,"{""内存"": ""8GB"", ""品牌"": ""苹果"", ""颜色"": ""白色""}",https://via.placeholder.com/150?text=苹果,2026-01-30 20:02:59,2026-02-02 19:51:19
625,jd,JD_SAMPLE_9_5,华为笔记本型号6,3033.00,3639.00,4.20,99331,华为官方旗舰店,笔记本,"{""内存"": ""16GB"", ""品牌"": ""华为"", ""颜色"": ""蓝色""}",https://via.placeholder.com/150?text=华为,2026-01-30 20:02:59,2026-02-02 19:51:19
626,jd,JD_SAMPLE_9_6,联想平板型号7,2432.00,2918.00,4.40,57697,联想官方旗舰店,平板,"{""内存"": ""12GB"", ""品牌"": ""联想"", ""颜色"": ""蓝色""}",https://via.placeholder.com/150?text=联想,2026-01-30 20:02:59,2026-02-02 19:51:19
627,jd,JD_SAMPLE_9_7,联想手表型号8,5118.00,6141.00,4.60,67393,联想官方旗舰店,手表,"{""内存"": ""8GB"", ""品牌"": ""联想"", ""颜色"": ""蓝色""}",https://via.placeholder.com/150?text=联想,2026-01-30 20:02:59,2026-02-02 19:51:19
628,jd,JD_SAMPLE_10_0,华为手表型号1,7526.00,9031.00,3.90,62284,华为官方旗舰店,手表,"{""内存"": ""16GB"", ""品牌"": ""华为"", ""颜色"": ""黑色""}",https://via.placeholder.com/150?text=华为,2026-01-30 20:03:00,2026-02-02 19:51:19
629,jd,JD_SAMPLE_10_1,三星耳机型号2,4917.00,5900.00,3.90,31722,三星官方旗舰店,耳机,"{""内存"": ""8GB"", ""品牌"": ""三星"", ""颜色"": ""白色""}",https://via.placeholder.com/150?text=三星,2026-01-30 20:03:00,2026-02-02 19:51:19
630,jd,JD_SAMPLE_10_2,华为手机型号3,7601.00,9121.00,4.00,94465,华为官方旗舰店,手机,"{""内存"": ""8GB"", ""品牌"": ""华为"", ""颜色"": ""白色""}",https://via.placeholder.com/150?text=华为,2026-01-30 20:03:00,2026-02-02 19:51:19
631,jd,JD_SAMPLE_10_3,苹果耳机型号4,8610.00,10332.00,4.70,88596,苹果官方旗舰店,耳机,"{""内存"": ""8GB"", ""品牌"": ""苹果"", ""颜色"": ""蓝色""}",https://via.placeholder.com/150?text=苹果,2026-01-30 20:03:00,2026-02-02 19:51:19
632,jd,JD_SAMPLE_10_4,苹果平板型号5,7324.00,8788.00,4.10,92470,苹果官方旗舰店,平板,"{""内存"": ""8GB"", ""品牌"": ""苹果"", ""颜色"": ""蓝色""}",https://via.placeholder.com/150?text=苹果,2026-01-30 20:03:00,2026-02-02 19:51:19
633,jd,JD_SAMPLE_10_5,苹果笔记本型号6,1416.00,1699.00,4.00,52672,苹果官方旗舰店,笔记本,"{""内存"": ""8GB"", ""品牌"": ""苹果"", ""颜色"": ""蓝色""}",https://via.placeholder.com/150?text=苹果,2026-01-30 20:03:00,2026-02-02 19:51:19
634,jd,JD_SAMPLE_10_6,三星平板型号7,3005.00,3606.00,5.00,22895,三星官方旗舰店,平板,"{""内存"": ""12GB"", ""品牌"": ""三星"", ""颜色"": ""黑色""}",https://via.placeholder.com/150?text=三星,2026-01-30 20:03:00,2026-02-02 19:51:19
635,jd,JD_SAMPLE_10_7,联想笔记本型号8,9626.00,11551.00,4.10,27712,联想官方旗舰店,笔记本,"{""内存"": ""8GB"", ""品牌"": ""联想"", ""颜色"": ""蓝色""}",https://via.placeholder.com/150?text=联想,2026-01-30 20:03:00,2026-02-02 19:51:19
636,jd,JD_SAMPLE_11_0,苹果手表型号1,3178.00,3813.00,4.60,29875,苹果官方旗舰店,手表,"{""内存"": ""8GB"", ""品牌"": ""苹果"", ""颜色"": ""黑色""}",https://via.placeholder.com/150?text=苹果,2026-01-30 20:03:00,2026-02-02 19:51:19
637,jd,JD_SAMPLE_11_1,小米平板型号2,9517.00,11420.00,4.60,55322,小米官方旗舰店,平板,"{""内存"": ""12GB"", ""品牌"": ""小米"", ""颜色"": ""蓝色""}",https://via.placeholder.com/150?text=小米,2026-01-30 20:03:00,2026-02-02 19:51:19
638,jd,JD_SAMPLE_11_2,联想手机型号3,9892.00,11870.00,4.30,38070,联想官方旗舰店,手机,"{""内存"": ""16GB"", ""品牌"": ""联想"", ""颜色"": ""蓝色""}",https://via.placeholder.com/150?text=联想,2026-01-30 20:03:00,2026-02-02 19:51:19
639,jd,JD_SAMPLE_11_3,戴尔手机型号4,1378.00,1653.00,4.30,58155,戴尔官方旗舰店,手机,"{""内存"": ""12GB"", ""品牌"": ""戴尔"", ""颜色"": ""蓝色""}",https://via.placeholder.com/150?text=戴尔,2026-01-30 20:03:00,2026-02-02 19:51:19
640,jd,JD_SAMPLE_11_4,华为手表型号5,6893.00,8271.00,4.40,49889,华为官方旗舰店,手表,"{""内存"": ""8GB"", ""品牌"": ""华为"", ""颜色"": ""白色""}",https://via.placeholder.com/150?text=华为,2026-01-30 20:03:00,2026-02-02 19:51:19
641,jd,JD_SAMPLE_11_5,苹果耳机型号6,6435.00,7722.00,4.70,61714,苹果官方旗舰店,耳机,"{""内存"": ""8GB"", ""品牌"": ""苹果"", ""颜色"": ""白色""}",https://via.placeholder.com/150?text=苹果,2026-01-30 20:03:00,2026-02-02 19:51:19
642,jd,JD_SAMPLE_11_6,苹果平板型号7,5572.00,6686.00,4.10,64362,苹果官方旗舰店,平板,"{""内存"": ""12GB"", ""品牌"": ""苹果"", ""颜色"": ""黑色""}",https://via.placeholder.com/150?text=苹果,2026-01-30 20:03:00,2026-02-02 19:51:19
643,jd,JD_SAMPLE_11_7,华为手机型号8,5682.00,6818.00,4.40,87678,华为官方旗舰店,手机,"{""内存"": ""16GB"", ""品牌"": ""华为"", ""颜色"": ""蓝色""}",https://via.placeholder.com/150?text=华为,2026-01-30 20:03:00,2026-02-02 19:51:19
644,amazon,UNKNOWN_4130,Dell metal ring Model 5,0.00,0.00,0.00,0,,General,{},,2026-01-30 20:22:16,2026-01-30 20:22:16
747,jd,UNKNOWN_1576,华为耳机型号5,0.00,0.00,0.00,0,,General,{},,2026-01-30 20:22:17,2026-01-30 20:22:16
836,amazon,AMZ_SAMPLE_1_0,HP electric guitar Model 1,796.90,2285.68,3.90,17255,HP Store,Electronics,{},https://via.placeholder.com/150?text=HP,2026-01-30 19:46:21,2026-02-02 19:51:18
837,amazon,AMZ_SAMPLE_1_1,Apple electric guitar Model 2,104.51,1034.30,4.00,27022,Apple Store,Electronics,{},https://via.placeholder.com/150?text=Apple,2026-01-30 19:46:21,2026-02-02 19:51:18
838,amazon,AMZ_SAMPLE_1_2,Lenovo electric guitar Model 3,856.87,525.61,3.80,40743,Lenovo Store,Electronics,{},https://via.placeholder.com/150?text=Lenovo,2026-01-30 19:46:21,2026-02-02 19:51:18
839,amazon,AMZ_SAMPLE_1_3,Lenovo electric guitar Model 4,1266.66,950.75,4.80,10402,Lenovo Store,Electronics,{},https://via.placeholder.com/150?text=Lenovo,2026-01-30 19:46:21,2026-02-02 19:51:18
840,amazon,AMZ_SAMPLE_1_4,Samsung electric guitar Model 5,1178.19,1661.53,4.60,14384,Samsung Store,Electronics,{},https://via.placeholder.com/150?text=Samsung,2026-01-30 19:46:21,2026-02-02 19:51:18
841,amazon,AMZ_SAMPLE_3_0,Samsung laptop Model 1,398.70,2293.23,4.60,46367,Samsung Store,Electronics,{},https://via.placeholder.com/150?text=Samsung,2026-01-30 19:46:50,2026-02-02 19:51:18
842,amazon,AMZ_SAMPLE_3_1,HP laptop Model 2,596.23,2356.59,4.50,14569,HP Store,Electronics,{},https://via.placeholder.com/150?text=HP,2026-01-30 19:46:50,2026-02-02 19:51:18
843,amazon,AMZ_SAMPLE_3_2,HP laptop Model 3,711.35,488.59,4.80,6921,HP Store,Electronics,{},https://via.placeholder.com/150?text=HP,2026-01-30 19:46:50,2026-02-02 19:51:18
844,amazon,AMZ_SAMPLE_3_3,Dell laptop Model 4,602.47,672.44,3.90,14261,Dell Store,Electronics,{},https://via.placeholder.com/150?text=Dell,2026-01-30 19:46:50,2026-02-02 19:51:18
845,amazon,AMZ_SAMPLE_3_4,HP laptop Model 5,375.06,615.21,4.80,43218,HP Store,Electronics,{},https://via.placeholder.com/150?text=HP,2026-01-30 19:46:50,2026-02-02 19:51:18
846,amazon,AMZ_SAMPLE_6_0,Dell electric guitar Model 1,1701.68,1849.37,4.20,30982,Dell Store,Electronics,{},https://via.placeholder.com/150?text=Dell,2026-01-30 19:47:33,2026-02-02 19:51:18
847,amazon,AMZ_SAMPLE_6_1,Samsung electric guitar Model 2,1048.21,1484.74,3.50,48553,Samsung Store,Electronics,{},https://via.placeholder.com/150?text=Samsung,2026-01-30 19:47:33,2026-02-02 19:51:18
848,amazon,AMZ_SAMPLE_6_2,Apple electric guitar Model 3,1258.03,301.91,3.90,34078,Apple Store,Electronics,{},https://via.placeholder.com/150?text=Apple,2026-01-30 19:47:33,2026-02-02 19:51:18
849,amazon,AMZ_SAMPLE_6_3,Dell electric guitar Model 4,703.25,2221.54,4.00,38786,Dell Store,Electronics,{},https://via.placeholder.com/150?text=Dell,2026-01-30 19:47:33,2026-02-02 19:51:18
850,amazon,AMZ_SAMPLE_6_4,Dell electric guitar Model 5,1277.70,2237.95,3.80,26527,Dell Store,Electronics,{},https://via.placeholder.com/150?text=Dell,2026-01-30 19:47:33,2026-02-02 19:51:18
851,amazon,AMZ_SAMPLE_7_0,Dell laptop Model 1,480.38,867.48,4.80,5750,Dell Store,Electronics,{},https://via.placeholder.com/150?text=Dell,2026-01-30 19:47:47,2026-02-02 19:51:18
852,amazon,AMZ_SAMPLE_7_1,Dell laptop Model 2,463.92,1953.55,3.70,41253,Dell Store,Electronics,{},https://via.placeholder.com/150?text=Dell,2026-01-30 19:47:47,2026-02-02 19:51:18
853,amazon,AMZ_SAMPLE_7_2,Samsung laptop Model 3,845.07,2140.14,3.80,1222,Samsung Store,Electronics,{},https://via.placeholder.com/150?text=Samsung,2026-01-30 19:47:47,2026-02-02 19:51:18
854,amazon,AMZ_SAMPLE_7_3,Lenovo laptop Model 4,1436.36,2289.61,4.70,25411,Lenovo Store,Electronics,{},https://via.placeholder.com/150?text=Lenovo,2026-01-30 19:47:47,2026-02-02 19:51:18
855,amazon,AMZ_SAMPLE_7_4,Dell laptop Model 5,911.79,432.72,4.10,34876,Dell Store,Electronics,{},https://via.placeholder.com/150?text=Dell,2026-01-30 19:47:47,2026-02-02 19:51:18
856,amazon,AMZ_SAMPLE_9_0,Dell metal ring Model 1,1291.42,1319.14,4.60,1602,Dell Store,Electronics,{},https://via.placeholder.com/150?text=Dell,2026-01-30 19:48:28,2026-02-02 19:51:18
857,amazon,AMZ_SAMPLE_9_1,Lenovo metal ring Model 2,670.20,1787.70,4.70,24407,Lenovo Store,Electronics,{},https://via.placeholder.com/150?text=Lenovo,2026-01-30 19:48:28,2026-02-02 19:51:18
858,amazon,AMZ_SAMPLE_9_2,HP metal ring Model 3,1478.51,604.77,3.70,6689,HP Store,Electronics,{},https://via.placeholder.com/150?text=HP,2026-01-30 19:48:28,2026-02-02 19:51:18
859,amazon,AMZ_SAMPLE_9_3,Samsung metal ring Model 4,1916.16,492.28,3.90,28624,Samsung Store,Electronics,{},https://via.placeholder.com/150?text=Samsung,2026-01-30 19:48:28,2026-02-02 19:51:18
860,amazon,AMZ_SAMPLE_9_4,HP metal ring Model 5,584.62,1203.27,4.70,7742,HP Store,Electronics,{},https://via.placeholder.com/150?text=HP,2026-01-30 19:48:28,2026-02-02 19:51:18
861,amazon,AMZ_SAMPLE_11_0,Dell laptop Model 1,1734.85,233.85,4.40,5027,Dell Store,Electronics,{},https://via.placeholder.com/150?text=Dell,2026-01-30 19:49:10,2026-02-02 19:51:18
862,amazon,AMZ_SAMPLE_11_1,Lenovo laptop Model 2,275.10,256.44,3.70,7624,Lenovo Store,Electronics,{},https://via.placeholder.com/150?text=Lenovo,2026-01-30 19:49:10,2026-02-02 19:51:18
863,amazon,AMZ_SAMPLE_11_2,HP laptop Model 3,1686.94,1227.40,4.70,4219,HP Store,Electronics,{},https://via.placeholder.com/150?text=HP,2026-01-30 19:49:10,2026-02-02 19:51:18
864,amazon,AMZ_SAMPLE_11_3,Apple laptop Model 4,567.64,1063.66,3.60,48412,Apple Store,Electronics,{},https://via.placeholder.com/150?text=Apple,2026-01-30 19:49:10,2026-02-02 19:51:18
865,amazon,AMZ_SAMPLE_11_4,Samsung laptop Model 5,1274.58,2068.84,3.90,15690,Samsung Store,Electronics,{},https://via.placeholder.com/150?text=Samsung,2026-01-30 19:49:10,2026-02-02 19:51:18
866,amazon,AMZ_SAMPLE_12_0,HP electric guitar Model 1,526.09,2167.68,4.50,10560,HP Store,Electronics,{},https://via.placeholder.com/150?text=HP,2026-01-30 19:49:29,2026-02-02 19:51:18
867,amazon,AMZ_SAMPLE_12_1,Dell electric guitar Model 2,387.63,725.70,4.60,40784,Dell Store,Electronics,{},https://via.placeholder.com/150?text=Dell,2026-01-30 19:49:29,2026-02-02 19:51:18
868,amazon,AMZ_SAMPLE_12_2,HP electric guitar Model 3,1337.93,1239.45,5.00,18931,HP Store,Electronics,{},https://via.placeholder.com/150?text=HP,2026-01-30 19:49:29,2026-02-02 19:51:18
869,amazon,AMZ_SAMPLE_12_3,Apple electric guitar Model 4,960.45,2130.71,3.80,7903,Apple Store,Electronics,{},https://via.placeholder.com/150?text=Apple,2026-01-30 19:49:29,2026-02-02 19:51:18
870,amazon,AMZ_SAMPLE_12_4,Samsung electric guitar Model 5,1843.96,807.25,4.80,38558,Samsung Store,Electronics,{},https://via.placeholder.com/150?text=Samsung,2026-01-30 19:49:29,2026-02-02 19:51:18
1066,amazon,UNKNOWN_2957,Dell metal ring Model 5,0.00,0.00,0.00,0,,General,{},,2026-01-30 22:59:06,2026-01-30 22:59:05
1149,Amazon,B0GD61F6FC,"Gaming Laptop, 15.6inch Laptop with AMD Ryzen 7 7730U(8C/16T, Up to 4.5GHz), 16GB RAM 512GB NVMe SSD Windows 11 High Performance Laptop Computer, Up t",370.00,424.95,4.90,29677,New on Amazon in past month,Electronics,{},https://m.media-amazon.com/images/I/81jFW4cV7bL._AC_UY218_.jpg,2026-01-30 22:43:15,2026-02-02 19:51:18
1150,Amazon,B0F167PYK7,"Dell 15 Laptop DC15250-15.6-inch FHD (1920x1080) 120Hz Display, Intel Core i5-1334U Processor, 16GB DDR4 RAM, 512GB SSD, Intel UHD Graphics, Windows 1",428.00,501.68,4.90,8969,500+ bought in past month,Electronics,{},https://m.media-amazon.com/images/I/71I9chrFYFL._AC_UY218_.jpg,2026-01-30 22:43:15,2026-02-02 19:51:18
1151,Amazon,B0FCTFGTPY,"Dell 15 Laptop DC15255-15.6-inch FHD 120Hz Display, AMD Ryzen 5-7520U, 8GB LPDDR5 RAM, 512GB SSD, AMD Radeon 610M Graphics, Windows 11 Home, Onsite Se",274.00,310.58,4.40,2527,400+ bought in past month,Electronics,{},https://m.media-amazon.com/images/I/71jQbkYw5KL._AC_UY218_.jpg,2026-01-30 22:43:15,2026-02-02 19:51:18
1152,Amazon,B0947BJ67M,"HP 14 Laptop, Intel Celeron N4020, 4 GB RAM, 64 GB Storage, 14-inch Micro-edge HD Display, Windows 11 Home, Thin & Portable, 4K Graphics, One Year of",129.00,151.62,4.20,21736,7K+ bought in past month,Electronics,{},https://m.media-amazon.com/images/I/815uX7wkOZS._AC_UY218_.jpg,2026-01-30 22:43:15,2026-02-02 19:51:18
1153,Amazon,B0D1YQJKY2,"Lenovo V15 Gen 4 Business Laptop, 15.6"" FHD Display, Intel Core i5-13420H (Beat i7-1355U), HDMI, RJ45, Webcam, Numeric Keypad, Wi-Fi, Windows 11 Pro,",370.00,440.48,3.20,18146,1K+ bought in past month,Electronics,{},https://m.media-amazon.com/images/I/71N9tTF6pML._AC_UY218_.jpg,2026-01-30 22:43:15,2026-02-02 19:51:18
1154,Amazon,B0G11WY59L,"Dell 15 Laptop DC15250-15.6-inch FHD 120Hz Display, 13th Gen Intel Core i7-1355U, 16GB DDR5 RAM, 512GB SSD, Intel UHD Graphics, Windows 11 Home, 1 Yea",0.00,0.00,4.80,23438,100+ bought in past month,Electronics,{},https://m.media-amazon.com/images/I/71AZek1CVTL._AC_UY218_.jpg,2026-01-30 22:43:15,2026-02-02 19:51:18
1155,Amazon,B0GF6R4B17,"2026 15.6"" Traditional Laptop Computer for Work and Study, 16GB RAM 256GB SSD, 4425Y up to 2.4GHz, Windows 11 Pro with Office 365, FHD 1080P IPS Displ",0.00,0.00,3.10,36832,New on Amazon in past month,Electronics,{},https://m.media-amazon.com/images/I/71autnF3EgL._AC_UY218_.jpg,2026-01-30 22:43:15,2026-02-02 19:51:18
1156,Amazon,B0DZZWMB2L,"ASUS ROG Strix G16 (2025) Gaming Laptop, 16” FHD+ 16:10 165Hz/3ms Display, NVIDIA® GeForce RTX™ 5060 Laptop GPU, Intel® Core™ i7 Processor 14650HX, 16",1017.00,1192.08,4.30,41483,List:,Electronics,{},https://m.media-amazon.com/images/I/81n1T4CYfmL._AC_UY218_.jpg,2026-01-30 22:43:15,2026-02-02 19:51:18
1157,Amazon,B0FWQN69B9,"15.6"" Laptop, 32GB RAM 512GB SSD, Pentium 6500Y Processor (Beat N5095, Up to 3.4GHz), Laptop Computer with FHD IPS Display, Dual Band Wi-Fi 5, BT 5.0,",0.00,0.00,3.40,49463,Amazon,Electronics,{},https://m.media-amazon.com/images/I/71M0lbhCd8L._AC_UY218_.jpg,2026-01-30 22:43:15,2026-02-02 19:51:18
1158,Amazon,B0G1BWBNV1,"2026 New 15.6'' Laptop Win 11 Pro, Intel Core i3 Processor, 8GB RAM, 256GB SSD, 1080p FHD IPS Display, Backlit Keyboard, Fingerprint, WiFi5&BT5, Mini-",152.00,194.82,4.00,12890,100+ bought in past month,Electronics,{},https://m.media-amazon.com/images/I/61PRrVZA8GL._AC_UY218_.jpg,2026-01-30 22:43:15,2026-02-02 19:51:18
1159,Amazon,B0F53SQRH4,"Dell Latitude 5420 14"" FHD Business Laptop Computer, Intel Quad-Core i5-1145G7, 16GB DDR4 RAM, 256GB SSD, Camera, HDMI, Windows 11 Pro (Renewed)",0.00,0.00,4.00,27916,500+ bought in past month,Electronics,{},https://m.media-amazon.com/images/I/616jxxM4VLL._AC_UY218_.jpg,2026-01-30 22:43:15,2026-02-02 19:51:18
1160,Amazon,B09SVSBVP1,"HP Chromebook 14 Laptop, Intel Celeron N4120, 4 GB RAM, 64 GB eMMC, 14"" HD Display, Chrome OS, Thin Design, 4K Graphics, Long Battery Life, Ash Gray K",118.00,146.42,3.00,32922,3K+ bought in past month,Electronics,{},https://m.media-amazon.com/images/I/71tXLOE7wIL._AC_UY218_.jpg,2026-01-30 22:43:15,2026-02-02 19:51:18
1191,Amazon,B0FH9NMSZQ,ASUS 2026 Vivobook 14” FHD Laptop 10-Core Intel Core i5-1334U Iris Xe Graphics 12GB DDR4 256GB NVMe SSD USB-C w/DP WiFi AC BT Webcam HDMI1.4 Windows 1,261.00,331.73,5.00,28497,50+ bought in past month,Electronics,{},https://m.media-amazon.com/images/I/514F-bCZpLL._AC_UY218_.jpg,2026-01-30 22:44:19,2026-02-02 19:51:18
1192,Amazon,B0FKP8RWTD,"Lenovo Legion 5 15AHP10 RTX 5060 Pro Gaming Laptop,15.1 OLED WQXGA(2560 x 1600) 165Hz, AMD Ryzen 7 260(Beats Intel i7-14700), NVIDIA RTX 5060, 32GB DD",0.00,0.00,3.20,25175,No featured offers available,Electronics,{},https://m.media-amazon.com/images/I/71GBz+Y+0EL._AC_UY218_.jpg,2026-01-30 22:44:19,2026-02-02 19:51:18
1193,Amazon,B0DJ3L37TY,"HP Victus 15.6"" Full HD 144Hz Gaming Laptop, Intel Core i5-12450H, NVIDIA GeForce RTX 3050,16GB RAM, 512GB PCIe SSD, Wi-Fi 6, Backlit Keyboard,Windows",0.00,0.00,3.30,17590,100+ bought in past month,Electronics,{},https://m.media-amazon.com/images/I/71cZs6fmSfL._AC_UY218_.jpg,2026-01-30 22:44:19,2026-02-02 19:51:18
1194,Amazon,B0CKTZVB17,"HP 17 Laptop, 17.3"" HD+ Touchscreen Display, 12th Gen Intel Core i7-1255U, 64GB RAM, 2TB SSD, Webcam, HDMI, SuperSpeed USB Ports, Wi-Fi 6, Windows 11",0.00,0.00,4.90,14349,No featured offers available,Electronics,{},https://m.media-amazon.com/images/I/71CGrFl8cjL._AC_UY218_.jpg,2026-01-30 22:44:19,2026-02-02 19:51:18
1195,Amazon,B0FX2R679S,"Dell Inspiron 15.6"" FHD Touchscreen Laptop for Student and Business, 8-Core Ryzen 7 (Beat i7-12650H), 32GB RAM 1TB SSD, Long Battery Life, Webcam, Blu",0.00,0.00,4.50,49218,50+ bought in past month,Electronics,{},https://m.media-amazon.com/images/I/71GzV43J2DL._AC_UY218_.jpg,2026-01-30 22:44:19,2026-02-02 19:51:18
1196,Amazon,B0DTB4R3VP,"Acer Aspire Go 15 AI Ready Laptop, 15.6"" FHD (1920 x 1080) IPS Display, AMD Ryzen 7 5825U, AMD Radeon Graphics, 16GB DDR4, 512GB PCIe Gen4 SSD, Wi-Fi",363.00,442.15,4.10,34219,200+ bought in past month,Electronics,{},https://m.media-amazon.com/images/I/71FPI17lWZL._AC_UY218_.jpg,2026-01-30 22:44:19,2026-02-02 19:51:18
1197,Amazon,B0FW4MZ4WJ,"Dell Inspiron 15 3530 Business Laptop, 15.6"" FHD Touchscreen, 16GB RAM 512GB PCIe SSD Intel 10-Core i5-1334U (Beat i7-1250U), Computer for Student-Hom",0.00,0.00,4.10,17078,No featured offers available,Electronics,{},https://m.media-amazon.com/images/I/71sdSJz7GtL._AC_UY218_.jpg,2026-01-30 22:44:19,2026-02-02 19:51:18
1198,Amazon,B08YKGZF7P,"HP Chromebook 14 Laptop, Intel Celeron N4000 Processor, 4 GB RAM, 32 GB eMMC, 14” HD Display, Chrome, Lightweight Computer with Webcam and Dual Mics,",122.00,154.84,3.30,10140,200+ bought in past month,Electronics,{},https://m.media-amazon.com/images/I/81b6IIclRfS._AC_UY218_.jpg,2026-01-30 22:44:19,2026-02-02 19:51:18
1199,Amazon,B0FV98DFZR,"Laptop Computer, 15.6"" FHD IPS Display, Laptop for Student and Business, 16GB RAM 256GB SSD Laptops, 6500Y Processor (up to 3.4GHz), WiFi 5",0.00,0.00,4.20,27732,Amazon,Electronics,{},https://m.media-amazon.com/images/I/61Nlta-BGSL._AC_UY218_.jpg,2026-01-30 22:44:19,2026-02-02 19:51:18
1200,Amazon,B0DBZ5SL9T,"15.6-inch, 16GB RAM, 512GB SSD, FHD IPS Display Laptop Computer, N5095 Quad Core, 2.4/5G WiFi, BT4.2 Backlit and Fingerprint, Lightweight and Portable",187.00,238.70,4.70,21551,Amazon,Electronics,{},https://m.media-amazon.com/images/I/71JO6Sxfk1L._AC_UY218_.jpg,2026-01-30 22:44:19,2026-02-02 19:51:18
1201,Amazon,B0FWRP57BH,"Lenovo ThinkBook 16 G7 Business Laptop 2025,16"" WUXGA Display, AMD Ryzen 5 7533HS (6-Core), 32GB DDR5 RAM, 1TB PCIe SSD, Wi-Fi 6, Bluetooth, RJ-45, We",535.00,657.00,4.60,32446,Amazon,Electronics,{},https://m.media-amazon.com/images/I/61F0ZeXJUSL._AC_UY218_.jpg,2026-01-30 22:44:19,2026-02-02 19:51:18
1202,Amazon,B0CDKDS8KL,"Microsoft Surface Laptop Go 3 (2023) - 12.4"" Touchscreen, Thin & Lightweight, Intel Core i5, 8GB RAM, 256GB SSD SSD, with Windows 11, Platinum Color M",0.00,0.00,3.80,4423,No featured offers available,Electronics,{},https://m.media-amazon.com/images/I/61GqSlHr41L._AC_UY218_.jpg,2026-01-30 22:44:19,2026-02-02 19:51:18
1203,Amazon,B0DT7QHR3F,"ASUS Vivobook 16 Laptop, 16"" WUXGA 60Hz Display, Intel Core i5-13420H, Iris Xᵉ Graphics, 16GB Memory, 512GB Storage, Windows 11, Cool Silver, F1605VA-",0.00,0.00,4.40,10591,300+ bought in past month,Electronics,{},https://m.media-amazon.com/images/I/71H08DfcnPL._AC_UY218_.jpg,2026-01-30 22:44:19,2026-02-02 19:51:18
1204,Amazon,B0G58SWJGD,"Laptop Computer, Pentium Gold 6500Y (Up to 3.4GHz), 8GB RAM 256GB SSD, 14-inch IPS FHD Display, Type-C, HDMI, USB3.2, BT5.2, WiFi 5, Long Battery Life",151.00,189.54,4.70,28141,List:,Electronics,{},https://m.media-amazon.com/images/I/61kQCsp-PCL._AC_UY218_.jpg,2026-01-30 22:44:22,2026-02-02 19:51:18
1205,Amazon,B0G3QLYN52,"14"" FHD Laptop Computers, Laptop with Gold 6500Y (Up to 3.4GHz), 16GB RAM, 512GB SSD, Type-C, HDMI, USB 3.2, WiFi, Bluetooth, Long Battery Life, Thin",179.00,210.48,4.00,32655,50+ bought in past month,Electronics,{},https://m.media-amazon.com/images/I/611sCsW+n9L._AC_UY218_.jpg,2026-01-30 22:44:22,2026-02-02 19:51:18
1206,Amazon,B0C3RNRB8W,"HP 17 Laptop, 17.3” HD+ Display, 11th Gen Intel Core i3-1125G4 Processor, 32GB RAM, 1TB SSD, Wi-Fi, HDMI, Webcam, Windows 11 Home, Silver",0.00,0.00,4.70,19386,50+ bought in past month,Electronics,{},https://m.media-amazon.com/images/I/71kKQIGhFYL._AC_UY218_.jpg,2026-01-30 22:44:22,2026-02-02 19:51:18
1207,Amazon,B0CVM9WLCW,"HP 14 inch Laptop, FHD Display, 13th Generation Intel Core i7-1355U, 16 GB RAM, 512 GB SSD, Intel Iris Xe Graphics, Windows 11 Home, 14-ep0199nr (2024",471.00,555.58,4.70,13677,More Buying Choices,Electronics,{},https://m.media-amazon.com/images/I/71tAFyfhMvL._AC_UY218_.jpg,2026-01-30 22:44:22,2026-02-02 19:51:18
1208,Amazon,B0DJB25PF7,"msi Thin 15 15.6” 144Hz FHD Gaming Laptop: Intel Core i7-13620H, NVIDIA Geforce RTX 4050, 16GB DDR4, 512GB NVMe SSD, WiFi 6E, Win 11: Black B13VE-2678",0.00,0.00,4.20,35007,100+ bought in past month,Electronics,{},https://m.media-amazon.com/images/I/71MfZpnDWRL._AC_UY218_.jpg,2026-01-30 22:44:22,2026-02-02 19:51:18
1209,Amazon,B0CWJB9ZC6,"ASUS Vivobook Go 15.6” Slim Laptop, AMD Ryzen 5 7520U, 8GB, 512GB, Windows 11 Home, Cool Silver, Military Grade Durability, Fast Charging, Webcam Shie",312.00,348.24,3.30,1540,200+ bought in past month,Electronics,{},https://m.media-amazon.com/images/I/71Os2Kn40pL._AC_UY218_.jpg,2026-01-30 22:44:22,2026-02-02 19:51:18
1210,Amazon,B0FR8FSWSM,"Dell 16 Laptop DC16251-16.0-inch 16:10 FHD+ Display, Intel Core 7 150U, 16GB DDR5 RAM, 1TB SSD, Intel Graphics, Windows 11 Home, Onsite Service - Plat",0.00,0.00,3.60,10719,500+ bought in past month,Electronics,{},https://m.media-amazon.com/images/I/713D-2c8SpL._AC_UY218_.jpg,2026-01-30 22:44:22,2026-02-02 19:51:18
1211,Amazon,B0FLDPQHGN,"HP 17-CN500 2025 Business Laptop 17.3"" FHD IPS 12-Core Intel Ultra 7 255U 16GB DDR5 1TB SSD Intel Graphics Wi-Fi 6 Backlit Keyboard Win11 Pro w/ONT 32",0.00,0.00,3.90,16527,No featured offers available,Electronics,{},https://m.media-amazon.com/images/I/61LdecwlWYL._AC_UY218_.jpg,2026-01-30 22:44:22,2026-02-02 19:51:18
1212,Amazon,B0FFQG56LC,"ASUS Vivobook 18 Laptop, 18” WUXGA 144Hz Display, AMD Ryzen 7 260 with XDNA NPU, AMD Radeon Graphics, 32GB RAM, 1TB SSD, Quiet Blue, M1807HA-DB79",0.00,0.00,3.80,26284,No featured offers available,Electronics,{},https://m.media-amazon.com/images/I/61qbdWp0AgL._AC_UY218_.jpg,2026-01-30 22:44:22,2026-02-02 19:51:18
1213,Amazon,B0F2HG7Z1G,"Lenovo IdeaPad 1 Everyday Laptop, 14"" HD Display, 8GB RAM, 384GB Storage(128GB eMMC + 256GB PCIe), 1 Yr Office 365 Included, Intel Core Processor, Win",0.00,0.00,4.00,2419,100+ bought in past month,Electronics,{},https://m.media-amazon.com/images/I/71PMGePvChL._AC_UY218_.jpg,2026-01-30 22:44:22,2026-02-02 19:51:18
1214,Amazon,B0FZ9THFGK,"GEEKOM GeekBook X14 Pro Laptop, 2.2lbs Ultra Thin 14"" 2.8K OLED Laptop Computer, Ultra 9 185H, 32GB LPDDR5x 7500MHz RAM 2TB SSD, Up to 16 Hour, 2X USB",907.00,1173.38,4.30,25035,List Price:,Electronics,{},https://m.media-amazon.com/images/I/7127awbpXBL._AC_UY218_.jpg,2026-01-30 22:44:22,2026-02-02 19:51:18
1215,Amazon,B0FXM493GN,"15.6 Inch Laptop 16GB RAM 512GB SSD, Gold Pentium Processor (Up to 3.4GHz), Expandable to 1TB, IPS FHD Display, 38WH, USB3.2, Type-C, HDMI, WiFi 5, Wi",188.00,208.34,4.70,19028,List:,Electronics,{},https://m.media-amazon.com/images/I/71cWFXKUIPL._AC_UY218_.jpg,2026-01-30 22:44:22,2026-02-02 19:51:18
1216,Amazon,B0FGQRCZL3,"Dell Inspiron 3530 Laptop - 15.6-inch FHD (1920x1080) Display, Intel Core i3-1305U Processor, 8GB DDR4 RAM, 512GB SSD, Intel UHD Graphics, Windows 11",0.00,0.00,4.90,25644,100+ bought in past month,Electronics,{},https://m.media-amazon.com/images/I/71iIEPk5qOL._AC_UY218_.jpg,2026-01-30 22:44:22,2026-02-02 19:51:18
1217,Amazon,B0FW74PB1T,"Lenovo ThinkPad E14 Gen 6 14"" FHD+ Display, Intel Ultra 5-125U, 16GB DDR5 RAM, 512GB SSD PCIe, Backlit Keyboard, WiFi 6E + BT, RJ-45, FHD Webcam, Wind",544.00,688.59,4.00,37715,50+ bought in past month,Electronics,{},https://m.media-amazon.com/images/I/71e4PIpif0L._AC_UY218_.jpg,2026-01-30 22:44:22,2026-02-02 19:51:18
1218,Amazon,B0FFJ16XQ9,"ASUS ROG Strix G16 (2025) Gaming Laptop, 16” FHD+ 16:10 165Hz/3ms, NVIDIA® GeForce RTX™ 5050, Intel® Core™ i5-13450HX, 16GB DDR5-5600, 1TB PCIe Gen 4",966.00,1136.40,3.20,10796,50+ bought in past month,Electronics,{},https://m.media-amazon.com/images/I/61LlFyN+B3L._AC_UY218_.jpg,2026-01-30 22:44:22,2026-02-02 19:51:18
1234,Amazon,AMZ_SAMPLE_13_0,Samsung electric guitar Model 1,1361.70,1384.72,4.60,5612,Samsung Store,Electronics,{},https://via.placeholder.com/150?text=Samsung,2026-01-30 22:44:59,2026-02-02 19:51:18
1235,Amazon,AMZ_SAMPLE_13_1,Dell electric guitar Model 2,367.90,303.89,3.70,11576,Dell Store,Electronics,{},https://via.placeholder.com/150?text=Dell,2026-01-30 22:44:59,2026-02-02 19:51:18
1236,Amazon,AMZ_SAMPLE_13_2,Lenovo electric guitar Model 3,836.86,477.94,3.90,38805,Lenovo Store,Electronics,{},https://via.placeholder.com/150?text=Lenovo,2026-01-30 22:44:59,2026-02-02 19:51:18
1237,Amazon,AMZ_SAMPLE_13_3,HP electric guitar Model 4,1641.33,2389.13,4.30,10823,HP Store,Electronics,{},https://via.placeholder.com/150?text=HP,2026-01-30 22:44:59,2026-02-02 19:51:18
1238,Amazon,AMZ_SAMPLE_13_4,Apple electric guitar Model 5,1400.49,1095.31,4.10,18556,Apple Store,Electronics,{},https://via.placeholder.com/150?text=Apple,2026-01-30 22:44:59,2026-02-02 19:51:18
1239,jd,UNKNOWN_3660,华为耳机型号5,0.00,0.00,0.00,0,,General,{},,2026-01-30 22:59:06,2026-01-30 22:59:06
1328,JD.com,JD_SAMPLE_12_0,小米手表型号1,6060.00,7272.00,4.40,86695,小米官方旗舰店,手表,"{""内存"": ""8GB"", ""品牌"": ""小米"", ""颜色"": ""蓝色""}",https://via.placeholder.com/150?text=小米,2026-01-30 22:45:01,2026-02-02 19:51:17
1329,JD.com,JD_SAMPLE_12_1,小米平板型号2,7836.00,9403.00,4.40,40782,小米官方旗舰店,平板,"{""内存"": ""16GB"", ""品牌"": ""小米"", ""颜色"": ""黑色""}",https://via.placeholder.com/150?text=小米,2026-01-30 22:45:01,2026-02-02 19:51:17
1330,JD.com,JD_SAMPLE_12_2,华为手机型号3,5494.00,6592.00,3.90,47867,华为官方旗舰店,手机,"{""内存"": ""12GB"", ""品牌"": ""华为"", ""颜色"": ""白色""}",https://via.placeholder.com/150?text=华为,2026-01-30 22:45:01,2026-02-02 19:51:17
1331,JD.com,JD_SAMPLE_12_3,华为耳机型号4,1520.00,1824.00,5.00,46451,华为官方旗舰店,耳机,"{""内存"": ""12GB"", ""品牌"": ""华为"", ""颜色"": ""黑色""}",https://via.placeholder.com/150?text=华为,2026-01-30 22:45:01,2026-02-02 19:51:17
1332,JD.com,JD_SAMPLE_12_4,华为笔记本型号5,5311.00,6373.00,4.90,31866,华为官方旗舰店,笔记本,"{""内存"": ""16GB"", ""品牌"": ""华为"", ""颜色"": ""白色""}",https://via.placeholder.com/150?text=华为,2026-01-30 22:45:01,2026-02-02 19:51:17
1333,JD.com,JD_SAMPLE_12_5,小米平板型号6,8619.00,10342.00,4.10,57813,小米官方旗舰店,平板,"{""内存"": ""12GB"", ""品牌"": ""小米"", ""颜色"": ""白色""}",https://via.placeholder.com/150?text=小米,2026-01-30 22:45:01,2026-02-02 19:51:17
1334,JD.com,JD_SAMPLE_12_6,联想笔记本型号7,7116.00,8539.00,4.80,64760,联想官方旗舰店,笔记本,"{""内存"": ""16GB"", ""品牌"": ""联想"", ""颜色"": ""白色""}",https://via.placeholder.com/150?text=联想,2026-01-30 22:45:01,2026-02-02 19:51:17
1335,JD.com,JD_SAMPLE_12_7,苹果耳机型号8,6160.00,7392.00,4.30,68687,苹果官方旗舰店,耳机,"{""内存"": ""12GB"", ""品牌"": ""苹果"", ""颜色"": ""白色""}",https://via.placeholder.com/150?text=苹果,2026-01-30 22:45:01,2026-02-02 19:51:17
1336,JD.com,JD_SAMPLE_13_0,三星平板型号1,2340.00,2808.00,4.90,49022,三星官方旗舰店,平板,"{""内存"": ""8GB"", ""品牌"": ""三星"", ""颜色"": ""白色""}",https://via.placeholder.com/150?text=三星,2026-01-30 22:45:01,2026-02-02 19:51:17
1337,JD.com,JD_SAMPLE_13_1,联想平板型号2,2882.00,3458.00,4.50,36486,联想官方旗舰店,平板,"{""内存"": ""16GB"", ""品牌"": ""联想"", ""颜色"": ""黑色""}",https://via.placeholder.com/150?text=联想,2026-01-30 22:45:01,2026-02-02 19:51:17
1338,JD.com,JD_SAMPLE_13_2,戴尔手表型号3,9205.00,11046.00,4.40,82906,戴尔官方旗舰店,手表,"{""内存"": ""8GB"", ""品牌"": ""戴尔"", ""颜色"": ""蓝色""}",https://via.placeholder.com/150?text=戴尔,2026-01-30 22:45:01,2026-02-02 19:51:17
1339,JD.com,JD_SAMPLE_13_3,三星手表型号4,7384.00,8860.00,3.90,94527,三星官方旗舰店,手表,"{""内存"": ""16GB"", ""品牌"": ""三星"", ""颜色"": ""白色""}",https://via.placeholder.com/150?text=三星,2026-01-30 22:45:01,2026-02-02 19:51:17
1340,JD.com,JD_SAMPLE_13_4,三星笔记本型号5,2018.00,2421.00,4.10,47923,三星官方旗舰店,笔记本,"{""内存"": ""12GB"", ""品牌"": ""三星"", ""颜色"": ""蓝色""}",https://via.placeholder.com/150?text=三星,2026-01-30 22:45:01,2026-02-02 19:51:17
1341,JD.com,JD_SAMPLE_13_5,华为手表型号6,5969.00,7162.00,5.00,46941,华为官方旗舰店,手表,"{""内存"": ""8GB"", ""品牌"": ""华为"", ""颜色"": ""黑色""}",https://via.placeholder.com/150?text=华为,2026-01-30 22:45:01,2026-02-02 19:51:17
1342,JD.com,JD_SAMPLE_13_6,联想手机型号7,3868.00,4641.00,4.50,89677,联想官方旗舰店,手机,"{""内存"": ""12GB"", ""品牌"": ""联想"", ""颜色"": ""蓝色""}",https://via.placeholder.com/150?text=联想,2026-01-30 22:45:01,2026-02-02 19:51:17
1343,JD.com,JD_SAMPLE_13_7,戴尔手机型号8,4101.00,4921.00,4.10,75062,戴尔官方旗舰店,手机,"{""内存"": ""12GB"", ""品牌"": ""戴尔"", ""颜色"": ""白色""}",https://via.placeholder.com/150?text=戴尔,2026-01-30 22:45:01,2026-02-02 19:51:18
1619,jd,JD_SAMPLE_12_5,小米平板型号6,8619.00,10342.00,4.10,57813,小米官方旗舰店,平板,"{""内存"": ""12GB"", ""品牌"": ""小米"", ""颜色"": ""白色""}",https://via.placeholder.com/150?text=小米,2026-01-30 22:45:01,2026-02-02 19:51:19
1620,jd,JD_SAMPLE_12_6,联想笔记本型号7,7116.00,8539.00,4.80,64760,联想官方旗舰店,笔记本,"{""内存"": ""16GB"", ""品牌"": ""联想"", ""颜色"": ""白色""}",https://via.placeholder.com/150?text=联想,2026-01-30 22:45:01,2026-02-02 19:51:19
1621,jd,JD_SAMPLE_12_7,苹果耳机型号8,6160.00,7392.00,4.30,68687,苹果官方旗舰店,耳机,"{""内存"": ""12GB"", ""品牌"": ""苹果"", ""颜色"": ""白色""}",https://via.placeholder.com/150?text=苹果,2026-01-30 22:45:01,2026-02-02 19:51:19
1622,jd,JD_SAMPLE_13_0,三星平板型号1,2340.00,2808.00,4.90,49022,三星官方旗舰店,平板,"{""内存"": ""8GB"", ""品牌"": ""三星"", ""颜色"": ""白色""}",https://via.placeholder.com/150?text=三星,2026-01-30 22:45:01,2026-02-02 19:51:19
1623,jd,JD_SAMPLE_13_1,联想平板型号2,2882.00,3458.00,4.50,36486,联想官方旗舰店,平板,"{""内存"": ""16GB"", ""品牌"": ""联想"", ""颜色"": ""黑色""}",https://via.placeholder.com/150?text=联想,2026-01-30 22:45:01,2026-02-02 19:51:19
1624,jd,JD_SAMPLE_13_2,戴尔手表型号3,9205.00,11046.00,4.40,82906,戴尔官方旗舰店,手表,"{""内存"": ""8GB"", ""品牌"": ""戴尔"", ""颜色"": ""蓝色""}",https://via.placeholder.com/150?text=戴尔,2026-01-30 22:45:01,2026-02-02 19:51:19
1625,jd,JD_SAMPLE_13_3,三星手表型号4,7384.00,8860.00,3.90,94527,三星官方旗舰店,手表,"{""内存"": ""16GB"", ""品牌"": ""三星"", ""颜色"": ""白色""}",https://via.placeholder.com/150?text=三星,2026-01-30 22:45:01,2026-02-02 19:51:19
1626,jd,JD_SAMPLE_13_4,三星笔记本型号5,2018.00,2421.00,4.10,47923,三星官方旗舰店,笔记本,"{""内存"": ""12GB"", ""品牌"": ""三星"", ""颜色"": ""蓝色""}",https://via.placeholder.com/150?text=三星,2026-01-30 22:45:01,2026-02-02 19:51:19
1627,jd,JD_SAMPLE_13_5,华为手表型号6,5969.00,7162.00,5.00,46941,华为官方旗舰店,手表,"{""内存"": ""8GB"", ""品牌"": ""华为"", ""颜色"": ""黑色""}",https://via.placeholder.com/150?text=华为,2026-01-30 22:45:01,2026-02-02 19:51:19
1628,jd,JD_SAMPLE_13_6,联想手机型号7,3868.00,4641.00,4.50,89677,联想官方旗舰店,手机,"{""内存"": ""12GB"", ""品牌"": ""联想"", ""颜色"": ""蓝色""}",https://via.placeholder.com/150?text=联想,2026-01-30 22:45:01,2026-02-02 19:51:19
1629,jd,JD_SAMPLE_13_7,戴尔手机型号8,4101.00,4921.00,4.10,75062,戴尔官方旗舰店,手机,"{""内存"": ""12GB"", ""品牌"": ""戴尔"", ""颜色"": ""白色""}",https://via.placeholder.com/150?text=戴尔,2026-01-30 22:45:01,2026-02-02 19:51:19
1630,amazon,UNKNOWN_9420,Dell metal ring Model 5,0.00,0.00,0.00,0,,General,{},,2026-02-02 19:51:17,2026-02-02 19:51:16
1793,Amazon,B071HT85NV,Ibanez S521 OFM Ocean Fade Metallic S Standard Electric Guitar,0.00,0.00,4.70,10323,No featured offers available,Electronics,{},https://m.media-amazon.com/images/I/71qEkQonTXL._AC_UL320_.jpg,2026-02-02 19:49:41,2026-02-02 19:51:18
1794,Amazon,B091BKCTK6,"Squier Affinity Series Stratocaster Electric Guitar, with 2-Year Warranty, Black, Maple Fingerboard",0.00,0.00,4.80,36969,No featured offers available,Electronics,{},https://m.media-amazon.com/images/I/616JR6Hw7-L._AC_UL320_.jpg,2026-02-02 19:49:41,2026-02-02 19:51:18
1795,Amazon,B07N29M92M,"Fender Mustang LT25 Guitar Amp, 25-Watt Combo Amp, with 2-Year Warranty, 30 Preset Effects with USB Audio Interface for Recording",216.00,276.67,4.60,22345,1K+ bought in past month,Electronics,{},https://m.media-amazon.com/images/I/91ldyxsaJcL._AC_UL320_.jpg,2026-02-02 19:49:41,2026-02-02 19:51:18
1796,Amazon,B084GT8KKY,Gretsch G5222 Electromatic DoubleJet BT with V-Stoptail Electric Guitar - Natural,0.00,0.00,4.20,30722,No featured offers available,Electronics,{},https://m.media-amazon.com/images/I/7174X3z1yAL._AC_UL320_.jpg,2026-02-02 19:49:41,2026-02-02 19:51:18
1797,Amazon,B00GOE82N8,"Yamaha TRBX174 DBM Agathis Body, Electric Bass Guitar, 4-String, Dark Blue Metallic",0.00,0.00,4.70,3777,No featured offers available,Electronics,{},https://m.media-amazon.com/images/I/61-aRH72DNL._AC_UL320_.jpg,2026-02-02 19:49:41,2026-02-02 19:51:18
1798,Amazon,B004B8JDBY,Ibanez Artcore AF75 Hollowbody - Transparent Red Sunburst,0.00,0.00,3.30,31323,No featured offers available,Electronics,{},https://m.media-amazon.com/images/I/51SaoqRLI4L._AC_UL320_.jpg,2026-02-02 19:49:41,2026-02-02 19:51:18
1799,Amazon,B0C6FNCJJN,Gretsch G2420 Streamliner Hollowbody Electric Guitar with Chromatic II Tailpiece - Green,0.00,0.00,4.90,45284,No featured offers available,Electronics,{},https://m.media-amazon.com/images/I/41e2F0C37xL._AC_UL320_.jpg,2026-02-02 19:49:41,2026-02-02 19:51:18
1800,Amazon,B093FH15XT,Ibanez Standard S561 Electric Guitar - Sea Foam Green Matte,0.00,0.00,4.40,29325,No featured offers available,Electronics,{},https://m.media-amazon.com/images/I/61ulnpSe9PL._AC_UL320_.jpg,2026-02-02 19:49:41,2026-02-02 19:51:18
1801,Amazon,B084RD8338,Ibanez Iron Label RGIB21 Electric Guitar - Black,0.00,0.00,3.30,48490,No featured offers available,Electronics,{},https://m.media-amazon.com/images/I/51BrTN1FPYL._AC_UL320_.jpg,2026-02-02 19:49:41,2026-02-02 19:51:18
1802,Amazon,B01LYNWT7D,"Play It Loud: An Epic History of the Style, Sound, and Revolution of the Electric Guitar",0.00,0.00,4.70,23927,Other formats:,Electronics,{},https://m.media-amazon.com/images/I/71LGFcF3ADL._AC_UL320_.jpg,2026-02-02 19:49:41,2026-02-02 19:51:18
1803,Amazon,B0C6FKBM7B,Gretsch G2420T Streamliner Hollowbody Electric Guitar with Bigsby - Brandywine,0.00,0.00,3.20,6001,No featured offers available,Electronics,{},https://m.media-amazon.com/images/I/61j9TamLVjL._AC_UL320_.jpg,2026-02-02 19:49:41,2026-02-02 19:51:18
1804,Amazon,B0CYQW3PJW,Fender x Loog Telecaster kids electric guitar 3 strings beginner set (Black),291.00,325.00,3.40,23084,Amazon,Electronics,{},https://m.media-amazon.com/images/I/61tN9Y-1A7L._AC_UL320_.jpg,2026-02-02 19:49:41,2026-02-02 19:51:18
1805,Amazon,B09C3512MB,"Dean MDX Electric Guitar, Quilt Maple, Trans Blue Burst, MDX QM TBB",0.00,0.00,3.10,38033,No featured offers available,Electronics,{},https://m.media-amazon.com/images/I/61jdGook7KL._AC_UL320_.jpg,2026-02-02 19:49:41,2026-02-02 19:51:18
1806,Amazon,B0D3QT3JHP,"Gretsch G5220 Electromatic Jet BT Single-Cut 6-String Right-Handed Electric Guitar with Chambered Mahogany Body, V-Stoptail, and Laurel Fingerboard (S",0.00,0.00,4.90,42139,No featured offers available,Electronics,{},https://m.media-amazon.com/images/I/61b9ppr6njL._AC_UL320_.jpg,2026-02-02 19:49:41,2026-02-02 19:51:18
1807,Amazon,B0DKK431NG,Gretsch Limited-edition Paisley Penguin Electric Guitar - Gold Paisley,0.00,0.00,4.20,14589,No featured offers available,Electronics,{},https://m.media-amazon.com/images/I/71LpSrGAU4L._AC_UL320_.jpg,2026-02-02 19:49:41,2026-02-02 19:51:18
1808,Amazon,B0DFMPSY5H,"Pearl Jam Full Band Complete x6 Signed Autograph Full Size Electric Guitar with PSA/DNA Authentication PSA COA - Signed by Jeff Ament, Matt Cameron, B",31807.00,40292.85,4.80,47353,Amazon,Electronics,{},https://m.media-amazon.com/images/I/61vqVpcf85L._AC_UL320_.jpg,2026-02-02 19:49:45,2026-02-02 19:51:18
1809,Amazon,B0BQN84TNC,Jackson X Series Soloist SL3X DX Electric Guitar - Lambo Orange,0.00,0.00,3.40,42345,No featured offers available,Electronics,{},https://m.media-amazon.com/images/I/51Ney1PQgOL._AC_UL320_.jpg,2026-02-02 19:49:45,2026-02-02 19:51:18
1810,Amazon,B0D3QTXWCB,Gretsch G5232T Electromatic Double Jet FT 6-String Right-Handed Electric Guitar with Chambered Mahogany Body and Laurel Fingerboard (Caicos Green),0.00,0.00,4.10,29272,No featured offers available,Electronics,{},https://m.media-amazon.com/images/I/61jmaSiue1L._AC_UL320_.jpg,2026-02-02 19:49:45,2026-02-02 19:51:18
1811,Amazon,B005RA3D5C,"Angel Lopez EC3000CBK Electric Solid Body Classical Guitar with Cutaway,Black",0.00,0.00,4.30,5264,No featured offers available,Electronics,{},https://m.media-amazon.com/images/I/511PZ1rSB8L._AC_UL320_.jpg,2026-02-02 19:49:45,2026-02-02 19:51:18
1812,Amazon,B08LPX4TL6,Loog Mini Electric kids Guitar for Beginners built-in Amp Ages 3+ Learning App and Lessons Included Red,240.00,293.97,3.50,4019,Amazon,Electronics,{},https://m.media-amazon.com/images/I/71iVxj3pyUL._AC_UL320_.jpg,2026-02-02 19:49:45,2026-02-02 19:51:18
1813,Amazon,B07CXGQKVQ,"Fender Player Telecaster SS Electric Guitar, 3-Color Sunburst, Maple Fingerboard, Left-Handed",0.00,0.00,3.20,33232,No featured offers available,Electronics,{},https://m.media-amazon.com/images/I/61QFAjM334L._AC_UL320_.jpg,2026-02-02 19:49:45,2026-02-02 19:51:18
1814,Amazon,B0D3QTZ4RN,Gretsch G2655 Streamliner Center Block Jr. Double-Cut Electric Guitar - Steel Olive,0.00,0.00,4.60,19124,No featured offers available,Electronics,{},https://m.media-amazon.com/images/I/61rQBBaCAtL._AC_UL320_.jpg,2026-02-02 19:49:45,2026-02-02 19:51:18
1815,Amazon,B08FR5XVHF,"Stagg 6 String Solid-Body Electric Guitar, Left, Brilliant Black, Full (SES-30 LH BK)",0.00,0.00,4.80,22010,Shop products from small business brands sold in A,Electronics,{},https://m.media-amazon.com/images/I/51RtJohcjrL._AC_UL320_.jpg,2026-02-02 19:49:45,2026-02-02 19:51:18
1816,Amazon,B0D3QTKM17,Gretsch G2420T Streamliner Hollowbody Electric Guitar with Bigsby - Fairlane Blue,0.00,0.00,4.60,31300,No featured offers available,Electronics,{},https://m.media-amazon.com/images/I/61C2w4YuefL._AC_UL320_.jpg,2026-02-02 19:49:45,2026-02-02 19:51:18
1817,Amazon,B0038RSNWO,Gretsch G5700 Electromatic Lap Steel with White Plastic Fretboard - Tobacco,483.00,573.76,4.80,9670,Amazon,Electronics,{},https://m.media-amazon.com/images/I/618A+7RASVL._AC_UL320_.jpg,2026-02-02 19:49:45,2026-02-02 19:51:18
1818,Amazon,B0C6FKGTBQ,Gretsch G2655T Streamliner Center Block Jr. Double-Cut Electric Guitar - Brandywine,0.00,0.00,4.80,35784,No featured offers available,Electronics,{},https://m.media-amazon.com/images/I/71hrHDVx01L._AC_UL320_.jpg,2026-02-02 19:49:45,2026-02-02 19:51:18
1819,Amazon,B0G7LWX2VH,"Fender Loog Stratocaster 3-String Electric Guitar for Kids, Beginner Guitar, Includes Chord Flash Cards, Learning App, Educational Booklet, Picks, and",292.00,326.16,4.80,12256,Amazon,Electronics,{},https://m.media-amazon.com/images/I/61lr1A72FvL._AC_UL320_.jpg,2026-02-02 19:49:45,2026-02-02 19:51:18
1820,Amazon,B0CN1LTZ9P,Gretsch Jim Dandy Deltoluxe Dreadnought Acoustic-electric Guitar - Black,0.00,0.00,3.40,44577,No featured offers available,Electronics,{},https://m.media-amazon.com/images/I/51KSq46clML._AC_UL320_.jpg,2026-02-02 19:49:45,2026-02-02 19:51:18
1821,Amazon,B0FPGFMBQB,"Washburn G12FCE Comfort Series Grand Auditorium Cutaway Acoustic Electric Guitar, Sunburst",0.00,0.00,4.40,31320,No featured offers available,Electronics,{},https://m.media-amazon.com/images/I/71aK2GlDEVL._AC_UL320_.jpg,2026-02-02 19:49:45,2026-02-02 19:51:18
1822,Amazon,B07N2YJ98L,"Fender American Acoustasonic Telecaster Acoustic Electric Guitar, with 2-Year Warranty, Black, Ebony Fingerboard, with Gig Bag",0.00,0.00,4.10,17192,No featured offers available,Electronics,{},https://m.media-amazon.com/images/I/41LanGtKRHL._AC_UL320_.jpg,2026-02-02 19:49:45,2026-02-02 19:51:18
1823,Amazon,B0DS3WYKDF,Ibanez AE160 Acoustic-electric Guitar - Vintage Mahogany Sunburst,0.00,0.00,3.90,48381,No featured offers available,Electronics,{},https://m.media-amazon.com/images/I/71BQWxepmjL._AC_UL320_.jpg,2026-02-02 19:49:47,2026-02-02 19:51:18
1824,Amazon,B0849YR8KN,Ibanez AEG50N Acoustic-Electric Guitar - Black High Gloss,0.00,0.00,4.20,46046,No featured offers available,Electronics,{},https://m.media-amazon.com/images/I/51kvcfti8rL._AC_UL320_.jpg,2026-02-02 19:49:47,2026-02-02 19:51:18
1825,Amazon,B074VZ12MJ,Washburn Comfort G25SCE Grand Auditorium Cutaway Acoustic Electric Guitar (WCG25SCE-O),0.00,0.00,3.60,4371,Shop products from small business brands sold in A,Electronics,{},https://m.media-amazon.com/images/I/41N94vHzGzL._AC_UL320_.jpg,2026-02-02 19:49:47,2026-02-02 19:51:18
1826,Amazon,B0D95RVB7D,"Fesley 39"" Electric Guitar Camouflage+ 10 W Mini Guitar Amp",0.00,0.00,3.80,38971,No featured offers available,Electronics,{},https://m.media-amazon.com/images/I/71nuOeL6S8L._AC_UL320_.jpg,2026-02-02 19:49:47,2026-02-02 19:51:18
1827,Amazon,B091DB3VRM,"Ibanez AEG220 Okoume Acoustic-Electric Guitar, Natural Low Gloss",0.00,0.00,4.90,5046,No featured offers available,Electronics,{},https://m.media-amazon.com/images/I/51NiSuE1N8L._AC_UL320_.jpg,2026-02-02 19:49:47,2026-02-02 19:51:18
1828,Amazon,B078WYGGHS,"Yamaha APX600 NA Thin Body Acoustic-Electric Guitar, Natural",0.00,0.00,3.90,9831,No featured offers available,Electronics,{},https://m.media-amazon.com/images/I/71fwvQ4xKCL._AC_UL320_.jpg,2026-02-02 19:49:47,2026-02-02 19:51:18
1829,Amazon,B08WYCMWNJ,Ibanez Altstar ALT20 Acoustic-Electric Guitar - Weathered Black,0.00,0.00,4.60,47915,No featured offers available,Electronics,{},https://m.media-amazon.com/images/I/51-AxWVJDsL._AC_UL320_.jpg,2026-02-02 19:49:47,2026-02-02 19:51:18
1830,Amazon,B083Z64ZS5,Ibanez AEG50 Acoustic-Electric Guitar - Dark Honey Burst High Gloss,0.00,0.00,3.50,14957,No featured offers available,Electronics,{},https://m.media-amazon.com/images/I/613FdiNeTuL._AC_UL320_.jpg,2026-02-02 19:49:47,2026-02-02 19:51:18
1831,Amazon,B09PHVSHG6,Ibanez AAD50CE Advanced Acoustic-electric Guitar - Natural,0.00,0.00,4.80,29479,No featured offers available,Electronics,{},https://m.media-amazon.com/images/I/61DvwozTiKL._AC_UL320_.jpg,2026-02-02 19:49:47,2026-02-02 19:51:18
1832,Amazon,B07FYWPVC4,"Fender CD-140SCE 12-String Dreadnought Cutaway Acoustic Electric Guitar with 2-Year Warranty, Fishman Pickup and Preamp System, Natural, with Case",0.00,0.00,3.60,31124,No featured offers available,Electronics,{},https://m.media-amazon.com/images/I/617UThVXmdL._AC_UL320_.jpg,2026-02-02 19:49:47,2026-02-02 19:51:18
1833,Amazon,B0DW99TJVK,"Donner DMT-66 39 Inch Full Size Electric Guitar for Beginner with Bag, Purplish Black and Donner Mini Guitar Amp Small Electric Guitar Amplifier 5W Po",0.00,0.00,3.80,49137,No featured offers available,Electronics,{},https://m.media-amazon.com/images/I/51kfDFxganL._AC_UL320_.jpg,2026-02-02 19:49:47,2026-02-02 19:51:18
1834,Amazon,B09GLCCJTN,Washburn EA55G-A Festival Series Cutaway Mini Jumbo Acoustic/Electric Guitar. Koa Burst,0.00,0.00,3.30,23235,No featured offers available,Electronics,{},https://m.media-amazon.com/images/I/71OJwrDWfuL._AC_UL320_.jpg,2026-02-02 19:49:47,2026-02-02 19:51:18
1835,Amazon,B0D6GD7T56,Donner 39 Inch Left-Handed Electric Guitar-Giant Metal Distortion Pedal,0.00,0.00,3.20,4960,No featured offers available,Electronics,{},https://m.media-amazon.com/images/I/71jCU4f2pYL._AC_UL320_.jpg,2026-02-02 19:49:47,2026-02-02 19:51:18
1836,Amazon,B01BPK7PGU,"Yamaha APXT2EW 3/4-Size Acoustic-Electric Guitar with Gig Bag, Figured Natural",0.00,0.00,4.50,21917,No featured offers available,Electronics,{},https://m.media-amazon.com/images/I/71Q7bittznL._AC_UL320_.jpg,2026-02-02 19:49:47,2026-02-02 19:51:18
1837,Amazon,B004PJICP2,"Dean EQA Exotica Quilt Ash Acoustic-Electric Guitar, Gloss Natural",0.00,0.00,4.70,5977,No featured offers available,Electronics,{},https://m.media-amazon.com/images/I/71wx6K615lL._AC_UL320_.jpg,2026-02-02 19:49:50,2026-02-02 19:51:18
1838,Amazon,B01DW6A6CK,"Yamaha FGX820C Solid Top Cutaway Acoustic-Electric Guitar, Natural",0.00,0.00,4.40,43229,No featured offers available,Electronics,{},https://m.media-amazon.com/images/I/61X2PrME9kL._AC_UL320_.jpg,2026-02-02 19:49:50,2026-02-02 19:51:18
1839,Amazon,B01BI339QO,"Gretsch G6122T-62GE Vintage Select Country Gentleman - Walnut Stain, Bigsby",0.00,0.00,3.80,47287,No featured offers available,Electronics,{},https://m.media-amazon.com/images/I/61SBynAL4pL._AC_UL320_.jpg,2026-02-02 19:49:50,2026-02-02 19:51:18
1840,Amazon,B0CVRVMGPV,"Positive Grid Spark Link Wireless Guitar System for Electric, Acoustic, Bass & More",151.00,189.23,4.60,37241,200+ bought in past month,Electronics,{},https://m.media-amazon.com/images/I/61nF5Y8tilL._AC_UL320_.jpg,2026-02-02 19:49:50,2026-02-02 19:51:18
1841,Amazon,B00DV9HENS,"Orange Crush 12 12W 6"" Guitar Amplifier and Speaker Combo, Orange",151.00,194.87,4.30,34763,100+ bought in past month,Electronics,{},https://m.media-amazon.com/images/I/91mwLFZ0HwL._AC_UL320_.jpg,2026-02-02 19:49:50,2026-02-02 19:51:18
1842,Amazon,B08PPR137P,Ibanez PCBE14MH Acoustic-electric Bass - Weathered Black,0.00,0.00,4.80,16766,No featured offers available,Electronics,{},https://m.media-amazon.com/images/I/718KE14gzTL._AC_UL320_.jpg,2026-02-02 19:49:50,2026-02-02 19:51:18
1843,Amazon,B0CBCZMHPP,"Newporter Player, Walnut Fingerboard, White Pickguard, Surf Green",0.00,0.00,4.30,46106,No featured offers available,Electronics,{},https://m.media-amazon.com/images/I/61JPfe7m78L._AC_UL320_.jpg,2026-02-02 19:49:50,2026-02-02 19:51:18
1844,Amazon,B01CXCH3S4,Electric Guitar: Gear - A Complete Beginner's Guide To Understanding Guitar Effects And The Gear Used For Electric Guitar Playing & How To Master Your,3.00,3.87,4.70,22935,Print List Price:,Electronics,{},https://m.media-amazon.com/images/I/910IN38BqcL._AC_UL320_.jpg,2026-02-02 19:49:50,2026-02-02 19:51:18
1845,Amazon,B088FXFBNZ,"Fender Redondo Player Acoustic Guitar, with 2-Year Warranty, Natural, Walnut Fingerboard",0.00,0.00,4.80,19367,No featured offers available,Electronics,{},https://m.media-amazon.com/images/I/619ZbqF8dsL._AC_UL320_.jpg,2026-02-02 19:49:50,2026-02-02 19:51:18
1846,Amazon,B0CBD3CKJP,"Redondo Player, Walnut Fingerboard, White Pickguard, Candy Apple Red",0.00,0.00,4.20,46483,No featured offers available,Electronics,{},https://m.media-amazon.com/images/I/61H8boDJXYL._AC_UL320_.jpg,2026-02-02 19:49:50,2026-02-02 19:51:18
1847,Amazon,B00B28HDH2,"Fender Acoustasonic Guitar Amp for Acoustic Guitar, 15 Watts, with 2-Year Warranty 6 Inch Speaker, Dual Front-Panel inputs, 11.5Hx11.19Wx7.13D Inches,",201.00,248.35,4.20,8228,100+ bought in past month,Electronics,{},https://m.media-amazon.com/images/I/81a5eeU795L._AC_UL320_.jpg,2026-02-02 19:49:50,2026-02-02 19:51:18
1848,Amazon,B074MKYKP6,Fender Frontman 10G Guitar Combo Amplifier - Black Bundle with Cable and Austin Bazaar Exclusive 12-Pack Picks,152.00,173.42,3.80,17456,50+ bought in past month,Electronics,{},https://m.media-amazon.com/images/I/81ofIMyhoNL._AC_UL320_.jpg,2026-02-02 19:49:50,2026-02-02 19:51:18
1849,Amazon,B00SG3Q6T2,"Orange Crush 20 20W 8"" 2-Channel Guitar Amplifier and Speaker Combo, Orange",227.00,293.95,4.40,31862,50+ bought in past month,Electronics,{},https://m.media-amazon.com/images/I/91Bmx1Gu6cL._AC_UL320_.jpg,2026-02-02 19:49:50,2026-02-02 19:51:18
1850,Amazon,B0FS7CBLBD,"Positive Grid Spark NEO Core Wired Smart Guitar Headphone Amp with Custom Audio Drivers, Noise-Isolation, Bluetooth Streaming & Smart App with AI Feat",202.00,256.70,3.70,21568,100+ bought in past month,Electronics,{},https://m.media-amazon.com/images/I/71zTLxiCuvL._AC_UL320_.jpg,2026-02-02 19:49:50,2026-02-02 19:51:18
1856,Amazon,B08DR4Q584,"Electric Acoustic Guitar 3/4 Size - 36 Inch Acoustic Electric Guitar Cutaway Acustica Guitarra Bundle for Beginners and Students, Spruce Top, Guitarra",190.00,233.36,4.30,24655,List:,Electronics,{},https://m.media-amazon.com/images/I/71eCqDKkpEL._AC_UL320_.jpg,2026-02-02 19:50:01,2026-02-02 19:51:18
1857,Amazon,B0D2LNH3VF,"Fender Player II Stratocaster, Rosewood Fingerboard, Coral Red",0.00,0.00,4.00,24980,No featured offers available,Electronics,{},https://m.media-amazon.com/images/I/61z4N2CFAeL._AC_UL320_.jpg,2026-02-02 19:50:01,2026-02-02 19:51:18
1858,Amazon,B076GLYS7N,Guitar TAB Beethoven Violin Concerto On Electric Guitar: Violic Guitar Play the Famouse Violin Concerto On Electric Guitar (Japanese Edition),37.00,42.87,4.90,24128,Japanese Edition,Electronics,{},https://m.media-amazon.com/images/I/61pkyRM6J3L._AC_UL320_.jpg,2026-02-02 19:50:01,2026-02-02 19:51:18
1859,Amazon,B0065KP702,"Boss DS-1 Distortion Bundle with Gearlux Power Supply, Instrument Cable, Patch Cable, Picks, and Austin Bazaar Polishing Cloth",114.00,129.54,4.10,21402,100+ bought in past month,Electronics,{},https://m.media-amazon.com/images/I/71uUCYAWhOL._AC_UL320_.jpg,2026-02-02 19:50:01,2026-02-02 19:51:18
1860,Amazon,B08FQQBNCZ,"Stagg 6 String Solid-Body Electric Guitar, Right, Black, 3/4 (SES-30 BK",0.00,0.00,4.60,31983,Shop products from small business brands sold in A,Electronics,{},https://m.media-amazon.com/images/I/51Guyb-N2RL._AC_UL320_.jpg,2026-02-02 19:50:01,2026-02-02 19:51:18
1861,Amazon,B09ZXDCNLJ,"BOB WEIR & ROBERT HUNTER SIGNED AUTOGRAPH TELECASTER ELECTRIC GUITAR W/ PSA DNA AUTHENTICATION - DEAD FOUNDING MEMBERS W/ JERRY GARCIA, BILL KREUTZMAN",19084.00,24470.35,3.20,20935,Amazon,Electronics,{},https://m.media-amazon.com/images/I/519sWlDKokL._AC_UL320_.jpg,2026-02-02 19:50:01,2026-02-02 19:51:18
1862,Amazon,B01MQWEF3B,"EMG Super 77 Retro Active Electric Guitar Humbucker Pickup Set, Zebra",265.00,313.08,3.20,29067,More Buying Choices,Electronics,{},https://m.media-amazon.com/images/I/714+dnd8vpL._AC_UL320_.jpg,2026-02-02 19:50:01,2026-02-02 19:51:18
1863,Amazon,1957835060,The Best Guitar Book for Beginners: Electric Guitar 1: How to Play Your Favorite Songs and Guitar Solos Right Now,46.00,56.83,4.00,2005,List:,Electronics,{},https://m.media-amazon.com/images/I/61+iDclExnL._AC_UL320_.jpg,2026-02-02 19:50:01,2026-02-02 19:51:18
1864,Amazon,B003AYKJK4,Fender Gretsch Synchro-Sonic Chrome Adjustable Bridge with Base Electric Guitar Bridge,0.00,0.00,3.10,24481,No featured offers available,Electronics,{},https://m.media-amazon.com/images/I/61Zqy3C-I5L._AC_UL320_.jpg,2026-02-02 19:50:01,2026-02-02 19:51:18
1865,Amazon,B0DQ89SSXF,"Leo Jaymz 15W Portable Electric Guitar Amp with BT, Rechargeable Battery, Built-in Effects Reverb, Overdrive, EQ, Woodgrain Finish, and 6.35mm Headpho",115.00,129.50,3.80,24983,Amazon,Electronics,{},https://m.media-amazon.com/images/I/91p4DSM2FVL._AC_UL320_.jpg,2026-02-02 19:50:01,2026-02-02 19:51:18
1866,Amazon,B00I5R1URW,Gretsch G5022CWFE Rancher Falcon Jumbo Cutaway Acoustic-Electric Guitar - White,0.00,0.00,4.30,23696,No featured offers available,Electronics,{},https://m.media-amazon.com/images/I/71xPtigAbSL._AC_UL320_.jpg,2026-02-02 19:50:01,2026-02-02 19:51:18
1867,Amazon,B074KGZ9Z7,"Fender FCT-2 Professional Multi-Instrument Clip-On Tuner for Guitar, Bass, Ukulele, and Violin",30.00,36.60,3.80,8948,7K+ bought in past month,Electronics,{},https://m.media-amazon.com/images/I/61NgfOpbBCL._AC_UL320_.jpg,2026-02-02 19:50:01,2026-02-02 19:51:18
1868,Amazon,B0D93WH36P,"Donner Electric Guitar Amp 20W, DEA-20 Guitar Amplifier with Reverb Effects, Practice Amp with Convenient Clean&Overdrive Switch for Portable",101.00,127.53,3.20,33423,List Price:,Electronics,{},https://m.media-amazon.com/images/I/91dgdJMY3hL._AC_UL320_.jpg,2026-02-02 19:50:01,2026-02-02 19:51:18
1869,Amazon,B0012E0U7Q,"Gator Cases Deluxe Wood Case for Standard Electric Guitars, Fits Fender Stratocaster/Telecaster, Tweed (GW-ELECTRIC-TW)",0.00,0.00,4.30,12998,No featured offers available,Electronics,{},https://m.media-amazon.com/images/I/71K6UDaeSfL._AC_UL320_.jpg,2026-02-02 19:50:01,2026-02-02 19:51:18
1870,Amazon,B0CLVSK84T,Ibanez Talman Bass Standard 5-string - Cosmic Blue Starburst,0.00,0.00,3.90,5221,No featured offers available,Electronics,{},https://m.media-amazon.com/images/I/71lkzMEageL._AC_UL320_.jpg,2026-02-02 19:50:01,2026-02-02 19:51:18
1871,Amazon,B0DDXWRK7R,"MOOER Ocean Machine II Premium Dual Delay, Reverb and Looper Pedal Professional Ambient Pedal for Multiple Instruments, Guitar, Bass, Keyboards",380.00,451.90,3.00,29566,Amazon,Electronics,{},https://m.media-amazon.com/images/I/710SDrnghjL._AC_UL320_.jpg,2026-02-02 19:50:03,2026-02-02 19:51:18
1872,Amazon,B0F942N9R7,"Natasha Carbon Fiber Acoustic Guitar, Cosmic Black",254.00,316.62,4.10,11344,Amazon,Electronics,{},https://m.media-amazon.com/images/I/61DyWgg9KsL._AC_UL320_.jpg,2026-02-02 19:50:06,2026-02-02 19:51:18
1873,Amazon,UNKNOWN_3222,Need help?,0.00,0.00,5.00,7770,Amazon,Electronics,{},,2026-02-02 19:50:09,2026-02-02 19:51:17
1874,Amazon,B09JXXMDYB,HyVibe Installation Kit for Acoustic Guitar (Requires Professional Installation) (HyV/H1),0.00,0.00,4.20,34004,Amazon,Electronics,{},https://m.media-amazon.com/images/I/61ebfOa4PVL._AC_UL320_.jpg,2026-02-02 19:50:11,2026-02-02 19:51:18
1875,Amazon,B0BHQS8D1R,GTRS W800 Professional Electric Guitar Kit with Intelligent Process System Guitar Simulations Effects Drum Looper Metronome Support App Control for Re,1016.00,1214.79,4.60,19399,Amazon,Electronics,{},https://m.media-amazon.com/images/I/51LIdCmlA-L._AC_UL320_.jpg,2026-02-02 19:50:11,2026-02-02 19:51:18
1876,Amazon,B0FV37T665,"AKLOT Strayloom 12-String Electric Guitar: Humbucker Pickups, Okoume Neck, Jatoba Fingerboard, Fully Adjustable Hybrid Bridge, Electric Guitar Kit wit",381.00,429.15,3.20,9305,New on Amazon in past month,Electronics,{},https://m.media-amazon.com/images/I/71jFzieFSbL._AC_UL320_.jpg,2026-02-02 19:50:11,2026-02-02 19:51:18
1877,Amazon,B0CYKXSBQ3,"AeroBand Guitar Smart Guitar With Silicone Strings, Travel Silent Guitar With Detachable Fretboard, Headphone Jack, Built-in Speaker and Drum system,",520.00,649.24,4.90,28433,Amazon,Electronics,{},https://m.media-amazon.com/images/I/613h1DwCg+L._AC_UL320_.jpg,2026-02-02 19:50:11,2026-02-02 19:51:18
1878,Amazon,B0F7L84DX9,"Leo Jaymz Electric Guitar, 6-String, Maple Neck, Headless Design, Right-Handed (Transparent Green​ - Flame)",216.00,260.01,3.20,7821,Amazon,Electronics,{},https://m.media-amazon.com/images/I/61wCxQZSHcL._AC_UL320_.jpg,2026-02-02 19:50:11,2026-02-02 19:51:18
1879,Amazon,B0FTNNHZKS,"Kids Music Electric Guitar Multi-Functional with Light, DJ Turntable for an Immersive Playing Experience. Toy Guitar for Toddler Ages 3-5 4-6 5-7,a Ki",0.00,0.00,3.30,4799,Amazon,Electronics,{},https://m.media-amazon.com/images/I/710HsAnKyxL._AC_UL320_.jpg,2026-02-02 19:50:11,2026-02-02 19:51:18
1880,Amazon,B0DLGBGPT4,"AeroBand Guitar Smart Guitar With Silicone Strings, Travel Silent Guitar With Detachable Fretboard, Headphone Jack, Built-in Speaker and Drum system,",571.00,667.85,4.40,46336,100+ bought in past month,Electronics,{},https://m.media-amazon.com/images/I/61mNlALpbFL._AC_UL320_.jpg,2026-02-02 19:50:11,2026-02-02 19:51:18
1881,Amazon,B01AW87Y7Q,Axe Heaven KH-291 Kirk Hammet Mummy Mini Guitar,50.00,59.10,4.60,2555,Amazon,Electronics,{},https://m.media-amazon.com/images/I/71TGJuUsOtL._AC_UL320_.jpg,2026-02-02 19:50:11,2026-02-02 19:51:18
1882,Amazon,B0FVVNRQGJ,"Lap Steel Guitar, Slide Steel Guitar Electric, 6 Strings Slotted Head Stock Guitars with Gig Bag & Slide Bar (Sunburst Color)",241.00,277.17,4.60,28033,List Price:,Electronics,{},https://m.media-amazon.com/images/I/71vKdcyuHaL._AC_UL320_.jpg,2026-02-02 19:50:11,2026-02-02 19:51:18
1883,Amazon,B0FPFN6W69,electric guitars green color 36'' short scale 3/4 size mini guitars all people suitable for practice play travel music show and party solid phoenix bo,114.00,131.17,3.50,37358,Amazon,Electronics,{},https://m.media-amazon.com/images/I/510R2h3n0vL._AC_UL320_.jpg,2026-02-02 19:50:11,2026-02-02 19:51:18
1884,Amazon,B0DT4WLLSY,EG-1 Mod-X Electric Hybrid Travel Guitar w/Deluxe Gig Bag,636.00,720.61,3.40,48256,Amazon,Electronics,{},https://m.media-amazon.com/images/I/71rrpv+H-TL._AC_UL320_.jpg,2026-02-02 19:50:11,2026-02-02 19:51:18
1885,Amazon,B0G6L4CZGY,Jamstik Core MIDI Guitar (Midnight Black),889.00,1085.57,4.70,13417,Amazon,Electronics,{},https://m.media-amazon.com/images/I/61pu3ploeCL._AC_UL320_.jpg,2026-02-02 19:50:11,2026-02-02 19:51:18
1896,jd,UNKNOWN_6713,华为耳机型号5,0.00,0.00,0.00,0,,General,{},,2026-02-02 19:51:18,2026-02-02 19:51:17
2248,amazon,UNKNOWN_1434,Need help?,0.00,0.00,5.00,7770,Amazon,Electronics,{},,2026-02-02 19:50:09,2026-02-02 19:51:18
